#
# A fatal error has been detected by the Java Runtime Environment:
#
#  EXCEPTION_ACCESS_VIOLATION (0xc0000005) at pc=0x00007ffe0bccb5c6, pid=26060, tid=19336
#
# JRE version: OpenJDK Runtime Environment Temurin-21.0.5+11 (21.0.5+11) (build 21.0.5+11-LTS)
# Java VM: OpenJDK 64-Bit Server VM Temurin-21.0.5+11 (21.0.5+11-LTS, mixed mode, sharing, tiered, compressed oops, compressed class ptrs, g1 gc, windows-amd64)
# Problematic frame:
# C  [awt.dll+0xdb5c6]
#
# No core dump will be written. Minidumps are not enabled by default on client versions of Windows
#
# If you would like to submit a bug report, please visit:
#   https://github.com/adoptium/adoptium-support/issues
# The crash happened outside the Java Virtual Machine in native code.
# See problematic frame for where to report the bug.
#

---------------  S U M M A R Y ------------

Command Line: -Dsun.awt.fontconfig=C:\Program Files\Tracker\fontconfig.properties -Xms32m -Xmx1024m C:/Program Files/Tracker/tracker.jar C:\Users\Diego\OneDrive - Stellenbosch University\Masters\Robotics\Kalman Filter\Real Video.trk

Host: 11th Gen Intel(R) Core(TM) i5-1135G7 @ 2.40GHz, 8 cores, 15G,  Windows 11 , 64 bit Build 26100 (10.0.26100.8246)
Time: Tue Apr 21 06:13:29 2026 South Africa Standard Time elapsed time: 55247.340386 seconds (0d 15h 20m 47s)

---------------  T H R E A D  ---------------

Current thread (0x000002085d5deb30):  JavaThread "AWT-EventQueue-0"        [_thread_in_native, id=19336, stack(0x00000035a5d00000,0x00000035a5e00000) (1024K)]

Stack: [0x00000035a5d00000,0x00000035a5e00000],  sp=0x00000035a5dfee50,  free space=1019k
Native frames: (J=compiled Java code, j=interpreted, Vv=VM code, C=native code)
C  [awt.dll+0xdb5c6]

Java frames: (J=compiled Java code, j=interpreted, Vv=VM code)
j  sun.awt.Win32GraphicsDevice.initNativeScale(I)V+0 java.desktop@21.0.5
j  sun.awt.Win32GraphicsDevice.initScaleFactors()V+60 java.desktop@21.0.5
j  sun.awt.Win32GraphicsDevice.displayChanged()V+16 java.desktop@21.0.5
j  sun.awt.Win32GraphicsEnvironment.displayChanged()V+271 java.desktop@21.0.5
j  sun.awt.windows.WToolkit.lambda$displayChanged$4()V+15 java.desktop@21.0.5
j  sun.awt.windows.WToolkit$$Lambda+0x00000208013e2b98.run()V+0 java.desktop@21.0.5
J 6336 c2 java.awt.EventQueue.dispatchEvent(Ljava/awt/AWTEvent;)V java.desktop@21.0.5 (80 bytes) @ 0x0000020851b87904 [0x0000020851b86ba0+0x0000000000000d64]
J 6339 c2 java.awt.EventDispatchThread.pumpOneEventForFilters(I)V java.desktop@21.0.5 (106 bytes) @ 0x0000020851c4231c [0x0000020851c41a00+0x000000000000091c]
j  java.awt.EventDispatchThread.pumpEventsForFilter(ILjava/awt/Conditional;Ljava/awt/EventFilter;)V+35 java.desktop@21.0.5
j  java.awt.EventDispatchThread.pumpEventsForHierarchy(ILjava/awt/Conditional;Ljava/awt/Component;)V+11 java.desktop@21.0.5
j  java.awt.EventDispatchThread.pumpEvents(ILjava/awt/Conditional;)V+4 java.desktop@21.0.5
j  java.awt.EventDispatchThread.pumpEvents(Ljava/awt/Conditional;)V+3 java.desktop@21.0.5
j  java.awt.EventDispatchThread.run()V+9 java.desktop@21.0.5
v  ~StubRoutines::call_stub 0x00000208515010e7

siginfo: EXCEPTION_ACCESS_VIOLATION (0xc0000005), reading address 0xffffffffffffffff


Registers:
RAX=0x3fd999999999999a, RBX=0x0000020863c18730, RCX=0x3fd999999999999a, RDX=0x0000000000000000
RSP=0x00000035a5dfee50, RBP=0x00000035a5dfef30, RSI=0x0000000000000000, RDI=0x0000000000000000
R8 =0x0000000000000001, R9 =0x00000035a394c000, R10=0x000002085150cf1c, R11=0x0000000000000100
R12=0x0000000000000000, R13=0x000002085e4e14e0, R14=0x00000035a5dfef58, R15=0x000002085d5deb30
RIP=0x00007ffe0bccb5c6, EFLAGS=0x0000000000010206


Register to memory mapping:

RAX=0x3fd999999999999a is an unknown value
RBX=0x0000020863c18730 points into unknown readable memory: 0x000002086321f700 | 00 f7 21 63 08 02 00 00
RCX=0x3fd999999999999a is an unknown value
RDX=0x0 is null
RSP=0x00000035a5dfee50 is pointing into the stack for thread: 0x000002085d5deb30
RBP=0x00000035a5dfef30 is pointing into the stack for thread: 0x000002085d5deb30
RSI=0x0 is null
RDI=0x0 is null
R8 =0x0000000000000001 is an unknown value
R9 =0x00000035a394c000 points into unknown readable memory: 0x0000000000000000 | 00 00 00 00 00 00 00 00
R10=0x000002085150cf1c is at code_begin+1020 in an Interpreter codelet
native method entry point (kind = native)  [0x000002085150cb20, 0x000002085150d748]  3112 bytes
R11=0x0000000000000100 is an unknown value
R12=0x0 is null
R13={method} {0x000002085e4e14e8} 'initNativeScale' '(I)V' in 'sun/awt/Win32GraphicsDevice'
R14=0x00000035a5dfef58 is pointing into the stack for thread: 0x000002085d5deb30
R15=0x000002085d5deb30 is a thread

Top of Stack: (sp=0x00000035a5dfee50)
0x00000035a5dfee50:   0000020863c18730 00000208440c1c70
0x00000035a5dfee60:   000002085fb84690 0000020863c18730
0x00000035a5dfee70:   0000020863c18730 00007ffe0bccce02
0x00000035a5dfee80:   00007ffe0bd2a848 000002085e4e14e0
0x00000035a5dfee90:   00000208440a1340 000000000000000d
0x00000035a5dfeea0:   00000208515089d2 000002085150cf4b
0x00000035a5dfeeb0:   000002085e4e14e0 00007ffd55e5c2e8
0x00000035a5dfeec0:   000002085d5deb30 00000208515089d2
0x00000035a5dfeed0:   0000000000000000 00007ffd55ad1be9
0x00000035a5dfeee0:   00000035a5dff020 00000035a5dfeee8
0x00000035a5dfeef0:   0000000000000000 0000000000000005
0x00000035a5dfef00:   000002085e4e3788 0000000000000000
0x00000035a5dfef10:   00000000c0040998 000002085e4e14e0
0x00000035a5dfef20:   0000000000000000 00000035a5dfef50
0x00000035a5dfef30:   00000035a5dfefa8 0000020851508860
0x00000035a5dfef40:   0000000000000000 000002085150a3d7
0x00000035a5dfef50:   0000000000000000 00000000c0041070
0x00000035a5dfef60:   00000035a5dfef60 000002085e4e1acc
0x00000035a5dfef70:   0000000000000002 000002085e4e3788
0x00000035a5dfef80:   0000000000000000 00000000c0040998
0x00000035a5dfef90:   000002085e4e1af8 00000035a5dfef50
0x00000035a5dfefa0:   00000035a5dfefb8 00000035a5dff008
0x00000035a5dfefb0:   0000020851508860 00000000c0041070
0x00000035a5dfefc0:   00000035a5dfefc0 000002085e4e2f48
0x00000035a5dfefd0:   0000000000000003 000002085e4e3788
0x00000035a5dfefe0:   0000000000000000 00000000c0040998
0x00000035a5dfeff0:   000002085e4e2f68 00000035a5dfefb8
0x00000035a5dff000:   00000035a5dff020 00000035a5dff070
0x00000035a5dff010:   0000020851508860 0000000000000000
0x00000035a5dff020:   00000000c0041070 00000035a5dff028
0x00000035a5dff030:   000002085e2d4357 0000000000000008
0x00000035a5dff040:   000002085e2d7b10 0000000000000000 

Instructions: (pc=0x00007ffe0bccb5c6)
0x00007ffe0bccb4c6:   00 68 00 00 00 0f 11 44 24 34 0f 11 44 24 44 0f
0x00007ffe0bccb4d6:   11 44 24 54 0f 11 44 24 64 0f 11 44 24 74 0f 11
0x00007ffe0bccb4e6:   84 24 84 00 00 00 89 84 24 94 00 00 00 c7 44 24
0x00007ffe0bccb4f6:   30 68 00 00 00 48 8d 94 24 a0 00 00 00 48 8b cd
0x00007ffe0bccb506:   ff 15 bc 88 06 00 85 c0 74 40 48 8d 54 24 30 48
0x00007ffe0bccb516:   8b ce ff 15 aa 88 06 00 85 c0 74 2e 48 8d 54 24
0x00007ffe0bccb526:   34 48 8d 8c 24 a4 00 00 00 ff 15 db 83 06 00 85
0x00007ffe0bccb536:   c0 74 17 48 8d 54 24 44 48 8d 8c 24 b4 00 00 00
0x00007ffe0bccb546:   ff 15 c4 83 06 00 85 c0 75 11 ff c7 3b 7b 0c 0f
0x00007ffe0bccb556:   8c 15 ff ff ff 8b 3d 3f be 06 00 48 8b cb e8 a7
0x00007ffe0bccb566:   c9 f4 ff 90 8b c7 48 8b 8c 24 10 01 00 00 48 33
0x00007ffe0bccb576:   cc e8 54 02 01 00 4c 8d 9c 24 20 01 00 00 49 8b
0x00007ffe0bccb586:   5b 18 49 8b 6b 20 49 8b 73 28 49 8b e3 5f c3 cc
0x00007ffe0bccb596:   cc cc cc cc cc cc cc cc cc cc 48 8b 41 08 48 8b
0x00007ffe0bccb5a6:   80 18 0c 00 00 c3 cc cc cc cc 48 8b 41 08 48 05
0x00007ffe0bccb5b6:   00 04 00 00 c3 cc cc cc cc cc 40 53 48 83 ec 20
0x00007ffe0bccb5c6:   83 79 50 00 48 8b d9 75 56 48 8b 49 28 4c 8d 44
0x00007ffe0bccb5d6:   24 38 48 8d 54 24 30 c7 44 24 30 00 00 80 bf c7
0x00007ffe0bccb5e6:   44 24 38 00 00 80 bf e8 be e1 00 00 f3 0f 10 54
0x00007ffe0bccb5f6:   24 30 0f 57 c0 0f 2f d0 76 25 f3 0f 10 4c 24 38
0x00007ffe0bccb606:   0f 2f c8 76 1a f3 0f 5e 15 f9 a6 02 00 f3 0f 5e
0x00007ffe0bccb616:   0d f1 a6 02 00 f3 0f 11 53 48 f3 0f 11 4b 4c 48
0x00007ffe0bccb626:   83 c4 20 5b c3 cc cc cc cc cc 48 89 5c 24 10 48
0x00007ffe0bccb636:   89 74 24 18 48 89 7c 24 20 41 56 48 83 ec 40 48
0x00007ffe0bccb646:   8b d9 48 83 79 18 00 75 14 b9 28 04 00 00 e8 97
0x00007ffe0bccb656:   97 00 00 48 89 43 18 c7 00 28 00 00 00 48 8b 43
0x00007ffe0bccb666:   18 33 ff 66 89 78 0e 48 8b 4b 28 e8 5a 03 00 00
0x00007ffe0bccb676:   48 8b f0 ba 01 00 00 00 44 8b c2 48 8b c8 ff 15
0x00007ffe0bccb686:   a6 7f 06 00 4c 8b f0 89 7c 24 30 48 8b 4b 18 48
0x00007ffe0bccb696:   89 4c 24 28 48 89 7c 24 20 44 8d 4f 01 45 33 c0
0x00007ffe0bccb6a6:   48 8b d0 48 8b ce ff 15 5e 80 06 00 48 8b 53 30
0x00007ffe0bccb6b6:   48 8b 0b 83 79 04 08 0f 8e 01 02 00 00 f6 42 24 


Stack slot to memory mapping:

stack at sp + 0 slots: 0x0000020863c18730 points into unknown readable memory: 0x000002086321f700 | 00 f7 21 63 08 02 00 00
stack at sp + 1 slots: 0x00000208440c1c70 points into unknown readable memory: 0x0000000000000000 | 00 00 00 00 00 00 00 00
stack at sp + 2 slots: 0x000002085fb84690 is pointing into metadata
stack at sp + 3 slots: 0x0000020863c18730 points into unknown readable memory: 0x000002086321f700 | 00 f7 21 63 08 02 00 00
stack at sp + 4 slots: 0x0000020863c18730 points into unknown readable memory: 0x000002086321f700 | 00 f7 21 63 08 02 00 00
stack at sp + 5 slots: 0x00007ffe0bccce02 awt.dll
stack at sp + 6 slots: 0x00007ffe0bd2a848 awt.dll
stack at sp + 7 slots: {method} {0x000002085e4e14e8} 'initNativeScale' '(I)V' in 'sun/awt/Win32GraphicsDevice'


Compiled method (c2) 55247858 6336       4       java.awt.EventQueue::dispatchEvent (80 bytes)
 total in heap  [0x0000020851b86690,0x0000020851b8c5f0] = 24416
 relocation     [0x0000020851b867f0,0x0000020851b86b90] = 928
 main code      [0x0000020851b86ba0,0x0000020851b8a380] = 14304
 stub code      [0x0000020851b8a380,0x0000020851b8a420] = 160
 oops           [0x0000020851b8a420,0x0000020851b8a448] = 40
 metadata       [0x0000020851b8a448,0x0000020851b8a648] = 512
 scopes data    [0x0000020851b8a648,0x0000020851b8b930] = 4840
 scopes pcs     [0x0000020851b8b930,0x0000020851b8c0e0] = 1968
 dependencies   [0x0000020851b8c0e0,0x0000020851b8c128] = 72
 handler table  [0x0000020851b8c128,0x0000020851b8c560] = 1080
 nul chk table  [0x0000020851b8c560,0x0000020851b8c5f0] = 144

[Constant Pool (empty)]

[MachCode]
[Entry Point]
  # {method} {0x000002085e271848} 'dispatchEvent' '(Ljava/awt/AWTEvent;)V' in 'java/awt/EventQueue'
  # this:     rdx:rdx   = 'java/awt/EventQueue'
  # parm0:    r8:r8     = 'java/awt/AWTEvent'
  #           [sp+0x90]  (sp of caller)
  0x0000020851b86ba0: 448b 5208 | 49bb 0000 | 0000 0802 | 0000 4d03 | d349 3bc2 

  0x0000020851b86bb4: ;   {runtime_call ic_miss_stub}
  0x0000020851b86bb4: 0f85 c67d | 9cff 6690 | 0f1f 4000 
[Verified Entry Point]
  0x0000020851b86bc0: 8984 2400 | 80ff ff55 | 4881 ec80 | 0000 0090 | 4181 7f20 | a80d 0000 | 0f85 9137 | 0000 4889 
  0x0000020851b86be0: 5424 204c | 8944 2438 

  0x0000020851b86be8: ; implicit exception: dispatches to 0x0000020851b8a079
  0x0000020851b86be8: 458b 580c | 4489 5c24 | 4049 8b87 | b801 0000 | 4d8b 9780 | 0300 004c | 8bd8 4983 | c318 4d8b 
  0x0000020851b86c08: 124c 8954 | 2428 4d3b | 9fc8 0100 | 000f 8305 | 1800 004d | 899f b801 | 0000 410f | 0d8b c000 
  0x0000020851b86c28: 0000 48c7 | 0001 0000 

  0x0000020851b86c30: ;   {metadata('java/awt/EventQueue$4')}
  0x0000020851b86c30: 00c7 4008 | a882 1301 | 4c8b 5424 | 384d 8bda | 4489 580c | 448b 5424 | 4044 8950 | 104c 8b54 
  0x0000020851b86c50: 2420 4d8b | da44 8958 | 1448 8944 | 2448 6690 

  0x0000020851b86c60: ;   {static_call}
  0x0000020851b86c60: c5f8 77e8 

  0x0000020851b86c64: ; ImmutableOopMap {[32]=Oop [40]=Oop [56]=Oop [64]=NarrowOop [72]=Oop }
                      ;*invokestatic getStackAccessControlContext {reexecute=0 rethrow=0 return_oop=1}
                      ; - java.security.AccessController::getContext@0
                      ; - java.awt.EventQueue::dispatchEvent@16
  0x0000020851b86c64: f8b9 f7ff 

  0x0000020851b86c68: ;   {other}
  0x0000020851b86c68: 0f1f 8400 | d805 0000 | 488b d848 | 85c0 0f84 | 7516 0000 | 440f b650 | 0c45 85d2 | 752e 4889 
  0x0000020851b86c88: 4424 5090 

  0x0000020851b86c8c: ;   {static_call}
  0x0000020851b86c8c: c5f8 77e8 

  0x0000020851b86c90: ; ImmutableOopMap {[32]=Oop [40]=Oop [56]=Oop [64]=NarrowOop [72]=Oop [80]=Oop }
                      ;*invokestatic getInheritedAccessControlContext {reexecute=0 rethrow=0 return_oop=1}
                      ; - java.security.AccessControlContext::optimize@44
                      ; - java.security.AccessController::getContext@19
                      ; - java.awt.EventQueue::dispatchEvent@16
  0x0000020851b86c90: cccf f7ff 

  0x0000020851b86c94: ;   {other}
  0x0000020851b86c94: 0f1f 8400 | 0406 0001 | 4885 c074 | 380f b668 | 0f85 ed0f | 8527 2900 | 0048 8b5c | 2450 eb14 
  0x0000020851b86cb4: 448b 4014 

  0x0000020851b86cb8: ; implicit exception: dispatches to 0x0000020851b8a1a8
  0x0000020851b86cb8: 410f b668 | 0e85 ed0f | 85bb 2200 | 0049 8bc0 | 448b 5010 | 4585 d274 | 0f4d 8bda | 4533 c0eb 
  0x0000020851b86cd8: 1033 c048 | 8b5c 2450 | 4533 db41 | b801 0000 | 008b 4b10 | 4885 c00f | 8423 1700 | 0044 0fb6 
  0x0000020851b86cf8: 500e 4585 | d20f 8599 | 2000 008b | 6818 85ed | 0f85 6a21 | 0000 4c8b | c885 c90f | 84e4 0c00 
  0x0000020851b86d18: 004d 85db | 0f84 230e | 0000 448b | 510c 4183 | fa01 0f85 | 2116 0000 | 4585 d20f | 86a7 2100 
  0x0000020851b86d38: 0045 8b53 | 0c8b 7910 | 4585 d20f | 86e7 2100 | 0041 8b6b | 103b fd0f | 856c 2600 | 0049 8bd9 
  0x0000020851b86d58: 448b 5c24 | 4045 8b53 | 0849 bb00 | 0000 0008 | 0200 004d | 03da 4d8b 

  0x0000020851b86d70: ;   {metadata('java/awt/Component')}
  0x0000020851b86d70: 5b38 49b8 | 702d 0401 | 0802 0000 | 4d3b d80f | 859b 0c00 | 0044 8b54 | 2440 418b | 6a7c 85ed 
  0x0000020851b86d90: 0f84 2621 | 0000 458b | 5a7c 4d8b | c34c 8b54 | 2438 418b | 6a1c 85ed | 0f84 aa20 | 0000 418b 
  0x0000020851b86db0: 721c 4d85 | c00f 84e9 | 0500 0049 | 8b87 b801 | 0000 4c8b | d049 83c2 | 284d 3b97 | c801 0000 
  0x0000020851b86dd0: 0f83 4e1b | 0000 4d89 | 97b8 0100 | 0041 0f0d | 8ac0 0000 | 0048 c700 | 0100 0000 | 4c8b d049 
  0x0000020851b86df0: ;   {metadata('java/security/AccessControlContext')}
  0x0000020851b86df0: 83c2 10c7 | 4008 8094 | 0200 4489 | 600c c5fd | efc0 41bb | 0700 0000 | c4c1 7892 | fb62 d1fe 
  0x0000020851b86e10: 2f7f 024c | 8be8 8b7b | 1841 c645 | 0d01 458b | 5810 4589 | 5d10 4d8b | d54d 8bc3 | 4c8b f74d 
  0x0000020851b86e30: 33c2 498b | ed49 c1e8 | 144d 85c0 | 741f 4585 | db74 1a49 | c1ea 0948 | b900 00f0 | 5808 0200 
  0x0000020851b86e50: 0049 03ca | 8039 020f | 8550 1300 | 0041 807f | 4000 0f85 | da12 0000 | 4189 7d18 | 4d8b d64d 
  0x0000020851b86e70: 8bdd 4d33 | d349 c1ea | 144d 85d2 | 741e 85ff | 741a 49c1 | eb09 48b9 | 0000 f058 | 0802 0000 
  0x0000020851b86e90: 4903 cb80 | 3902 0f85 | 6213 0000 | 498b 87b8 | 0100 004c | 8bd0 4983 | c228 4d3b | 97c8 0100 
  0x0000020851b86eb0: 000f 83a8 | 1a00 004d | 8997 b801 | 0000 410f | 0d8a c000 | 0000 48c7 | 0001 0000 | 004c 8bd0 
  0x0000020851b86ed0: 4983 c210 

  0x0000020851b86ed4: ;   {metadata('java/security/AccessControlContext')}
  0x0000020851b86ed4: c740 0880 | 9402 00c5 | fdef c041 | bb07 0000 | 00c4 c178 | 92fb 62d1 | fe2f 7f02 | c740 0c01 
  0x0000020851b86ef4: 0000 004c | 8bf0 4189 | 6e14 448b | 4b10 4589 | 4e10 410f | b66d 0e85 | ed0f 85e9 | 2200 0045 
  0x0000020851b86f14: 8b5d 1041 | 8b6d 1885 | ed0f 85fd | 2200 0045 | 85c9 0f84 | 5804 0000 | 4533 c045 | 85db 410f 
  0x0000020851b86f34: 94c0 4585 | db0f 8453 | 0d00 0041 | 8b49 0c83 | f901 0f85 | 1216 0000 | 85c9 0f86 | 0925 0000 
  0x0000020851b86f54: 458b 530c | 418b 4910 | 4585 d20f | 862b 2500 | 0041 8b6b | 103b cd0f | 8505 2900 | 004c 896c 
  0x0000020851b86f74: 2430 eb05 | 4c89 6c24 | 3089 7424 | 2048 8b54 | 2430 6690 

  0x0000020851b86f88: ;   {static_call}
  0x0000020851b86f88: c5f8 77e8 

  0x0000020851b86f8c: ; ImmutableOopMap {[32]=NarrowOop [48]=Oop [72]=Oop }
                      ;*invokestatic ensureMaterializedForStackWalk {reexecute=0 rethrow=0 return_oop=0}
                      ; - java.security.AccessController::executePrivileged@5
                      ; - java.security.AccessController::doPrivileged@13
                      ; - java.security.ProtectionDomain$JavaSecurityAccessImpl::doIntersectionPrivilege@18
                      ; - java.awt.EventQueue::dispatchEvent@73
  0x0000020851b86f8c: d0b6 f4ff 

  0x0000020851b86f90: ;   {other}
  0x0000020851b86f90: 0f1f 8400 | 0009 0002 

  0x0000020851b86f98: ;   {static_call}
  0x0000020851b86f98: c5f8 77e8 

  0x0000020851b86f9c: ; ImmutableOopMap {[32]=NarrowOop [48]=Oop [72]=Oop }
                      ;*invokestatic getStackAccessControlContext {reexecute=0 rethrow=0 return_oop=1}
                      ; - java.security.AccessController::getContext@0
                      ; - java.security.ProtectionDomain$JavaSecurityAccessImpl::doIntersectionPrivilege@2
                      ; - java.awt.EventQueue$5::run@11
                      ; - java.awt.EventQueue$5::run@1
                      ; - java.security.AccessController::executePrivileged@29
                      ; - java.security.AccessController::doPrivileged@13
                      ; - java.security.ProtectionDomain$JavaSecurityAccessImpl::doIntersectionPrivilege@18
                      ; - java.awt.EventQueue::dispatchEvent@73
  0x0000020851b86f9c: c0b6 f7ff 

  0x0000020851b86fa0: ;   {other}
  0x0000020851b86fa0: 0f1f 8400 | 1009 0003 | 4889 4424 | 3848 85c0 | 0f84 4815 | 0000 440f | b658 0c45 | 85db 7544 
  0x0000020851b86fc0: ;   {static_call}
  0x0000020851b86fc0: c5f8 77e8 

  0x0000020851b86fc4: ; ImmutableOopMap {[32]=NarrowOop [48]=Oop [56]=Oop [72]=Oop }
                      ;*invokestatic getInheritedAccessControlContext {reexecute=0 rethrow=0 return_oop=1}
                      ; - java.security.AccessControlContext::optimize@44
                      ; - java.security.AccessController::getContext@19
                      ; - java.security.ProtectionDomain$JavaSecurityAccessImpl::doIntersectionPrivilege@2
                      ; - java.awt.EventQueue$5::run@11
                      ; - java.awt.EventQueue$5::run@1
                      ; - java.security.AccessController::executePrivileged@29
                      ; - java.security.AccessController::doPrivileged@13
                      ; - java.security.ProtectionDomain$JavaSecurityAccessImpl::doIntersectionPrivilege@18
                      ; - java.awt.EventQueue::dispatchEvent@73
  0x0000020851b86fc4: b888 9cff 

  0x0000020851b86fc8: ;   {other}
  0x0000020851b86fc8: 0f1f 8400 | 3809 0004 | 4885 c074 | 530f b668 | 0f85 ed74 | 3bba 45ff | ffff 4c8b | 5424 304c 
  0x0000020851b86fe8: 8954 2428 | 4889 4424 | 4066 6690 

  0x0000020851b86ff4: ;   {runtime_call UncommonTrapBlob}
  0x0000020851b86ff4: c5f8 77e8 

  0x0000020851b86ff8: ; ImmutableOopMap {[32]=NarrowOop [40]=Oop [56]=Oop [64]=Oop [72]=Oop }
                      ;*ifeq {reexecute=1 rethrow=0 return_oop=0}
                      ; - (reexecute) java.security.AccessControlContext::optimize@56
                      ; - java.security.AccessController::getContext@19
                      ; - java.security.ProtectionDomain$JavaSecurityAccessImpl::doIntersectionPrivilege@2
                      ; - java.awt.EventQueue$5::run@11
                      ; - java.awt.EventQueue$5::run@1
                      ; - java.security.AccessController::executePrivileged@29
                      ; - java.security.AccessController::doPrivileged@13
                      ; - java.security.ProtectionDomain$JavaSecurityAccessImpl::doIntersectionPrivilege@18
                      ; - java.awt.EventQueue::dispatchEvent@73
  0x0000020851b86ff8: 040d 9dff 

  0x0000020851b86ffc: ;   {other}
  0x0000020851b86ffc: 0f1f 8400 | 6c09 0005 | 448b 5014 

  0x0000020851b87008: ; implicit exception: dispatches to 0x0000020851b8a1e0
  0x0000020851b87008: 410f b66a | 0e85 ed0f | 859b 2500 | 0049 8bc2 | 448b 5810 | 4585 db74 | 094d 8bcb | 33c9 eb0a 
  0x0000020851b87028: 33c0 4533 | c9b9 0100 | 0000 4c8b | 5424 3845 | 8b5a 1048 | 85c0 0f84 | fc16 0000 | 440f b640 
  0x0000020851b87048: 0e45 85c0 | 0f85 6221 | 0000 8b68 | 1885 ed0f | 853b 2200 | 0045 85db | 0f84 fa02 | 0000 4d85 
  0x0000020851b87068: c90f 8426 | 0d00 0045 | 8b53 0c41 | 83fa 010f | 8524 1600 | 0045 85d2 | 0f86 a224 | 0000 458b 
  0x0000020851b87088: 5b10 458b | 410c 4585 | c00f 86d5 | 2400 0041 | 8b69 1044 | 3bdd 0f85 | 4828 0000 | 488b d849 
  0x0000020851b870a8: 8b87 b801 | 0000 4c8b | d049 83c2 | 284d 3b97 | c801 0000 | 0f83 d918 | 0000 4d89 | 97b8 0100 
  0x0000020851b870c8: 0041 0f0d | 8ac0 0000 | 0048 c700 | 0100 0000 | 4c8b d049 

  0x0000020851b870dc: ;   {metadata('java/security/AccessControlContext')}
  0x0000020851b870dc: 83c2 10c7 | 4008 8094 | 0200 4489 | 600c c5fd | efc0 41bb | 0700 0000 | c4c1 7892 | fb62 d1fe 
  0x0000020851b870fc: 2f7f 0248 | 8944 2440 

  0x0000020851b87104: ; implicit exception: dispatches to 0x0000020851b8a178
  0x0000020851b87104: 8b7b 18c6 | 400d 0144 | 8b5c 2420 

  0x0000020851b87110: ; implicit exception: dispatches to 0x0000020851b8a190
  0x0000020851b87110: 458b 4310 | 4489 4010 | 4c8b d048 | 8be8 488b | f74d 8bd8 | 4d33 da49 | c1eb 144d | 85db 741f 
  0x0000020851b87130: 4585 c074 | 1a49 c1ea | 0948 b900 | 00f0 5808 | 0200 0049 | 03ca 8039 | 020f 8551 | 1100 0041 
  0x0000020851b87150: 807f 4000 | 0f85 1b10 | 0000 4c8b | 5424 4041 | 897a 184c | 8bd6 4c8b | 5c24 404d | 33d3 49c1 
  0x0000020851b87170: ea14 4d85 | d274 1e85 | ff74 1a49 | c1eb 0948 | b900 00f0 | 5808 0200 | 0049 03cb | 8039 020f 
  0x0000020851b87190: 85ba 1000 | 0049 8b87 | b801 0000 | 4c8b d049 | 83c2 284d | 3b97 c801 | 0000 0f83 | 1018 0000 
  0x0000020851b871b0: 4d89 97b8 | 0100 0041 | 0f0d 8ac0 | 0000 0048 | c700 0100 | 0000 4c8b | d049 83c2 

  0x0000020851b871cc: ;   {metadata('java/security/AccessControlContext')}
  0x0000020851b871cc: 10c7 4008 | 8094 0200 | c5fd efc0 | 41bb 0700 | 0000 c4c1 | 7892 fb62 | d1fe 2f7f | 02c7 400c 
  0x0000020851b871ec: 0100 0000 | 4889 4424 | 5889 6814 | 8b4b 1089 | 4810 4c8b | 5424 4041 | 0fb6 6a0e | 85ed 0f85 
  0x0000020851b8720c: 3820 0000 | 458b 5a10 | 418b 6a18 | 85ed 0f85 | 4820 0000 | 85c9 0f85 | 1107 0000 | 4585 db0f 
  0x0000020851b8722c: 855e 0700 | 0045 8b52 | 2445 85d2 | 0f84 5607 | 0000 458b | 420c 498b | da49 63f0 | 4181 f800 
  0x0000020851b8724c: 0004 000f | 874a 2b00 | 0049 8b97 | b801 0000 | 488d 0cb5 | 1700 0000 | 4c8b d949 | 83e3 f84c 
  0x0000020851b8726c: 8bca 4d03 | cb4d 3b8f | c801 0000 | 0f83 212b | 0000 4d89 | 8fb8 0100 | 0041 0f0d | 89c0 0000 
  0x0000020851b8728c: 0048 c702 | 0100 0000 | 410f 0d89 | 0001 0000 

  0x0000020851b8729c: ;   {metadata('java/security/ProtectionDomain'[])}
  0x0000020851b8729c: c742 08c0 | 5a00 0044 | 8942 0c41 | 0f0d 8940 | 0100 0048 | 8bfa 4883 | c710 410f | 0d89 8001 
  0x0000020851b872bc: 0000 48c1 | e903 4883 | c1fe 4833 | c048 83f9 | 087f 1048 | ffc9 7856 | 4889 04cf | 48ff c97d 
  0x0000020851b872dc: f7eb 4bc5 | fdef c0e9 | 0d00 0000 | c5fe 7f07 | c5fe 7f47 | 2048 83c7 | 4048 83e9 | 087d ed48 
  0x0000020851b872fc: 83c1 047c | 0cc5 fe7f | 0748 83c7 | 2048 83e9 | 0448 83c1 | 047e 1748 | c7c0 ffff | ffff c4e2 
  0x0000020851b8731c: f0f5 c0c4 | e1fb 92f8 | 62f1 fe2f | 7f07 488b | ea45 85c0 | 0f87 ed2c | 0000 ba45 | ffff ff4c 
  0x0000020851b8733c: 8b54 2430 | 4c89 5424 | 204c 8b54 | 2458 4c89 | 5424 3890 

  0x0000020851b87350: ;   {runtime_call UncommonTrapBlob}
  0x0000020851b87350: c5f8 77e8 

  0x0000020851b87354: ; ImmutableOopMap {rbp=Oop [32]=Oop [56]=Oop [72]=Oop [88]=Oop }
                      ;*ifnull {reexecute=1 rethrow=0 return_oop=0}
                      ; - (reexecute) java.security.AccessControlContext::calculateFields@45
                      ; - java.security.AccessControlContext::optimize@193
                      ; - java.security.ProtectionDomain$JavaSecurityAccessImpl::getCombinedACC@26
                      ; - java.security.ProtectionDomain$JavaSecurityAccessImpl::doIntersectionPrivilege@15
                      ; - java.security.ProtectionDomain$JavaSecurityAccessImpl::doIntersectionPrivilege@6
                      ; - java.awt.EventQueue$5::run@11
                      ; - java.awt.EventQueue$5::run@1
                      ; - java.security.AccessController::executePrivileged@29
                      ; - java.security.AccessController::doPrivileged@13
                      ; - java.security.ProtectionDomain$JavaSecurityAccessImpl::doIntersectionPrivilege@18
                      ; - java.awt.EventQueue::dispatchEvent@73
  0x0000020851b87354: a809 9dff 

  0x0000020851b87358: ;   {other}
  0x0000020851b87358: 0f1f 8400 | c80c 0006 | 85c9 0f84 | 3cfd ffff | 4885 c074 | 0d44 8b50 | 2445 85d2 | 0f85 9e18 
  0x0000020851b87378: 0000 488b | 4424 38e9 | 20fd ffff | 4585 db0f | 85eb fbff | ff45 8b5d | 2445 85db | 0f85 6e17 
  0x0000020851b87398: 0000 4c89 | 7424 30e9 | d9fb ffff | 498b 87b8 | 0100 004c | 8bd0 4983 | c228 4d3b | 97c8 0100 
  0x0000020851b873b8: 000f 83b9 | 1400 004d | 8997 b801 | 0000 4c8b | d849 83c3 | 1048 c700 | 0100 0000 | 410f 0d8a 
  0x0000020851b873d8: c000 0000 

  0x0000020851b873dc: ;   {metadata('java/security/AccessControlContext')}
  0x0000020851b873dc: c740 0880 | 9402 0044 | 8960 0cc5 | fdef c041 | b807 0000 | 00c4 c178 | 92f8 62d1 | fe2f 7f03 
  0x0000020851b873fc: 488b f844 | 8b6b 18c6 | 470d 0144 | 8b46 1044 | 8947 104c | 8bd7 488b | ef4d 8bd8 | 498b f54d 
  0x0000020851b8741c: 33da 49c1 | eb14 4d85 | db74 1f45 | 85c0 741a | 49c1 ea09 | 48b9 0000 | f058 0802 | 0000 4903 
  0x0000020851b8743c: ca80 3902 | 0f85 7e0a | 0000 4180 | 7f40 000f | 8540 0a00 | 0044 896f | 184c 8bd6 | 4c8b df4d 
  0x0000020851b8745c: 33d3 49c1 | ea14 4d85 | d274 1f45 | 85ed 741a | 49c1 eb09 | 48b9 0000 | f058 0802 | 0000 4903 
  0x0000020851b8747c: cb80 3902 | 0f85 9f0a | 0000 498b | 87b8 0100 | 004c 8bd0 | 4983 c228 | 4d3b 97c8 | 0100 000f 
  0x0000020851b8749c: 8312 1400 | 004d 8997 | b801 0000 | 410f 0d8a | c000 0000 | 48c7 0001 | 0000 004c | 8bd0 4983 
  0x0000020851b874bc: ;   {metadata('java/security/AccessControlContext')}
  0x0000020851b874bc: c210 c740 | 0880 9402 | 00c5 fdef | c041 bb07 | 0000 00c4 | c178 92fb | 62d1 fe2f | 7f02 c740 
  0x0000020851b874dc: 0c01 0000 | 0048 8bf0 | 896e 148b | 4b10 894e | 100f b66f | 0e85 ed0f | 85eb 1a00 | 0044 8b5f 
  0x0000020851b874fc: 108b 6f18 | 85ed 0f85 | fc1a 0000 | 85c9 0f84 | cd04 0000 | 4533 d245 | 85db 410f | 94c2 4585 
  0x0000020851b8751c: db0f 84ed | 0600 0044 | 8b41 0c41 | 83f8 010f | 852a 0f00 | 0045 85c0 | 0f86 921d | 0000 458b 
  0x0000020851b8753c: 430c 8b49 | 1045 85c0 | 0f86 b21d | 0000 418b | 6b10 3bcd | 0f85 1f21 | 0000 4889 | 7c24 30eb 
  0x0000020851b8755c: 0548 897c | 2430 488b | 5424 3090 

  0x0000020851b87568: ;   {static_call}
  0x0000020851b87568: c5f8 77e8 

  0x0000020851b8756c: ; ImmutableOopMap {[40]=Oop [48]=Oop [72]=Oop }
                      ;*invokestatic ensureMaterializedForStackWalk {reexecute=0 rethrow=0 return_oop=0}
                      ; - java.security.AccessController::executePrivileged@5
                      ; - java.security.AccessController::doPrivileged@13
                      ; - java.security.ProtectionDomain$JavaSecurityAccessImpl::doIntersectionPrivilege@18
                      ; - java.awt.EventQueue::dispatchEvent@46
  0x0000020851b8756c: f0b0 f4ff 

  0x0000020851b87570: ;   {other}
  0x0000020851b87570: 0f1f 8400 | e00e 0007 | 4c8b 4c24 | 4845 8b51 | 1441 8b6a | 4c85 ed0f | 85f7 1700 | 0045 8b41 
  0x0000020851b87590: 0c45 8b58 | 0841 c640 | 1601 498b 

  0x0000020851b8759c: ;   {metadata('java/awt/ActiveEvent')}
  0x0000020851b8759c: d048 b828 | 4513 0108 | 0200 0048 | be00 0000 | 0008 0200 | 0049 03f3 | 4c8b 6e50 | 488b 4e20 
  0x0000020851b875bc: 483b c80f | 8570 0400 | 0041 8b6a | 2c8b 4d08 

  0x0000020851b875cc: ;   {metadata('java/util/concurrent/locks/ReentrantLock')}
  0x0000020851b875cc: 81f9 10d6 | 1700 0f85 | 3818 0000 | 4c8b cd41 | 8b59 0c85 | db0f 8409 | 1800 004c | 896c 2450 
  0x0000020851b875ec: 4889 7424 | 4848 8954 | 2440 4489 | 5c24 3844 | 8944 2424 | 4489 5424 | 2033 c041 | ba01 0000 
  0x0000020851b8760c: 00f0 440f | b153 1041 | 0f94 c245 | 0fb6 d248 | 8bfb 448b | 4424 204d | 8bd8 4c89 | 5c24 5845 
  0x0000020851b8762c: 85d2 0f84 | eb07 0000 | 4180 7f40 | 000f 857f | 0a00 004c | 8bdf 4c8b | 5424 2844 | 8953 0c4c 
  0x0000020851b8764c: 8b54 2428 | 4d33 d349 | c1ea 144d | 85d2 741a | 49c1 eb09 | 48b9 0000 | f058 0802 | 0000 4903 
  0x0000020851b8766c: cb80 3902 | 0f85 7b0a 

  0x0000020851b87674: ;   {oop(a 'java/lang/Class'{0x00000000c01eebe8} = 'java/awt/EventQueue')}
  0x0000020851b87674: 0000 49ba | e8eb 1ec0 | 0000 0000 | 410f b6aa | ac00 0000 | 85ed 0f85 | 9819 0000 | 448b 4c24 
  0x0000020851b87694: 2041 8b69 | 344c 8bd5 | 4c8b 5c24 | 284d 3bda | 0f85 1e1a | 0000 498b | bfb8 0100 | 004c 8bd7 
  0x0000020851b876b4: 4983 c220 | 4d3b 97c8 | 0100 000f | 8338 1200 | 0041 8be9 | 4d89 97b8 | 0100 0041 | 0f0d 8ac0 
  0x0000020851b876d4: 0000 0048 | c707 0100 | 0000 4c8b | d749 83c2 

  0x0000020851b876e4: ;   {metadata('java/lang/ref/WeakReference')}
  0x0000020851b876e4: 10c7 4708 | 18da 0300 | 4489 670c | c5fd efc0 | 62d1 fe08 | 7f02 448b | 6c24 2444 | 896f 0c41 
  0x0000020851b87704: 807f 4000 | 0f85 9b08 

  0x0000020851b8770c: ;   {oop(a 'java/lang/ref/ReferenceQueue$Null'{0x00000000c036f468})}
  0x0000020851b8770c: 0000 c747 | 1068 f436 | c04c 8bd7 

  0x0000020851b87718: ;   {oop(a 'java/lang/ref/ReferenceQueue$Null'{0x00000000c036f468})}
  0x0000020851b87718: 488b df49 | bb68 f436 | c000 0000 | 004d 33da | 49c1 eb14 | 4d85 db74 | 1a49 c1ea | 0948 b900 
  0x0000020851b87738: 00f0 5808 | 0200 0049 | 03ca 8039 | 020f 8597 | 0800 00f0 | 8344 24c0 | 0041 807f | 4000 0f85 
  0x0000020851b87758: 1a08 0000 | 448b d589 | 5d40 4c8b | df4c 8b44 | 2458 4d33 | d849 c1eb | 144d 85db | 741b 49c1 
  0x0000020851b87778: e809 49b9 | 0000 f058 | 0802 0000 | 4d03 c841 | 8039 020f | 85a2 0800 | 004c 8b5c 

  0x0000020851b87794: ;   {metadata('java/awt/event/InputEvent')}
  0x0000020851b87794: 2450 49b8 | 8057 0701 | 0802 0000 | 4d3b d80f | 8553 0300 | 004c 8b5c | 2440 4d8b | 5b20 448b 
  0x0000020851b877b4: ;   {metadata('java/awt/event/KeyEvent')}
  0x0000020851b877b4: 4c24 3841 | 81f9 d0fb | 0a01 7504 | 4d89 5a18 | 418b 6a2c | 4d8b 4210 | 4d3b c34d | 0f4c c34d 
  0x0000020851b877d4: 8942 1044 

  0x0000020851b877d8: ;   {metadata('java/util/concurrent/locks/ReentrantLock')}
  0x0000020851b877d8: 8b5d 0841 | 81fb 10d6 | 1700 0f85 | 5416 0000 | 4c8b d541 | 8b72 0c44 | 8b56 108b | 6e0c 4c8b 
  0x0000020851b877f8: dd4c 8b44 | 2428 4d3b | d80f 85f5 | 1800 0041 | 8d7a ff41 | 83fa 010f | 8533 0600 | 0041 807f 
  0x0000020851b87818: 4000 0f85 | 6b08 0000 | 4489 660c | 41ba 0100 | 0000 897e | 10f0 8344 | 24c0 0045 | 85d2 0f84 
  0x0000020851b87838: 8800 0000 | 448b 5e14 | 4585 db74 | 7f45 8b4b | 1445 85c9 | 7476 458b | 510c 4585 | d274 6d41 
  0x0000020851b87858: 8b41 0c44 | 8bd8 4183 | e3fe f045 | 0fb1 590c | 400f 94c5 | 400f b6ed | 85ed 0f84 | 4823 0000 
  0x0000020851b87878: 418b 6918 

  0x0000020851b8787c: ; implicit exception: dispatches to 0x0000020851b8a240
  0x0000020851b8787c: 448b 5508 

  0x0000020851b87880: ;   {metadata('java/lang/BaseVirtualThread')}
  0x0000020851b87880: 49bb 1098 | 0200 0802 | 0000 49b8 | 0000 0000 | 0802 0000 | 4d03 c24d | 8b50 404d | 3bd3 0f84 
  0x0000020851b878a0: 5722 0000 

  0x0000020851b878a4: ;   {oop(a 'jdk/internal/misc/Unsafe'{0x00000000c0370cc0})}
  0x0000020851b878a4: 4c8b c548 | bac0 0c37 | c000 0000 | 0066 6690 

  0x0000020851b878b4: ;   {optimized virtual_call}
  0x0000020851b878b4: c5f8 77e8 

  0x0000020851b878b8: ; ImmutableOopMap {[48]=Oop [64]=Oop }
                      ;*invokevirtual unpark {reexecute=0 rethrow=0 return_oop=0}
                      ; - java.util.concurrent.locks.LockSupport::unpark@22
                      ; - java.util.concurrent.locks.AbstractQueuedSynchronizer::signalNext@30
                      ; - java.util.concurrent.locks.AbstractQueuedSynchronizer::release@12
                      ; - java.util.concurrent.locks.ReentrantLock::unlock@5
                      ; - java.awt.EventQueue::setCurrentEventAndMostRecentTimeImpl@168
                      ; - java.awt.EventQueue::dispatchEventImpl@14
                      ; - java.awt.EventQueue$4::run@32
                      ; - java.awt.EventQueue$4::run@1
                      ; - java.security.AccessController::executePrivileged@29
                      ; - java.security.AccessController::doPrivileged@13
                      ; - java.security.ProtectionDomain$JavaSecurityAccessImpl::doIntersectionPrivilege@18
                      ; - java.awt.EventQueue::dispatchEvent@46
  0x0000020851b878b8: c475 9cff 

  0x0000020851b878bc: ;   {other}
  0x0000020851b878bc: 0f1f 8400 | 2c12 0008 | 488b 5424 | 4044 8b52 

  0x0000020851b878cc: ;   {metadata('java/awt/event/InvocationEvent')}
  0x0000020851b878cc: 0841 81fa | 1847 1301 | 0f85 7605 | 0000 4889 | 5424 200f | b66a 2985 | ed0f 8541 | 1800 0044 
  0x0000020851b878ec: 8b5a 2c49 | 8bd3 c5f8 | 7748 b830 | 2829 6308 

  0x0000020851b878fc: ;   {virtual_call}
  0x0000020851b878fc: 0200 00e8 

  0x0000020851b87900: ; ImmutableOopMap {[32]=Oop [48]=Oop }
                      ;*invokeinterface run {reexecute=0 rethrow=0 return_oop=0}
                      ; - java.awt.event.InvocationEvent::dispatch@47
                      ; - java.awt.EventQueue::dispatchEventImpl@21
                      ; - java.awt.EventQueue$4::run@32
                      ; - java.awt.EventQueue$4::run@1
                      ; - java.security.AccessController::executePrivileged@29
                      ; - java.security.AccessController::doPrivileged@13
                      ; - java.security.ProtectionDomain$JavaSecurityAccessImpl::doIntersectionPrivilege@18
                      ; - java.awt.EventQueue::dispatchEvent@46
  0x0000020851b87900: 8cb0 aaff 

  0x0000020851b87904: ;   {other}
  0x0000020851b87904: 0f1f 8400 | 7412 0009 | 4c8b 5424 | 2041 c642 | 2801 f083 | 4424 c000 | 418b 6a30 | 85ed 0f85 
  0x0000020851b87924: 1c18 0000 | 418b 6a34 | 85ed 0f84 | 9000 0000 | e923 1800 | 0045 33d2 | 458b c345 | 85db 410f 
  0x0000020851b87944: 94c2 4585 | db0f 84db | 0300 0044 | 8b49 0c41 | 83f9 010f | 85a9 0c00 | 0045 85c9 | 0f86 5a1b 
  0x0000020851b87964: 0000 418b | 5b0c 448b | 5910 85db | 0f86 7e1b | 0000 418b | 6810 443b | dd0f 8525 | 1f00 004c 
  0x0000020851b87984: 8b54 2440 | 4c89 5424 | 58eb 054c | 8954 2458 | 488b 5424 | 5866 6690 

  0x0000020851b8799c: ;   {static_call}
  0x0000020851b8799c: c5f8 77e8 

  0x0000020851b879a0: ; ImmutableOopMap {[48]=Oop [72]=Oop [88]=Oop }
                      ;*invokestatic ensureMaterializedForStackWalk {reexecute=0 rethrow=0 return_oop=0}
                      ; - java.security.AccessController::executePrivileged@5
                      ; - java.security.AccessController::doPrivileged@13
                      ; - java.security.ProtectionDomain$JavaSecurityAccessImpl::doIntersectionPrivilege@18
                      ; - java.security.ProtectionDomain$JavaSecurityAccessImpl::doIntersectionPrivilege@6
                      ; - java.awt.EventQueue$5::run@11
                      ; - java.awt.EventQueue$5::run@1
                      ; - java.security.AccessController::executePrivileged@29
                      ; - java.security.AccessController::doPrivileged@13
                      ; - java.security.ProtectionDomain$JavaSecurityAccessImpl::doIntersectionPrivilege@18
                      ; - java.awt.EventQueue::dispatchEvent@73
  0x0000020851b879a0: bcac f4ff 

  0x0000020851b879a4: ;   {other}
  0x0000020851b879a4: 0f1f 8400 | 1413 000a | 488b 5424 | 4866 6690 

  0x0000020851b879b4: ;   {optimized virtual_call}
  0x0000020851b879b4: c5f8 77e8 

  0x0000020851b879b8: ; ImmutableOopMap {[48]=Oop [88]=Oop }
                      ;*invokeinterface run {reexecute=0 rethrow=0 return_oop=1}
                      ; - java.security.AccessController::executePrivileged@29
                      ; - java.security.AccessController::doPrivileged@13
                      ; - java.security.ProtectionDomain$JavaSecurityAccessImpl::doIntersectionPrivilege@18
                      ; - java.security.ProtectionDomain$JavaSecurityAccessImpl::doIntersectionPrivilege@6
                      ; - java.awt.EventQueue$5::run@11
                      ; - java.awt.EventQueue$5::run@1
                      ; - java.security.AccessController::executePrivileged@29
                      ; - java.security.AccessController::doPrivileged@13
                      ; - java.security.ProtectionDomain$JavaSecurityAccessImpl::doIntersectionPrivilege@18
                      ; - java.awt.EventQueue::dispatchEvent@73
  0x0000020851b879b8: c474 9cff 

  0x0000020851b879bc: ;   {other}
  0x0000020851b879bc: 0f1f 8400 | 2c13 000b | c5f8 7748 | 81c4 8000 

  0x0000020851b879cc: ;   {poll_return}
  0x0000020851b879cc: 0000 5d49 | 3ba7 4804 | 0000 0f87 | 7d29 0000 | c345 85db | 0f85 77fb | ffff 448b | 5724 4585 
  0x0000020851b879ec: d20f 8503 | 1000 0048 | 8974 2430 | e965 fbff | ff45 85c0 | 0f84 4ff3 | ffff 4d85 | c974 0d45 
  0x0000020851b87a0c: 8b41 2445 | 85c0 0f85 | 2f0d 0000 | 4c8b cbe9 | 35f3 ffff 

  0x0000020851b87a20: ;   {metadata('java/awt/TrayIcon')}
  0x0000020851b87a20: 4181 fa98 | 0b20 010f | 84ff 1800 | 0045 33c0 | e968 f3ff | ff48 8b7e | 288b 0f48 | 83c7 0848 
  0x0000020851b87a40: 85c0 f248 | af0f 8504 | 0000 0048 | 8946 200f | 8470 fbff | ff41 8b69 | 1044 8b5d | 0849 b900 
  0x0000020851b87a60: 0000 0008 | 0200 004d | 03cb 4d8b 

  0x0000020851b87a6c: ;   {metadata('java/awt/Component')}
  0x0000020851b87a6c: 5938 49b9 | 702d 0401 | 0802 0000 | 4d3b d90f | 859e 1f00 | 004c 896c | 2438 4889 | 5424 2844 
  0x0000020851b87a8c: 8944 2420 | 488b d54c | 8b44 2428 | 6690 c5f8 | 7748 b8ff | ffff ffff 

  0x0000020851b87aa4: ;   {virtual_call}
  0x0000020851b87aa4: ffff ffe8 

  0x0000020851b87aa8: ; ImmutableOopMap {[32]=NarrowOop [40]=Oop [48]=Oop }
                      ;*invokevirtual dispatchEventImpl {reexecute=0 rethrow=0 return_oop=0}
                      ; - java.awt.Component::dispatchEvent@2
                      ; - java.awt.EventQueue::dispatchEventImpl@41
                      ; - java.awt.EventQueue$4::run@32
                      ; - java.awt.EventQueue$4::run@1
                      ; - java.security.AccessController::executePrivileged@29
                      ; - java.security.AccessController::doPrivileged@13
                      ; - java.security.ProtectionDomain$JavaSecurityAccessImpl::doIntersectionPrivilege@18
                      ; - java.awt.EventQueue::dispatchEvent@46
  0x0000020851b87aa8: d478 9cff 

  0x0000020851b87aac: ;   {other}
  0x0000020851b87aac: 0f1f 8400 | 1c14 000c | 4c8b 5424 

  0x0000020851b87ab8: ;   {metadata('java/awt/event/InputEvent')}
  0x0000020851b87ab8: 3849 bb80 | 5707 0108 | 0200 004d | 3bd3 0f85 | f8fe ffff 

  0x0000020851b87acc: ;   {oop(a 'java/lang/Class'{0x00000000c02518a0} = 'sun/awt/AWTAccessor')}
  0x0000020851b87acc: 49ba a018 | 25c0 0000 | 0000 458b | 9284 0000 | 0045 8b5a | 0848 8b6c 

  0x0000020851b87ae4: ;   {metadata('java/awt/event/InputEvent$1')}
  0x0000020851b87ae4: 2428 4181 | fb78 6407 | 010f 854d | 1f00 0044 | 8865 2ce9 | c8fe ffff | 448b 5c24 

  0x0000020851b87b00: ;   {metadata('java/awt/event/InputMethodEvent')}
  0x0000020851b87b00: 3841 81fb | 1889 1301 | 0f84 e71b 

  0x0000020851b87b0c: ;   {metadata('java/awt/event/ActionEvent')}
  0x0000020851b87b0c: 0000 4181 | fb98 8b13 | 010f 84f9 | 1b00 004c | 8b5c 2448 | 4d8b 5b48 

  0x0000020851b87b24: ;   {metadata('java/awt/event/InvocationEvent')}
  0x0000020851b87b24: 49b8 1847 | 1301 0802 | 0000 4d3b | d80f 85d9 | 0200 004c | 8b5c 2440 | 4d8b 5b20 | e97f fcff 
  0x0000020851b87b44: ff45 33d2 | 4c89 5424 | 604c 894c | 2458 4489 | 4424 3448 | 8beb 4c8b | 5424 484c | 8954 2450 
  0x0000020851b87b64: 4c8b 5424 | 284c 8954 | 2448 448b | 5c24 4044 | 895c 2430 | 4c8b 5424 | 384c 8954 | 2428 488b 
  0x0000020851b87b84: d14c 8b44 | 2460 6690 

  0x0000020851b87b8c: ;   {static_call}
  0x0000020851b87b8c: c5f8 77e8 

  0x0000020851b87b90: ; ImmutableOopMap {rbp=Oop [32]=Oop [40]=Oop [48]=NarrowOop [72]=Oop [80]=Oop [88]=Oop [96]=Oop }
                      ;*invokestatic combine {reexecute=0 rethrow=0 return_oop=1}
                      ; - java.security.AccessControlContext::optimize@245
                      ; - java.security.AccessController::getContext@19
                      ; - java.awt.EventQueue::dispatchEvent@16
  0x0000020851b87b90: ec7c 9cff 

  0x0000020851b87b94: ;   {other}
  0x0000020851b87b94: 0f1f 8400 | 0415 000d | 448b 5424 | 3445 85d2 | 0f84 b107 | 0000 4c8b | cd41 8b69 | 104c 8bc5 
  0x0000020851b87bb4: 493b c00f | 859f 1e00 | 0049 8be9 | 498b d14c | 8b44 2458 | 4533 c933 | ff66 6690 

  0x0000020851b87bd0: ;   {optimized virtual_call}
  0x0000020851b87bd0: c5f8 77e8 

  0x0000020851b87bd4: ; ImmutableOopMap {rbp=Oop [32]=Oop [40]=Oop [48]=NarrowOop [72]=Oop [80]=Oop }
                      ;*invokevirtual calculateFields {reexecute=0 rethrow=0 return_oop=0}
                      ; - java.security.AccessControlContext::optimize@288
                      ; - java.security.AccessController::getContext@19
                      ; - java.awt.EventQueue::dispatchEvent@16
  0x0000020851b87bd4: a872 9cff 

  0x0000020851b87bd8: ;   {other}
  0x0000020851b87bd8: 0f1f 8400 | 4815 000e | 4c8b cd4c | 8b54 2428 | 4c89 5424 | 3844 8b54 | 2430 4489 | 5424 404c 
  0x0000020851b87bf8: 8b54 2448 | 4c89 5424 | 284c 8b54 | 2450 4c89 | 5424 48e9 | 45f1 ffff | 4533 c04c | 8944 2440 
  0x0000020851b87c18: 4489 5c24 | 3848 8bee | 4889 7c24 | 3048 8bd1 | 4c8b 4424 | 4044 8954 | 243c 6690 

  0x0000020851b87c34: ;   {static_call}
  0x0000020851b87c34: c5f8 77e8 

  0x0000020851b87c38: ; ImmutableOopMap {rbp=Oop [40]=Oop [48]=Oop [56]=NarrowOop [64]=Oop [72]=Oop }
                      ;*invokestatic combine {reexecute=0 rethrow=0 return_oop=1}
                      ; - java.security.AccessControlContext::optimize@245
                      ; - java.security.ProtectionDomain$JavaSecurityAccessImpl::getCombinedACC@26
                      ; - java.security.ProtectionDomain$JavaSecurityAccessImpl::doIntersectionPrivilege@15
                      ; - java.awt.EventQueue::dispatchEvent@46
  0x0000020851b87c38: 447c 9cff 

  0x0000020851b87c3c: ;   {other}
  0x0000020851b87c3c: 0f1f 8400 | ac15 000f | 448b 5c24 | 3845 85db | 0f85 1608 | 0000 4c8b | c541 8b68 | 104c 8bdd 
  0x0000020851b87c5c: 493b c30f | 852b 1e00 | 0049 8be8 | 498b d04c | 8b44 2430 | 4533 c933 | ff66 6690 

  0x0000020851b87c78: ;   {optimized virtual_call}
  0x0000020851b87c78: c5f8 77e8 

  0x0000020851b87c7c: ; ImmutableOopMap {rbp=Oop [40]=Oop [72]=Oop }
                      ;*invokevirtual calculateFields {reexecute=0 rethrow=0 return_oop=0}
                      ; - java.security.AccessControlContext::optimize@288
                      ; - java.security.ProtectionDomain$JavaSecurityAccessImpl::getCombinedACC@26
                      ; - java.security.ProtectionDomain$JavaSecurityAccessImpl::doIntersectionPrivilege@15
                      ; - java.awt.EventQueue::dispatchEvent@46
  0x0000020851b87c7c: 0072 9cff 

  0x0000020851b87c80: ;   {other}
  0x0000020851b87c80: 0f1f 8400 | f015 0010 | 4889 6c24 | 30e9 d0f8 | ffff 4533 | d24c 8954 | 2440 458b | d044 895c 
  0x0000020851b87ca0: 242c 498b | ee4c 896c | 2430 8974 | 2428 4c8b | 5c24 484c | 895c 2420 | 498b d14c | 8b44 2440 
  0x0000020851b87cc0: 4489 5424 | 3866 6690 

  0x0000020851b87cc8: ;   {static_call}
  0x0000020851b87cc8: c5f8 77e8 

  0x0000020851b87ccc: ; ImmutableOopMap {rbp=Oop [32]=Oop [40]=NarrowOop [44]=NarrowOop [48]=Oop [64]=Oop [72]=Oop }
                      ;*invokestatic combine {reexecute=0 rethrow=0 return_oop=1}
                      ; - java.security.AccessControlContext::optimize@245
                      ; - java.security.ProtectionDomain$JavaSecurityAccessImpl::getCombinedACC@26
                      ; - java.security.ProtectionDomain$JavaSecurityAccessImpl::doIntersectionPrivilege@15
                      ; - java.awt.EventQueue::dispatchEvent@73
  0x0000020851b87ccc: b07b 9cff 

  0x0000020851b87cd0: ;   {other}
  0x0000020851b87cd0: 0f1f 8400 | 4016 0011 | 448b 4424 | 2c45 85c0 | 0f85 8508 | 0000 4c8b | c541 8b68 | 104c 8bdd 
  0x0000020851b87cf0: 493b c30f | 851f 1e00 | 0049 8be8 | 498b d04c | 8b44 2430 | 4533 c933 | ff66 6690 

  0x0000020851b87d0c: ;   {optimized virtual_call}
  0x0000020851b87d0c: c5f8 77e8 

  0x0000020851b87d10: ; ImmutableOopMap {rbp=Oop [40]=NarrowOop [72]=Oop }
                      ;*invokevirtual calculateFields {reexecute=0 rethrow=0 return_oop=0}
                      ; - java.security.AccessControlContext::optimize@288
                      ; - java.security.ProtectionDomain$JavaSecurityAccessImpl::getCombinedACC@26
                      ; - java.security.ProtectionDomain$JavaSecurityAccessImpl::doIntersectionPrivilege@15
                      ; - java.awt.EventQueue::dispatchEvent@73
  0x0000020851b87d10: 6c71 9cff 

  0x0000020851b87d14: ;   {other}
  0x0000020851b87d14: 0f1f 8400 | 8416 0012 | 4889 6c24 | 308b 7424 | 28e9 53f2 | ffff 33ed | 4489 4424 | 5448 8bd1 
  0x0000020851b87d34: 4c8b c544 | 8954 2450 

  0x0000020851b87d3c: ;   {static_call}
  0x0000020851b87d3c: c5f8 77e8 

  0x0000020851b87d40: ; ImmutableOopMap {rbp=Oop [48]=Oop [64]=Oop [72]=Oop [84]=NarrowOop [88]=Oop }
                      ;*invokestatic combine {reexecute=0 rethrow=0 return_oop=1}
                      ; - java.security.AccessControlContext::optimize@245
                      ; - java.security.ProtectionDomain$JavaSecurityAccessImpl::getCombinedACC@26
                      ; - java.security.ProtectionDomain$JavaSecurityAccessImpl::doIntersectionPrivilege@15
                      ; - java.security.ProtectionDomain$JavaSecurityAccessImpl::doIntersectionPrivilege@6
                      ; - java.awt.EventQueue$5::run@11
                      ; - java.awt.EventQueue$5::run@1
                      ; - java.security.AccessController::executePrivileged@29
                      ; - java.security.AccessController::doPrivileged@13
                      ; - java.security.ProtectionDomain$JavaSecurityAccessImpl::doIntersectionPrivilege@18
                      ; - java.awt.EventQueue::dispatchEvent@73
  0x0000020851b87d40: 3c7b 9cff 

  0x0000020851b87d44: ;   {other}
  0x0000020851b87d44: 0f1f 8400 | b416 0013 | 448b 4424 | 5445 85c0 | 0f85 b408 | 0000 4c8b | 5c24 5841 | 8b6b 104c 
  0x0000020851b87d64: 8bdd 493b | c30f 85c9 | 1d00 0048 | 8b54 2458 | 4c8b 4424 | 4045 33c9 | 33ff 6690 

  0x0000020851b87d80: ;   {optimized virtual_call}
  0x0000020851b87d80: c5f8 77e8 

  0x0000020851b87d84: ; ImmutableOopMap {[48]=Oop [72]=Oop [88]=Oop }
                      ;*invokevirtual calculateFields {reexecute=0 rethrow=0 return_oop=0}
                      ; - java.security.AccessControlContext::optimize@288
                      ; - java.security.ProtectionDomain$JavaSecurityAccessImpl::getCombinedACC@26
                      ; - java.security.ProtectionDomain$JavaSecurityAccessImpl::doIntersectionPrivilege@15
                      ; - java.security.ProtectionDomain$JavaSecurityAccessImpl::doIntersectionPrivilege@6
                      ; - java.awt.EventQueue$5::run@11
                      ; - java.awt.EventQueue$5::run@1
                      ; - java.security.AccessController::executePrivileged@29
                      ; - java.security.AccessController::doPrivileged@13
                      ; - java.security.ProtectionDomain$JavaSecurityAccessImpl::doIntersectionPrivilege@18
                      ; - java.awt.EventQueue::dispatchEvent@73
  0x0000020851b87d84: f870 9cff 

  0x0000020851b87d88: ;   {other}
  0x0000020851b87d88: 0f1f 8400 | f816 0014 | e9ff fbff | ff45 33d2 | 4c89 5424 | 4048 8944 | 2428 894c | 2424 488b 
  0x0000020851b87da8: 6c24 3849 | 8bd3 4c8b | 4424 4090 

  0x0000020851b87db4: ;   {static_call}
  0x0000020851b87db4: c5f8 77e8 

  0x0000020851b87db8: ; ImmutableOopMap {rbp=Oop [32]=NarrowOop [40]=Oop [48]=Oop [64]=Oop [72]=Oop }
                      ;*invokestatic combine {reexecute=0 rethrow=0 return_oop=1}
                      ; - java.security.AccessControlContext::optimize@245
                      ; - java.security.AccessController::getContext@19
                      ; - java.security.ProtectionDomain$JavaSecurityAccessImpl::doIntersectionPrivilege@2
                      ; - java.awt.EventQueue$5::run@11
                      ; - java.awt.EventQueue$5::run@1
                      ; - java.security.AccessController::executePrivileged@29
                      ; - java.security.AccessController::doPrivileged@13
                      ; - java.security.ProtectionDomain$JavaSecurityAccessImpl::doIntersectionPrivilege@18
                      ; - java.awt.EventQueue::dispatchEvent@73
  0x0000020851b87db8: c47a 9cff 

  0x0000020851b87dbc: ;   {other}
  0x0000020851b87dbc: 0f1f 8400 | 2c17 0015 | 448b 4424 | 2445 85c0 | 0f84 d908 | 0000 4c8b | c541 8b68 | 104c 8bdd 
  0x0000020851b87ddc: 493b c30f | 858b 1d00 | 0049 8be8 | 498b d04c | 8b44 2428 | 4533 c933 | ff66 6690 

  0x0000020851b87df8: ;   {optimized virtual_call}
  0x0000020851b87df8: c5f8 77e8 

  0x0000020851b87dfc: ; ImmutableOopMap {rbp=Oop [32]=NarrowOop [48]=Oop [72]=Oop }
                      ;*invokevirtual calculateFields {reexecute=0 rethrow=0 return_oop=0}
                      ; - java.security.AccessControlContext::optimize@288
                      ; - java.security.AccessController::getContext@19
                      ; - java.security.ProtectionDomain$JavaSecurityAccessImpl::doIntersectionPrivilege@2
                      ; - java.awt.EventQueue$5::run@11
                      ; - java.awt.EventQueue$5::run@1
                      ; - java.security.AccessController::executePrivileged@29
                      ; - java.security.AccessController::doPrivileged@13
                      ; - java.security.ProtectionDomain$JavaSecurityAccessImpl::doIntersectionPrivilege@18
                      ; - java.awt.EventQueue::dispatchEvent@73
  0x0000020851b87dfc: 8070 9cff 

  0x0000020851b87e00: ;   {other}
  0x0000020851b87e00: 0f1f 8400 | 7017 0016 | 488b c5e9 | 94f2 ffff | 49bb 0000 | 0000 0000 | 0080 e9a5 | f9ff ff44 
  0x0000020851b87e20: 8b53 0c4c | 8b5c 2428 | 4d3b d375 | 448b 6b10 | ffc5 85ed | 0f8c 511e | 0000 896b | 10f0 8344 
  0x0000020851b87e40: 24c0 00e9 | 2ef8 ffff | 4533 d2e9 | daf9 ffff | 6690 c5f8 | 7748 b810 | 3329 6308 

  0x0000020851b87e5c: ;   {virtual_call}
  0x0000020851b87e5c: 0200 00e8 

  0x0000020851b87e60: ; ImmutableOopMap {[48]=Oop }
                      ;*invokeinterface dispatch {reexecute=0 rethrow=0 return_oop=0}
                      ; - java.awt.EventQueue::dispatchEventImpl@21
                      ; - java.awt.EventQueue$4::run@32
                      ; - java.awt.EventQueue$4::run@1
                      ; - java.security.AccessController::executePrivileged@29
                      ; - java.security.AccessController::doPrivileged@13
                      ; - java.security.ProtectionDomain$JavaSecurityAccessImpl::doIntersectionPrivilege@18
                      ; - java.awt.EventQueue::dispatchEvent@46
  0x0000020851b87e60: edbf 9cff 

  0x0000020851b87e64: ;   {other}
  0x0000020851b87e64: 0f1f 8400 | d417 0017 | e953 fbff | ff48 8bd7 | 41b8 0100 | 0000 6690 

  0x0000020851b87e7c: ;   {optimized virtual_call}
  0x0000020851b87e7c: c5f8 77e8 

  0x0000020851b87e80: ; ImmutableOopMap {[32]=NarrowOop [36]=NarrowOop [40]=Oop [48]=Oop [64]=Oop [88]=Oop }
                      ;*invokevirtual acquire {reexecute=0 rethrow=0 return_oop=0}
                      ; - java.util.concurrent.locks.ReentrantLock$Sync::lock@9
                      ; - java.util.concurrent.locks.ReentrantLock::lock@4
                      ; - java.awt.EventQueue::setCurrentEventAndMostRecentTimeImpl@4
                      ; - java.awt.EventQueue::dispatchEventImpl@14
                      ; - java.awt.EventQueue$4::run@32
                      ; - java.awt.EventQueue$4::run@1
                      ; - java.security.AccessController::executePrivileged@29
                      ; - java.security.AccessController::doPrivileged@13
                      ; - java.security.ProtectionDomain$JavaSecurityAccessImpl::doIntersectionPrivilege@18
                      ; - java.awt.EventQueue::dispatchEvent@46
  0x0000020851b87e80: fc6f 9cff 

  0x0000020851b87e84: ;   {other}
  0x0000020851b87e84: 0f1f 8400 | f417 0018 | e9e5 f7ff | ff44 8b5f | 1845 85db | 0f84 b3f5 | ffff 4d8b | 5728 498b 
  0x0000020851b87ea4: cb4d 85d2 | 0f84 0611 | 0000 4d8b | 5f38 4b89 | 4c13 f849 | 83c2 f84d | 8957 28e9 | 8df5 ffff 
  0x0000020851b87ec4: 4d8b 5748 | 4d8b 5f58 | f083 4424 | c000 8039 | 000f 846b | f5ff ff44 | 8821 4d85 | d275 3048 
  0x0000020851b87ee4: 897c 2420 | 4c8b f349 | 8bd7 c5f8 | 7749 ba40 | 1277 55fd | 7f00 0041 

  0x0000020851b87efc: ;   {other}
  0x0000020851b87efc: ffd2 0f1f | 8400 0000 | 0000 498b | de48 8b7c | 2420 e933 | f5ff ff4b | 894c 13f8 | 4983 c2f8 
  0x0000020851b87f1c: 4d89 5748 | e921 f5ff | ff4d 8b57 | 484d 8b5f | 58f0 8344 | 24c0 0080 | 3900 0f84 | 4af5 ffff 
  0x0000020851b87f3c: 4488 214d | 85d2 7520 | 498b d7c5 | f877 49ba | 4012 7755 | fd7f 0000 

  0x0000020851b87f54: ;   {other}
  0x0000020851b87f54: 41ff d20f | 1f84 0000 | 0000 00e9 | 22f5 ffff | 4b89 4c13 | f849 83c2 | f84d 8957 | 48e9 10f5 
  0x0000020851b87f74: ffff 448b | 5540 4585 | d20f 84d9 | f7ff ff4d | 8b5f 2849 | 8bca 4d85 | db0f 84b5 | 1000 004d 
  0x0000020851b87f94: 8b57 384b | 894c 1af8 | 4983 c3f8 | 4d89 5f28 | e9b3 f7ff | ff44 8b57 | 1045 85d2 | 0f84 58f7 
  0x0000020851b87fb4: ffff 488b | df4d 8b5f | 2849 8bca | 4d85 db0f | 849f 1000 | 004d 8b57 | 384b 894c | 1af8 4983 
  0x0000020851b87fd4: c3f8 4d89 | 5f28 488b | fbe9 2cf7 | ffff 4d8b | 5748 4d8b | 5f58 f083 | 4424 c000 | 8039 000f 
  0x0000020851b87ff4: 8452 f7ff | ff44 8821 | 4d85 d275 | 2049 8bd7 | c5f8 7749 | ba40 1277 | 55fd 7f00 | 0041 ffd2 
  0x0000020851b88014: ;   {other}
  0x0000020851b88014: 0f1f 8400 | 0000 0000 | e92a f7ff | ff4b 894c | 13f8 4983 | c2f8 4d89 | 5748 e918 | f7ff ff4d 
  0x0000020851b88034: 8b5f 484d | 8b47 58f0 | 8344 24c0 | 0041 8039 | 000f 8446 | f7ff ff45 | 8821 4d85 | db75 2649 
  0x0000020851b88054: 8bc9 498b | d7c5 f877 | 49ba 4012 | 7755 fd7f | 0000 41ff 

  0x0000020851b88068: ;   {other}
  0x0000020851b88068: d20f 1f84 | 0000 0000 | 0044 8bd5 | e918 f7ff | ff4f 894c | 18f8 4983 | c3f8 4d89 | 5f48 e906 
  0x0000020851b88088: f7ff ff44 | 8b56 0c45 | 85d2 0f84 | 88f7 ffff | 4d8b 5f28 | 498b ca4d | 85db 0f84 | e00f 0000 
  0x0000020851b880a8: 4d8b 5738 | 4b89 4c1a | f849 83c3 | f84d 895f | 28e9 62f7 | ffff 448b | 5b0c 4585 | db0f 8474 
  0x0000020851b880c8: f5ff ff4d | 8b57 2849 | 8bcb 4d85 | d20f 84cd | 0f00 004d | 8b5f 384b | 894c 13f8 | 4983 c2f8 
  0x0000020851b880e8: 4d89 5728 | e94e f5ff | ff4d 8b57 | 484d 8b5f | 58f0 8344 | 24c0 0080 | 3900 0f84 | 6ef5 ffff 
  0x0000020851b88108: 4488 214d | 85d2 7520 | 498b d7c5 | f877 49ba | 4012 7755 | fd7f 0000 

  0x0000020851b88120: ;   {other}
  0x0000020851b88120: 41ff d20f | 1f84 0000 | 0000 00e9 | 46f5 ffff | 4b89 4c13 | f849 83c2 | f84d 8957 | 48e9 34f5 
  0x0000020851b88140: ffff 458b | 5d18 4585 | db0f 8419 | edff ff4d | 8b57 2849 | 8bcb 4d85 | d20f 8415 | 1000 004d 
  0x0000020851b88160: 8b5f 384b | 894c 13f8 | 4983 c2f8 | 4d89 5728 | e9f3 ecff | ff4c 8b54 | 2440 458b | 5a18 4585 
  0x0000020851b88180: db0f 84d3 | efff ff4d | 8b57 2849 | 8bcb 4d85 | d20f 84fd | 0f00 004d | 8b5f 384b | 894c 13f8 
  0x0000020851b881a0: 4983 c2f8 | 4d89 5728 | e9ad efff | ff4d 8b57 | 484d 8b5f | 58f0 8344 | 24c0 0080 | 3900 0f84 
  0x0000020851b881c0: 99ec ffff | 4488 214d | 85d2 7520 | 498b d7c5 | f877 49ba | 4012 7755 | fd7f 0000 

  0x0000020851b881dc: ;   {other}
  0x0000020851b881dc: 41ff d20f | 1f84 0000 | 0000 00e9 | 71ec ffff | 4b89 4c13 | f849 83c2 | f84d 8957 | 48e9 5fec 
  0x0000020851b881fc: ffff 4d8b | 5748 4d8b | 5f58 f083 | 4424 c000 | 8039 000f | 8487 ecff | ff44 8821 | 4d85 d275 
  0x0000020851b8821c: 2049 8bd7 | c5f8 7749 | ba40 1277 | 55fd 7f00 | 0041 ffd2 

  0x0000020851b88230: ;   {other}
  0x0000020851b88230: 0f1f 8400 | 0000 0000 | e95f ecff | ff4b 894c | 13f8 4983 | c2f8 4d89 | 5748 e94d | ecff ff4d 
  0x0000020851b88250: 8b57 484d | 8b5f 58f0 | 8344 24c0 | 0080 3900 | 0f84 2fef | ffff 4488 | 214d 85d2 | 7520 498b 
  0x0000020851b88270: d7c5 f877 | 49ba 4012 | 7755 fd7f | 0000 41ff 

  0x0000020851b88280: ;   {other}
  0x0000020851b88280: d20f 1f84 | 0000 0000 | 00e9 07ef | ffff 4b89 | 4c13 f849 | 83c2 f84d | 8957 48e9 | f5ee ffff 
  0x0000020851b882a0: 4d8b 5748 | 4d8b 5f58 | f083 4424 | c000 8039 | 000f 8498 | eeff ff44 | 8821 4d85 | d275 2049 
  0x0000020851b882c0: 8bd7 c5f8 | 7749 ba40 | 1277 55fd | 7f00 0041 

  0x0000020851b882d0: ;   {other}
  0x0000020851b882d0: ffd2 0f1f | 8400 0000 | 0000 e970 | eeff ff4b | 894c 13f8 | 4983 c2f8 | 4d89 5748 | e95e eeff 
  0x0000020851b882f0: ff49 8b9f | b801 0000 | 4c8b d349 | 83c2 284d | 3b97 c801 | 0000 0f83 | a417 0000 | 4d89 97b8 
  0x0000020851b88310: 0100 0041 | 0f0d 8ac0 | 0000 0048 | c703 0100 | 0000 4c8b | d349 83c2 

  0x0000020851b88328: ;   {metadata('java/security/AccessControlContext')}
  0x0000020851b88328: 10c7 4308 | 8094 0200 | c5fd efc0 | 41bb 0700 | 0000 c4c1 | 7892 fb62 | d1fe 2f7f | 02c7 430c 
  0x0000020851b88348: 0101 0000 | e907 eaff | ff4c 895c | 2460 e9f2 | f7ff ff48 | 8bd8 4c8b | 5424 6049 | 3bc2 0f84 
  0x0000020851b88368: c409 0000 | 4180 7f40 | 000f 85e1 | 0f00 0048 | 8bfd 4c8b | d74c 8bdb | 4489 5f10 | 4c8b db4d 
  0x0000020851b88388: 33da 49c1 | eb14 4d85 | db74 1f48 | 85db 741a | 49c1 ea09 | 48b9 0000 | f058 0802 | 0000 4903 
  0x0000020851b883a8: ca80 3902 | 0f85 5a10 | 0000 4180 | 7f40 000f | 85d1 0f00 | 0044 8967 | 1844 8867 | 0c48 8bef 
  0x0000020851b883c8: 488b d74c | 8b44 2458 | 4533 c933 | ff66 6690 

  0x0000020851b883d8: ;   {optimized virtual_call}
  0x0000020851b883d8: c5f8 77e8 

  0x0000020851b883dc: ; ImmutableOopMap {rbp=Oop [32]=Oop [40]=Oop [48]=NarrowOop [72]=Oop [80]=Oop }
                      ;*invokevirtual calculateFields {reexecute=0 rethrow=0 return_oop=0}
                      ; - java.security.AccessControlContext::optimize@314
                      ; - java.security.AccessController::getContext@19
                      ; - java.awt.EventQueue::dispatchEvent@16
  0x0000020851b883dc: a06a 9cff 

  0x0000020851b883e0: ;   {other}
  0x0000020851b883e0: 0f1f 8400 | 501d 0019 | 4c8b cd4c | 8b54 2428 | 4c89 5424 | 3844 8b5c | 2430 4489 | 5c24 404c 
  0x0000020851b88400: 8b54 2448 | 4c89 5424 | 284c 8b54 | 2450 4c89 | 5424 48e9 | 3de9 ffff | 4533 c9e9 | f1e8 ffff 
  0x0000020851b88420: 4c89 5424 | 3044 8b54 | 2440 4489 | 5424 2849 

  0x0000020851b88430: ;   {metadata('java/awt/EventQueue$4')}
  0x0000020851b88430: 8be8 48ba | a882 1301 | 0802 0000 

  0x0000020851b8843c: ;   {runtime_call _new_instance_Java}
  0x0000020851b8843c: c5f8 77e8 

  0x0000020851b88440: ; ImmutableOopMap {rbp=Oop [32]=Oop [40]=NarrowOop [48]=Oop [56]=Oop [64]=NarrowOop }
                      ;*new {reexecute=0 rethrow=0 return_oop=1}
                      ; - java.awt.EventQueue::dispatchEvent@5
  0x0000020851b88440: 3c6d aaff 

  0x0000020851b88444: ;   {other}
  0x0000020851b88444: 0f1f 8400 | b41d 001a | 4c8b 5424 | 304c 8954 | 2428 e9dd | e7ff ff4d | 8bc3 4c89 | 4424 40e9 
  0x0000020851b88464: b0f7 ffff | 488b d84c | 8b54 2440 | 493b c20f | 84e9 f0ff | ff41 807f | 4000 0f85 | bb11 0000 
  0x0000020851b88484: 488b fd4c | 8bd7 4c8b | c344 8947 | 104c 8bdb | 4d33 da49 | c1eb 144d | 85db 741f | 4885 db74 
  0x0000020851b884a4: 1a49 c1ea | 0948 b900 | 00f0 5808 | 0200 0049 | 03ca 8039 | 020f 85e5 | 1100 0041 | 807f 4000 
  0x0000020851b884c4: 0f85 4211 | 0000 4489 | 6718 4488 | 670c 488b | ef48 8bd7 | 4c8b 4424 | 3045 33c9 | 33ff 6690 
  0x0000020851b884e4: ;   {optimized virtual_call}
  0x0000020851b884e4: c5f8 77e8 

  0x0000020851b884e8: ; ImmutableOopMap {rbp=Oop [40]=Oop [72]=Oop }
                      ;*invokevirtual calculateFields {reexecute=0 rethrow=0 return_oop=0}
                      ; - java.security.AccessControlContext::optimize@314
                      ; - java.security.ProtectionDomain$JavaSecurityAccessImpl::getCombinedACC@26
                      ; - java.security.ProtectionDomain$JavaSecurityAccessImpl::doIntersectionPrivilege@15
                      ; - java.awt.EventQueue::dispatchEvent@46
  0x0000020851b884e8: 9469 9cff 

  0x0000020851b884ec: ;   {other}
  0x0000020851b884ec: 0f1f 8400 | 5c1e 001b | 4889 6c24 | 30e9 64f0 | ffff 498b | 9fb8 0100 | 004c 8bd3 | 4983 c228 
  0x0000020851b8850c: 4d3b 97c8 | 0100 000f | 8383 1600 | 004d 8997 | b801 0000 | 4c8b db49 | 83c3 1048 | c703 0100 
  0x0000020851b8852c: 0000 410f | 0d8a c000 

  0x0000020851b88534: ;   {metadata('java/security/AccessControlContext')}
  0x0000020851b88534: 0000 c743 | 0880 9402 | 00c5 fdef | c041 b807 | 0000 00c4 | c178 92f8 | 62d1 fe2f | 7f03 c743 
  0x0000020851b88554: 0c01 0100 | 00e9 49eb | ffff 4d8b | d34c 8954 | 2440 e92f | f7ff ff48 | 8bd8 4c8b | 5424 4049 
  0x0000020851b88574: 3bc2 0f84 | e607 0000 | 4180 7f40 | 000f 85e0 | 1100 0048 | 8bfd 4c8b | d74c 8bdb | 4d33 da4c 
  0x0000020851b88594: 8bc3 4489 | 4710 49c1 | eb14 4d85 | db74 1f48 | 85db 741a | 49c1 ea09 | 48b9 0000 | f058 0802 
  0x0000020851b885b4: 0000 4903 | ca80 3902 | 0f85 6613 | 0000 4180 | 7f40 000f | 8567 1100 | 0044 8967 | 1844 8867 
  0x0000020851b885d4: 0c48 8bef | 488b d74c | 8b44 2430 | 4533 c933 | ff66 6690 

  0x0000020851b885e8: ;   {optimized virtual_call}
  0x0000020851b885e8: c5f8 77e8 

  0x0000020851b885ec: ; ImmutableOopMap {rbp=Oop [40]=NarrowOop [72]=Oop }
                      ;*invokevirtual calculateFields {reexecute=0 rethrow=0 return_oop=0}
                      ; - java.security.AccessControlContext::optimize@314
                      ; - java.security.ProtectionDomain$JavaSecurityAccessImpl::getCombinedACC@26
                      ; - java.security.ProtectionDomain$JavaSecurityAccessImpl::doIntersectionPrivilege@15
                      ; - java.awt.EventQueue::dispatchEvent@73
  0x0000020851b885ec: 9068 9cff 

  0x0000020851b885f0: ;   {other}
  0x0000020851b885f0: 0f1f 8400 | 601f 001c | 4889 6c24 | 308b 7424 | 28e9 77e9 | ffff 498b | ebe9 1ef7 | ffff 488b 
  0x0000020851b88610: d848 3bc5 | 0f84 5107 | 0000 4180 | 7f40 000f | 85b0 1100 | 004c 8b54 | 2458 4c8b | db4d 33da 
  0x0000020851b88630: 4c8b cb4c | 8b44 2458 | 4589 4810 | 49c1 eb14 | 4d85 db74 | 2048 85db | 741b 49c1 | ea09 49b8 
  0x0000020851b88650: 0000 f058 | 0802 0000 | 4d03 c241 | 8038 020f | 8514 1300 | 0041 807f | 4000 0f85 | 2d11 0000 
  0x0000020851b88670: 4c8b 5424 | 5845 8962 | 1845 8862 | 0c49 8bd2 | 4c8b 4424 | 4045 33c9 | 33ff 6690 

  0x0000020851b8868c: ;   {optimized virtual_call}
  0x0000020851b8868c: c5f8 77e8 

  0x0000020851b88690: ; ImmutableOopMap {[48]=Oop [72]=Oop [88]=Oop }
                      ;*invokevirtual calculateFields {reexecute=0 rethrow=0 return_oop=0}
                      ; - java.security.AccessControlContext::optimize@314
                      ; - java.security.ProtectionDomain$JavaSecurityAccessImpl::getCombinedACC@26
                      ; - java.security.ProtectionDomain$JavaSecurityAccessImpl::doIntersectionPrivilege@15
                      ; - java.security.ProtectionDomain$JavaSecurityAccessImpl::doIntersectionPrivilege@6
                      ; - java.awt.EventQueue$5::run@11
                      ; - java.awt.EventQueue$5::run@1
                      ; - java.security.AccessController::executePrivileged@29
                      ; - java.security.AccessController::doPrivileged@13
                      ; - java.security.ProtectionDomain$JavaSecurityAccessImpl::doIntersectionPrivilege@18
                      ; - java.awt.EventQueue::dispatchEvent@73
  0x0000020851b88690: ec67 9cff 

  0x0000020851b88694: ;   {other}
  0x0000020851b88694: 0f1f 8400 | 0420 001d | e9f3 f2ff | ff4c 894c | 2440 e9f2 | f6ff ff48 | 8bd8 4c8b | 5424 4049 
  0x0000020851b886b4: 3bc2 0f84 | be06 0000 | 4180 7f40 | 000f 8579 | 1100 0048 | 8bfd 4c8b | d74c 8bdb | 4d33 da4c 
  0x0000020851b886d4: 8bc3 4489 | 4710 49c1 | eb14 4d85 | db74 1f48 | 85db 741a | 49c1 ea09 | 48b9 0000 | f058 0802 
  0x0000020851b886f4: 0000 4903 | ca80 3902 | 0f85 cc12 | 0000 4180 | 7f40 000f | 8500 1100 | 0044 8967 | 1844 8867 
  0x0000020851b88714: 0c48 8bef | 488b d74c | 8b44 2428 | 4533 c933 | ff66 6690 

  0x0000020851b88728: ;   {optimized virtual_call}
  0x0000020851b88728: c5f8 77e8 

  0x0000020851b8872c: ; ImmutableOopMap {rbp=Oop [32]=NarrowOop [48]=Oop [72]=Oop }
                      ;*invokevirtual calculateFields {reexecute=0 rethrow=0 return_oop=0}
                      ; - java.security.AccessControlContext::optimize@314
                      ; - java.security.AccessController::getContext@19
                      ; - java.security.ProtectionDomain$JavaSecurityAccessImpl::doIntersectionPrivilege@2
                      ; - java.awt.EventQueue$5::run@11
                      ; - java.awt.EventQueue$5::run@1
                      ; - java.security.AccessController::executePrivileged@29
                      ; - java.security.AccessController::doPrivileged@13
                      ; - java.security.ProtectionDomain$JavaSecurityAccessImpl::doIntersectionPrivilege@18
                      ; - java.awt.EventQueue::dispatchEvent@73
  0x0000020851b8872c: 5067 9cff 

  0x0000020851b88730: ;   {other}
  0x0000020851b88730: 0f1f 8400 | a020 001e | 488b c5e9 | 64e9 ffff | 33c0 e916 | e9ff ff45 | 8b58 0c49 | 8bf0 4d63 
  0x0000020851b88750: eb41 81fb | 0000 0400 | 0f87 8e14 | 0000 498b | 97b8 0100 | 004a 8d0c | ad17 0000 | 004c 8bd1 
  0x0000020851b88770: 4983 e2f8 | 4c8b ca4d | 03ca 4d3b | 8fc8 0100 | 000f 8365 | 1400 004d | 898f b801 | 0000 410f 
  0x0000020851b88790: 0d89 c000 | 0000 48c7 | 0201 0000 | 0041 0f0d | 8900 0100 

  0x0000020851b887a4: ;   {metadata('java/security/ProtectionDomain'[])}
  0x0000020851b887a4: 00c7 4208 | c05a 0000 | 4489 5a0c | 410f 0d89 | 4001 0000 | 488b fa48 | 83c7 1041 | 0f0d 8980 
  0x0000020851b887c4: 0100 0048 | c1e9 0348 | 83c1 fe48 | 33c0 4883 | f908 7f10 | 48ff c978 | 5648 8904 | cf48 ffc9 
  0x0000020851b887e4: 7df7 eb4b | c5fd efc0 | e90d 0000 | 00c5 fe7f | 07c5 fe7f | 4720 4883 | c740 4883 | e908 7ded 
  0x0000020851b88804: 4883 c104 | 7c0c c5fe | 7f07 4883 | c720 4883 | e904 4883 | c104 7e17 | 48c7 c0ff | ffff ffc4 
  0x0000020851b88824: e2f0 f5c0 | c4e1 fb92 | f862 f1fe | 2f7f 0748 | 8bea 4585 | db0f 8763 | 1600 00ba | 45ff ffff 
  0x0000020851b88844: 4c8b 5424 | 384c 8954 | 2428 448b | 5424 4044 | 8954 2430 | 4c8b 5424 | 484c 8954 | 2438 4889 
  0x0000020851b88864: 5c24 4890 

  0x0000020851b88868: ;   {runtime_call UncommonTrapBlob}
  0x0000020851b88868: c5f8 77e8 

  0x0000020851b8886c: ; ImmutableOopMap {rbp=Oop [32]=Oop [40]=Oop [48]=NarrowOop [56]=Oop [72]=Oop }
                      ;*ifnull {reexecute=1 rethrow=0 return_oop=0}
                      ; - (reexecute) java.security.AccessControlContext::calculateFields@45
                      ; - java.security.AccessControlContext::optimize@193
                      ; - java.security.AccessController::getContext@19
                      ; - java.awt.EventQueue::dispatchEvent@16
  0x0000020851b8886c: 90f4 9cff 

  0x0000020851b88870: ;   {other}
  0x0000020851b88870: 0f1f 8400 | e021 001f | 8974 2438 | 4889 5c24 | 3048 8b6c 

  0x0000020851b88884: ;   {metadata('java/security/AccessControlContext')}
  0x0000020851b88884: 2428 48ba | 8094 0200 | 0802 0000 

  0x0000020851b88890: ;   {runtime_call _new_instance_Java}
  0x0000020851b88890: c5f8 77e8 

  0x0000020851b88894: ; ImmutableOopMap {rbp=Oop [48]=Oop [56]=NarrowOop [72]=Oop }
                      ;*new {reexecute=0 rethrow=0 return_oop=1}
                      ; - java.security.ProtectionDomain$JavaSecurityAccessImpl::getCombinedACC@0
                      ; - java.security.ProtectionDomain$JavaSecurityAccessImpl::doIntersectionPrivilege@15
                      ; - java.awt.EventQueue::dispatchEvent@46
  0x0000020851b88894: e868 aaff 

  0x0000020851b88898: ;   {other}
  0x0000020851b88898: 0f1f 8400 | 0822 0020 | 4889 6c24 | 2848 8b5c | 2430 8b74 | 2438 e949 | ebff ff48 | 897c 2440 
  0x0000020851b888b8: 4889 5c24 | 384c 8b54 | 2428 4c89 

  0x0000020851b888c4: ;   {metadata('java/security/AccessControlContext')}
  0x0000020851b888c4: 5424 2048 | ba80 9402 | 0008 0200 | 0066 6690 

  0x0000020851b888d4: ;   {runtime_call _new_instance_Java}
  0x0000020851b888d4: c5f8 77e8 

  0x0000020851b888d8: ; ImmutableOopMap {rbp=NarrowOop [32]=Oop [56]=Oop [64]=Oop [72]=Oop }
                      ;*new {reexecute=0 rethrow=0 return_oop=1}
                      ; - java.security.ProtectionDomain$JavaSecurityAccessImpl::getCombinedACC@14
                      ; - java.security.ProtectionDomain$JavaSecurityAccessImpl::doIntersectionPrivilege@15
                      ; - java.awt.EventQueue::dispatchEvent@46
  0x0000020851b888d8: a468 aaff 

  0x0000020851b888dc: ;   {other}
  0x0000020851b888dc: 0f1f 8400 | 4c22 0021 | 4c8b 5424 | 204c 8954 | 2428 488b | 5c24 3848 | 8b7c 2440 | e9dd ebff 
  0x0000020851b888fc: ff41 8be9 

  0x0000020851b88900: ;   {metadata('java/lang/ref/WeakReference')}
  0x0000020851b88900: 48ba 18da | 0300 0802 | 0000 6690 

  0x0000020851b8890c: ;   {runtime_call _new_instance_Java}
  0x0000020851b8890c: c5f8 77e8 

  0x0000020851b88910: ; ImmutableOopMap {rbp=NarrowOop [36]=NarrowOop [40]=Oop [48]=Oop [64]=Oop [88]=Oop }
                      ;*new {reexecute=0 rethrow=0 return_oop=1}
                      ; - java.awt.EventQueue::setCurrentEventAndMostRecentTimeImpl@36
                      ; - java.awt.EventQueue::dispatchEventImpl@14
                      ; - java.awt.EventQueue$4::run@32
                      ; - java.awt.EventQueue$4::run@1
                      ; - java.security.AccessController::executePrivileged@29
                      ; - java.security.AccessController::doPrivileged@13
                      ; - java.security.ProtectionDomain$JavaSecurityAccessImpl::doIntersectionPrivilege@18
                      ; - java.awt.EventQueue::dispatchEvent@46
  0x0000020851b88910: 6c68 aaff 

  0x0000020851b88914: ;   {other}
  0x0000020851b88914: 0f1f 8400 | 8422 0022 | 488b f8e9 | d6ed ffff | 8974 2430 | 4c89 4424 | 2848 895c 

  0x0000020851b88930: ;   {metadata('java/security/AccessControlContext')}
  0x0000020851b88930: 2420 48ba | 8094 0200 | 0802 0000 

  0x0000020851b8893c: ;   {runtime_call _new_instance_Java}
  0x0000020851b8893c: c5f8 77e8 

  0x0000020851b88940: ; ImmutableOopMap {[32]=Oop [40]=Oop [48]=NarrowOop [72]=Oop }
                      ;*new {reexecute=0 rethrow=0 return_oop=1}
                      ; - java.security.ProtectionDomain$JavaSecurityAccessImpl::getCombinedACC@0
                      ; - java.security.ProtectionDomain$JavaSecurityAccessImpl::doIntersectionPrivilege@15
                      ; - java.awt.EventQueue::dispatchEvent@73
  0x0000020851b88940: 3c68 aaff 

  0x0000020851b88944: ;   {other}
  0x0000020851b88944: 0f1f 8400 | b422 0023 | 488b 5c24 | 204c 8b44 | 2428 8b74 | 2430 e9b4 | e4ff ff4c | 896c 2438 
  0x0000020851b88964: 8974 2430 | 4889 5c24 

  0x0000020851b8896c: ;   {metadata('java/security/AccessControlContext')}
  0x0000020851b8896c: 2848 ba80 | 9402 0008 | 0200 0090 

  0x0000020851b88978: ;   {runtime_call _new_instance_Java}
  0x0000020851b88978: c5f8 77e8 

  0x0000020851b8897c: ; ImmutableOopMap {rbp=NarrowOop [40]=Oop [48]=NarrowOop [56]=Oop [72]=Oop }
                      ;*new {reexecute=0 rethrow=0 return_oop=1}
                      ; - java.security.ProtectionDomain$JavaSecurityAccessImpl::getCombinedACC@14
                      ; - java.security.ProtectionDomain$JavaSecurityAccessImpl::doIntersectionPrivilege@15
                      ; - java.awt.EventQueue::dispatchEvent@73
  0x0000020851b8897c: 0068 aaff 

  0x0000020851b88980: ;   {other}
  0x0000020851b88980: 0f1f 8400 | f022 0024 | 488b 5c24 | 288b 7424 | 304c 8b6c | 2438 e955 | e5ff ff48 

  0x0000020851b8899c: ;   {metadata('java/security/AccessControlContext')}
  0x0000020851b8899c: 8beb 48ba | 8094 0200 | 0802 0000 

  0x0000020851b889a8: ;   {runtime_call _new_instance_Java}
  0x0000020851b889a8: c5f8 77e8 

  0x0000020851b889ac: ; ImmutableOopMap {rbp=Oop [32]=NarrowOop [48]=Oop [72]=Oop }
                      ;*new {reexecute=0 rethrow=0 return_oop=1}
                      ; - java.security.ProtectionDomain$JavaSecurityAccessImpl::getCombinedACC@0
                      ; - java.security.ProtectionDomain$JavaSecurityAccessImpl::doIntersectionPrivilege@15
                      ; - java.security.ProtectionDomain$JavaSecurityAccessImpl::doIntersectionPrivilege@6
                      ; - java.awt.EventQueue$5::run@11
                      ; - java.awt.EventQueue$5::run@1
                      ; - java.security.AccessController::executePrivileged@29
                      ; - java.security.AccessController::doPrivileged@13
                      ; - java.security.ProtectionDomain$JavaSecurityAccessImpl::doIntersectionPrivilege@18
                      ; - java.awt.EventQueue::dispatchEvent@73
  0x0000020851b889ac: d067 aaff 

  0x0000020851b889b0: ;   {other}
  0x0000020851b889b0: 0f1f 8400 | 2023 0025 | 488b dde9 | 3fe7 ffff | 4c8b 5424 | 404c 8954 | 2428 4889 

  0x0000020851b889cc: ;   {metadata('java/security/AccessControlContext')}
  0x0000020851b889cc: 5c24 2048 | ba80 9402 | 0008 0200 | 0066 6690 

  0x0000020851b889dc: ;   {runtime_call _new_instance_Java}
  0x0000020851b889dc: c5f8 77e8 

  0x0000020851b889e0: ; ImmutableOopMap {rbp=NarrowOop [32]=Oop [40]=Oop [48]=Oop [64]=Oop [72]=Oop }
                      ;*new {reexecute=0 rethrow=0 return_oop=1}
                      ; - java.security.ProtectionDomain$JavaSecurityAccessImpl::getCombinedACC@14
                      ; - java.security.ProtectionDomain$JavaSecurityAccessImpl::doIntersectionPrivilege@15
                      ; - java.security.ProtectionDomain$JavaSecurityAccessImpl::doIntersectionPrivilege@6
                      ; - java.awt.EventQueue$5::run@11
                      ; - java.awt.EventQueue$5::run@1
                      ; - java.security.AccessController::executePrivileged@29
                      ; - java.security.AccessController::doPrivileged@13
                      ; - java.security.ProtectionDomain$JavaSecurityAccessImpl::doIntersectionPrivilege@18
                      ; - java.awt.EventQueue::dispatchEvent@73
  0x0000020851b889e0: 9c67 aaff 

  0x0000020851b889e4: ;   {other}
  0x0000020851b889e4: 0f1f 8400 | 5423 0026 | 488b 5c24 | 20e9 f3e7 | ffff 458b | 420c 498b | da4d 63e8 | 4181 f800 
  0x0000020851b88a04: 0004 000f | 87a3 1200 | 0049 8b97 | b801 0000 | 4a8d 0cad | 1700 0000 | 4c8b d949 | 83e3 f84c 
  0x0000020851b88a24: 8bca 4d03 | cb4d 3b8f | c801 0000 | 0f83 7a12 | 0000 4d89 | 8fb8 0100 | 0041 0f0d | 89c0 0000 
  0x0000020851b88a44: 0048 c702 | 0100 0000 | 410f 0d89 | 0001 0000 

  0x0000020851b88a54: ;   {metadata('java/security/ProtectionDomain'[])}
  0x0000020851b88a54: c742 08c0 | 5a00 0044 | 8942 0c41 | 0f0d 8940 | 0100 0048 | 8bfa 4883 | c710 410f | 0d89 8001 
  0x0000020851b88a74: 0000 48c1 | e903 4883 | c1fe 4833 | c048 83f9 | 087f 1048 | ffc9 7856 | 4889 04cf | 48ff c97d 
  0x0000020851b88a94: f7eb 4bc5 | fdef c0e9 | 0d00 0000 | c5fe 7f07 | c5fe 7f47 | 2048 83c7 | 4048 83e9 | 087d ed48 
  0x0000020851b88ab4: 83c1 047c | 0cc5 fe7f | 0748 83c7 | 2048 83e9 | 0448 83c1 | 047e 1748 | c7c0 ffff | ffff c4e2 
  0x0000020851b88ad4: f0f5 c0c4 | e1fb 92f8 | 62f1 fe2f | 7f07 488b | ea45 85c0 | 0f87 df14 | 0000 ba45 | ffff ff48 
  0x0000020851b88af4: 8974 2430 

  0x0000020851b88af8: ;   {runtime_call UncommonTrapBlob}
  0x0000020851b88af8: c5f8 77e8 

  0x0000020851b88afc: ; ImmutableOopMap {rbp=Oop [48]=Oop [72]=Oop }
                      ;*ifnull {reexecute=1 rethrow=0 return_oop=0}
                      ; - (reexecute) java.security.AccessControlContext::calculateFields@45
                      ; - java.security.AccessControlContext::optimize@193
                      ; - java.security.ProtectionDomain$JavaSecurityAccessImpl::getCombinedACC@26
                      ; - java.security.ProtectionDomain$JavaSecurityAccessImpl::doIntersectionPrivilege@15
                      ; - java.awt.EventQueue::dispatchEvent@46
  0x0000020851b88afc: 00f2 9cff 

  0x0000020851b88b00: ;   {other}
  0x0000020851b88b00: 0f1f 8400 | 7024 0027 | 458b 430c | 4d8b cb49 | 63d8 4181 | f800 0004 | 000f 8704 | 1200 0049 
  0x0000020851b88b20: 8baf b801 | 0000 488d | 0c9d 1700 | 0000 4c8b | d149 83e2 | f848 8bd5 | 4903 d249 | 3b97 c801 
  0x0000020851b88b40: 0000 0f83 | db11 0000 | 4989 97b8 | 0100 000f | 0d8a c000 | 0000 48c7 | 4500 0100 | 0000 0f0d 
  0x0000020851b88b60: 8a00 0100 

  0x0000020851b88b64: ;   {metadata('java/security/ProtectionDomain'[])}
  0x0000020851b88b64: 00c7 4508 | c05a 0000 | 4489 450c | 0f0d 8a40 | 0100 0048 | 8bfd 4883 | c710 0f0d | 8a80 0100 
  0x0000020851b88b84: 0048 c1e9 | 0348 83c1 | fe48 33c0 | 4883 f908 | 7f10 48ff | c978 5648 | 8904 cf48 | ffc9 7df7 
  0x0000020851b88ba4: eb4b c5fd | efc0 e90d | 0000 00c5 | fe7f 07c5 | fe7f 4720 | 4883 c740 | 4883 e908 | 7ded 4883 
  0x0000020851b88bc4: c104 7c0c | c5fe 7f07 | 4883 c720 | 4883 e904 | 4883 c104 | 7e17 48c7 | c0ff ffff | ffc4 e2f0 
  0x0000020851b88be4: f5c0 c4e1 | fb92 f862 | f1fe 2f7f | 0745 85c0 | 0f87 fe13 | 0000 ba45 | ffff ff4c | 8974 2428 
  0x0000020851b88c04: 8974 2438 

  0x0000020851b88c08: ;   {runtime_call UncommonTrapBlob}
  0x0000020851b88c08: c5f8 77e8 

  0x0000020851b88c0c: ; ImmutableOopMap {rbp=Oop [40]=Oop [56]=NarrowOop [72]=Oop }
                      ;*ifnull {reexecute=1 rethrow=0 return_oop=0}
                      ; - (reexecute) java.security.AccessControlContext::calculateFields@45
                      ; - java.security.AccessControlContext::optimize@193
                      ; - java.security.ProtectionDomain$JavaSecurityAccessImpl::getCombinedACC@26
                      ; - java.security.ProtectionDomain$JavaSecurityAccessImpl::doIntersectionPrivilege@15
                      ; - java.awt.EventQueue::dispatchEvent@73
  0x0000020851b88c0c: f0f0 9cff 

  0x0000020851b88c10: ;   {other}
  0x0000020851b88c10: 0f1f 8400 | 8025 0028 | 458b 420c | 498b da49 | 63f0 4181 | f800 0004 | 000f 87c9 | 1100 0049 
  0x0000020851b88c30: 8b97 b801 | 0000 488d | 0cb5 1700 | 0000 4c8b | d949 83e3 | f84c 8bca | 4d03 cb4d | 3b8f c801 
  0x0000020851b88c50: 0000 0f83 | a011 0000 | 4d89 8fb8 | 0100 0041 | 0f0d 89c0 | 0000 0048 | c702 0100 | 0000 410f 
  0x0000020851b88c70: 0d89 0001 

  0x0000020851b88c74: ;   {metadata('java/security/ProtectionDomain'[])}
  0x0000020851b88c74: 0000 c742 | 08c0 5a00 | 0044 8942 | 0c41 0f0d | 8940 0100 | 0048 8bfa | 4883 c710 | 410f 0d89 
  0x0000020851b88c94: 8001 0000 | 48c1 e903 | 4883 c1fe | 4833 c048 | 83f9 087f | 1048 ffc9 | 7856 4889 | 04cf 48ff 
  0x0000020851b88cb4: c97d f7eb | 4bc5 fdef | c0e9 0d00 | 0000 c5fe | 7f07 c5fe | 7f47 2048 | 83c7 4048 | 83e9 087d 
  0x0000020851b88cd4: ed48 83c1 | 047c 0cc5 | fe7f 0748 | 83c7 2048 | 83e9 0448 | 83c1 047e | 1748 c7c0 | ffff ffff 
  0x0000020851b88cf4: c4e2 f0f5 | c0c4 e1fb | 92f8 62f1 | fe2f 7f07 | 488b ea45 | 85c0 0f87 | 3e13 0000 | ba45 ffff 
  0x0000020851b88d14: ff4c 8b54 | 2430 4c89 | 5424 2890 

  0x0000020851b88d20: ;   {runtime_call UncommonTrapBlob}
  0x0000020851b88d20: c5f8 77e8 

  0x0000020851b88d24: ; ImmutableOopMap {rbp=Oop [32]=NarrowOop [40]=Oop [56]=Oop [72]=Oop }
                      ;*ifnull {reexecute=1 rethrow=0 return_oop=0}
                      ; - (reexecute) java.security.AccessControlContext::calculateFields@45
                      ; - java.security.AccessControlContext::optimize@193
                      ; - java.security.AccessController::getContext@19
                      ; - java.security.ProtectionDomain$JavaSecurityAccessImpl::doIntersectionPrivilege@2
                      ; - java.awt.EventQueue$5::run@11
                      ; - java.awt.EventQueue$5::run@1
                      ; - java.security.AccessController::executePrivileged@29
                      ; - java.security.AccessController::doPrivileged@13
                      ; - java.security.ProtectionDomain$JavaSecurityAccessImpl::doIntersectionPrivilege@18
                      ; - java.awt.EventQueue::dispatchEvent@73
  0x0000020851b88d24: d8ef 9cff 

  0x0000020851b88d28: ;   {other}
  0x0000020851b88d28: 0f1f 8400 | 9826 0029 | 4c8b 4c24 | 584c 8b54 | 2428 4c89 | 5424 3844 | 8b54 2430 | 4489 5424 
  0x0000020851b88d48: 404c 8b54 | 2448 4c89 | 5424 284c | 8b54 2450 | 4c89 5424 | 48e9 f3df | ffff 8b74 | 2428 e912 
  0x0000020851b88d68: e2ff ff4c | 8b54 2440 | 4c89 5424 | 58e9 1aec | ffff 488b | 4424 28e9 | 20e3 ffff | baec ffff 
  0x0000020851b88d88: ff66 6690 

  0x0000020851b88d8c: ;   {runtime_call UncommonTrapBlob}
  0x0000020851b88d8c: c5f8 77e8 

  0x0000020851b88d90: ; ImmutableOopMap {rbp=NarrowOop [48]=Oop [72]=Oop }
                      ;*ifnull {reexecute=1 rethrow=0 return_oop=0}
                      ; - (reexecute) java.awt.EventQueue$4::run@7
                      ; - java.awt.EventQueue$4::run@1
                      ; - java.security.AccessController::executePrivileged@29
                      ; - java.security.AccessController::doPrivileged@13
                      ; - java.security.ProtectionDomain$JavaSecurityAccessImpl::doIntersectionPrivilege@18
                      ; - java.awt.EventQueue::dispatchEvent@46
  0x0000020851b88d90: 6cef 9cff 

  0x0000020851b88d94: ;   {other}
  0x0000020851b88d94: 0f1f 8400 | 0427 002a | 33ed 85c9 | 400f 94c5 | ba45 ffff | ff4c 8b4c | 2438 4c89 | 4c24 2844 
  0x0000020851b88db4: 8b4c 2440 | 4489 4c24 | 304c 8b4c | 2448 4c89 | 4c24 3848 | 895c 2440 | 4889 4424 | 4844 8944 
  0x0000020851b88dd4: 2434 4c89 | 5c24 5044 | 8954 2458 

  0x0000020851b88de0: ;   {runtime_call UncommonTrapBlob}
  0x0000020851b88de0: c5f8 77e8 

  0x0000020851b88de4: ; ImmutableOopMap {[32]=Oop [40]=Oop [48]=NarrowOop [56]=Oop [64]=Oop [72]=Oop [80]=Oop }
                      ;*ifne {reexecute=1 rethrow=0 return_oop=0}
                      ; - (reexecute) java.security.AccessControlContext::optimize@116
                      ; - java.security.AccessController::getContext@19
                      ; - java.awt.EventQueue::dispatchEvent@16
  0x0000020851b88de4: 18ef 9cff 

  0x0000020851b88de8: ;   {other}
  0x0000020851b88de8: 0f1f 8400 | 5827 002b | baf6 ffff | ff44 8954 | 2424 4489 | 4424 2890 

  0x0000020851b88e00: ;   {runtime_call UncommonTrapBlob}
  0x0000020851b88e00: c5f8 77e8 

  0x0000020851b88e04: ; ImmutableOopMap {[36]=NarrowOop [40]=NarrowOop [48]=Oop }
                      ;*invokevirtual lock {reexecute=0 rethrow=0 return_oop=0}
                      ; - java.util.concurrent.locks.ReentrantLock::lock@4
                      ; - java.awt.EventQueue::setCurrentEventAndMostRecentTimeImpl@4
                      ; - java.awt.EventQueue::dispatchEventImpl@14
                      ; - java.awt.EventQueue$4::run@32
                      ; - java.awt.EventQueue$4::run@1
                      ; - java.security.AccessController::executePrivileged@29
                      ; - java.security.AccessController::doPrivileged@13
                      ; - java.security.ProtectionDomain$JavaSecurityAccessImpl::doIntersectionPrivilege@18
                      ; - java.awt.EventQueue::dispatchEvent@46
  0x0000020851b88e04: f8ee 9cff 

  0x0000020851b88e08: ;   {other}
  0x0000020851b88e08: 0f1f 8400 | 7827 002c | bade ffff | ff4c 8b5c | 2430 4c89 | 5c24 2044 | 8954 242c | 4489 4424 
  0x0000020851b88e28: 3066 6690 

  0x0000020851b88e2c: ;   {runtime_call UncommonTrapBlob}
  0x0000020851b88e2c: c5f8 77e8 

  0x0000020851b88e30: ; ImmutableOopMap {rbp=NarrowOop [32]=Oop [44]=NarrowOop [48]=NarrowOop }
                      ;*invokeinterface lock {reexecute=0 rethrow=0 return_oop=0}
                      ; - java.awt.EventQueue::setCurrentEventAndMostRecentTimeImpl@4
                      ; - java.awt.EventQueue::dispatchEventImpl@14
                      ; - java.awt.EventQueue$4::run@32
                      ; - java.awt.EventQueue$4::run@1
                      ; - java.security.AccessController::executePrivileged@29
                      ; - java.security.AccessController::doPrivileged@13
                      ; - java.security.ProtectionDomain$JavaSecurityAccessImpl::doIntersectionPrivilege@18
                      ; - java.awt.EventQueue::dispatchEvent@46
  0x0000020851b88e30: ccee 9cff 

  0x0000020851b88e34: ;   {other}
  0x0000020851b88e34: 0f1f 8400 | a427 002d | bade ffff | ff44 896c | 2428 6690 

  0x0000020851b88e48: ;   {runtime_call UncommonTrapBlob}
  0x0000020851b88e48: c5f8 77e8 

  0x0000020851b88e4c: ; ImmutableOopMap {rbp=NarrowOop [40]=NarrowOop [48]=Oop }
                      ;*invokeinterface unlock {reexecute=0 rethrow=0 return_oop=0}
                      ; - java.awt.EventQueue::setCurrentEventAndMostRecentTimeImpl@168
                      ; - java.awt.EventQueue::dispatchEventImpl@14
                      ; - java.awt.EventQueue$4::run@32
                      ; - java.awt.EventQueue$4::run@1
                      ; - java.security.AccessController::executePrivileged@29
                      ; - java.security.AccessController::doPrivileged@13
                      ; - java.security.ProtectionDomain$JavaSecurityAccessImpl::doIntersectionPrivilege@18
                      ; - java.awt.EventQueue::dispatchEvent@46
  0x0000020851b88e4c: b0ee 9cff 

  0x0000020851b88e50: ;   {other}
  0x0000020851b88e50: 0f1f 8400 | c027 002e | ba45 ffff | ff48 895c | 2430 4c89 | 4424 3890 

  0x0000020851b88e68: ;   {runtime_call UncommonTrapBlob}
  0x0000020851b88e68: c5f8 77e8 

  0x0000020851b88e6c: ; ImmutableOopMap {rbp=NarrowOop [32]=Oop [48]=Oop [56]=Oop [72]=Oop }
                      ;*ifnonnull {reexecute=1 rethrow=0 return_oop=0}
                      ; - (reexecute) java.awt.AWTEvent::getAccessControlContext@4
                      ; - java.awt.EventQueue::dispatchEvent@28
  0x0000020851b88e6c: 90ee 9cff 

  0x0000020851b88e70: ;   {other}
  0x0000020851b88e70: 0f1f 8400 | e027 002f | ba45 ffff | ff4c 8b54 | 2438 4c89 | 5424 2844 | 8b54 2440 | 4489 5424 
  0x0000020851b88e90: 304c 8b54 | 2448 4c89 | 5424 3848 | 895c 2440 | 4889 4424 | 484c 895c | 2450 6690 

  0x0000020851b88eac: ;   {runtime_call UncommonTrapBlob}
  0x0000020851b88eac: c5f8 77e8 

  0x0000020851b88eb0: ; ImmutableOopMap {rbp=NarrowOop [32]=Oop [40]=Oop [48]=NarrowOop [56]=Oop [64]=Oop [72]=Oop [80]=Oop }
                      ;*ifnull {reexecute=1 rethrow=0 return_oop=0}
                      ; - (reexecute) java.security.AccessControlContext::optimize@138
                      ; - java.security.AccessController::getContext@19
                      ; - java.awt.EventQueue::dispatchEvent@16
  0x0000020851b88eb0: 4cee 9cff 

  0x0000020851b88eb4: ;   {other}
  0x0000020851b88eb4: 0f1f 8400 | 2428 0030 | ba45 ffff | ff4c 8b54 | 2438 4c89 | 5424 2848 | 895c 2438 

  0x0000020851b88ed0: ;   {runtime_call UncommonTrapBlob}
  0x0000020851b88ed0: c5f8 77e8 

  0x0000020851b88ed4: ; ImmutableOopMap {rbp=NarrowOop [32]=Oop [40]=Oop [56]=Oop [72]=Oop }
                      ;*ifnonnull {reexecute=1 rethrow=0 return_oop=0}
                      ; - (reexecute) java.awt.Component::getAccessControlContext@4
                      ; - java.awt.EventQueue::getAccessControlContextFrom@11
                      ; - java.awt.EventQueue::dispatchEvent@22
  0x0000020851b88ed4: 28ee 9cff 

  0x0000020851b88ed8: ;   {other}
  0x0000020851b88ed8: 0f1f 8400 | 4828 0031 | bae4 ffff | ff48 8b6c | 2420 4c8b | 5424 384c | 8954 2420 | 448b 5424 
  0x0000020851b88ef8: 4044 8954 | 2428 4c8b | 5424 484c | 8954 2430 | 4889 5c24 | 384c 894c | 2440 4489 | 4424 2c4c 
  0x0000020851b88f18: 895c 2448 | 894c 2450 

  0x0000020851b88f20: ;   {runtime_call UncommonTrapBlob}
  0x0000020851b88f20: c5f8 77e8 

  0x0000020851b88f24: ; ImmutableOopMap {rbp=Oop [32]=Oop [40]=NarrowOop [48]=Oop [56]=Oop [64]=Oop [72]=Oop [80]=NarrowOop }
                      ;*aaload {reexecute=0 rethrow=0 return_oop=0}
                      ; - java.security.AccessControlContext::optimize@229
                      ; - java.security.AccessController::getContext@19
                      ; - java.awt.EventQueue::dispatchEvent@16
  0x0000020851b88f24: d8ed 9cff 

  0x0000020851b88f28: ;   {other}
  0x0000020851b88f28: 0f1f 8400 | 9828 0032 | bae4 ffff | ff48 8b6c | 2420 4c8b | 5424 384c | 8954 2420 | 448b 5424 
  0x0000020851b88f48: 4044 8954 | 2428 4c8b | 5424 484c | 8954 2430 | 4889 5c24 | 384c 894c | 2440 4489 | 4424 2c89 
  0x0000020851b88f68: 7c24 504c | 895c 2458 

  0x0000020851b88f70: ;   {runtime_call UncommonTrapBlob}
  0x0000020851b88f70: c5f8 77e8 

  0x0000020851b88f74: ; ImmutableOopMap {rbp=Oop [32]=Oop [40]=NarrowOop [48]=Oop [56]=Oop [64]=Oop [80]=NarrowOop [88]=Oop }
                      ;*aaload {reexecute=0 rethrow=0 return_oop=0}
                      ; - java.security.AccessControlContext::optimize@233
                      ; - java.security.AccessController::getContext@19
                      ; - java.awt.EventQueue::dispatchEvent@16
  0x0000020851b88f74: 88ed 9cff 

  0x0000020851b88f78: ;   {other}
  0x0000020851b88f78: 0f1f 8400 | e828 0033 | ba45 ffff | ff4c 8b54 | 2438 4c89 | 5424 2844 | 8b54 2440 | 4489 5424 
  0x0000020851b88f98: 3048 8944 | 2440 4489 | 4424 3490 

  0x0000020851b88fa4: ;   {runtime_call UncommonTrapBlob}
  0x0000020851b88fa4: c5f8 77e8 

  0x0000020851b88fa8: ; ImmutableOopMap {[32]=Oop [40]=Oop [48]=NarrowOop [52]=NarrowOop [64]=Oop [72]=Oop }
                      ;*ifeq {reexecute=1 rethrow=0 return_oop=0}
                      ; - (reexecute) java.security.AccessControlContext::optimize@27
                      ; - java.security.AccessController::getContext@19
                      ; - java.awt.EventQueue::dispatchEvent@16
  0x0000020851b88fa8: 54ed 9cff 

  0x0000020851b88fac: ;   {other}
  0x0000020851b88fac: 0f1f 8400 | 1c29 0034 | 4889 7c24 | 204c 8bf3 | 498b d7c5 | f877 49ba | 6012 7755 | fd7f 0000 
  0x0000020851b88fcc: ;   {other}
  0x0000020851b88fcc: 41ff d20f | 1f84 0000 | 0000 0049 | 8bde 488b | 7c24 20e9 | 6de4 ffff | ba45 ffff | ff48 8974 
  0x0000020851b88fec: 2428 4889 | 7c24 3090 

  0x0000020851b88ff4: ;   {runtime_call UncommonTrapBlob}
  0x0000020851b88ff4: c5f8 77e8 

  0x0000020851b88ff8: ; ImmutableOopMap {[40]=Oop [48]=Oop [72]=Oop }
                      ;*ifeq {reexecute=1 rethrow=0 return_oop=0}
                      ; - (reexecute) java.security.AccessControlContext::optimize@27
                      ; - java.security.ProtectionDomain$JavaSecurityAccessImpl::getCombinedACC@26
                      ; - java.security.ProtectionDomain$JavaSecurityAccessImpl::doIntersectionPrivilege@15
                      ; - java.awt.EventQueue::dispatchEvent@46
  0x0000020851b88ff8: 04ed 9cff 

  0x0000020851b88ffc: ;   {other}
  0x0000020851b88ffc: 0f1f 8400 | 6c29 0035 | ba45 ffff | ff48 8974 | 2428 4889 | 7c24 3044 | 895c 2438 

  0x0000020851b89018: ;   {runtime_call UncommonTrapBlob}
  0x0000020851b89018: c5f8 77e8 

  0x0000020851b8901c: ; ImmutableOopMap {rbp=NarrowOop [40]=Oop [48]=Oop [56]=NarrowOop [72]=Oop }
                      ;*ifnull {reexecute=1 rethrow=0 return_oop=0}
                      ; - (reexecute) java.security.AccessControlContext::optimize@138
                      ; - java.security.ProtectionDomain$JavaSecurityAccessImpl::getCombinedACC@26
                      ; - java.security.ProtectionDomain$JavaSecurityAccessImpl::doIntersectionPrivilege@15
                      ; - java.awt.EventQueue::dispatchEvent@46
  0x0000020851b8901c: e0ec 9cff 

  0x0000020851b89020: ;   {other}
  0x0000020851b89020: 0f1f 8400 | 9029 0036 | ba45 ffff | ff4c 8b54 | 2430 4c89 | 5424 2890 

  0x0000020851b89038: ;   {runtime_call UncommonTrapBlob}
  0x0000020851b89038: c5f8 77e8 

  0x0000020851b8903c: ; ImmutableOopMap {[32]=NarrowOop [36]=NarrowOop [40]=Oop }
                      ;*ifne {reexecute=1 rethrow=0 return_oop=0}
                      ; - (reexecute) java.awt.EventQueue::setCurrentEventAndMostRecentTimeImpl@12
                      ; - java.awt.EventQueue::dispatchEventImpl@14
                      ; - java.awt.EventQueue$4::run@32
                      ; - java.awt.EventQueue$4::run@1
                      ; - java.security.AccessController::executePrivileged@29
                      ; - java.security.AccessController::doPrivileged@13
                      ; - java.security.ProtectionDomain$JavaSecurityAccessImpl::doIntersectionPrivilege@18
                      ; - java.awt.EventQueue::dispatchEvent@46
  0x0000020851b8903c: c0ec 9cff 

  0x0000020851b89040: ;   {other}
  0x0000020851b89040: 0f1f 8400 | b029 0037 | 498b d7c5 | f877 49ba | 6012 7755 | fd7f 0000 

  0x0000020851b89058: ;   {other}
  0x0000020851b89058: 41ff d20f | 1f84 0000 | 0000 00e9 | f4e6 ffff | 498b d7c5 | f877 49ba | 6012 7755 | fd7f 0000 
  0x0000020851b89078: ;   {other}
  0x0000020851b89078: 41ff d20f | 1f84 0000 | 0000 00e9 | 52ef ffff | 498b d7c5 | f877 49ba | 6012 7755 | fd7f 0000 
  0x0000020851b89098: ;   {other}
  0x0000020851b89098: 41ff d20f | 1f84 0000 | 0000 00e9 | 78e7 ffff | 498b d7c5 | f877 49ba | 6012 7755 | fd7f 0000 
  0x0000020851b890b8: ;   {other}
  0x0000020851b890b8: 41ff d20f | 1f84 0000 | 0000 00e9 | 77e5 ffff | ba45 ffff | ff4c 8b54 | 2430 4c89 | 5424 2844 
  0x0000020851b890d8: 8b54 2424 | 4489 5424 | 2044 894c | 2424 4c89 | 5c24 3090 

  0x0000020851b890ec: ;   {runtime_call UncommonTrapBlob}
  0x0000020851b890ec: c5f8 77e8 

  0x0000020851b890f0: ; ImmutableOopMap {rbp=NarrowOop [32]=NarrowOop [36]=NarrowOop [40]=Oop [48]=Oop }
                      ;*if_acmpeq {reexecute=1 rethrow=0 return_oop=0}
                      ; - (reexecute) java.awt.EventQueue::setCurrentEventAndMostRecentTimeImpl@22
                      ; - java.awt.EventQueue::dispatchEventImpl@14
                      ; - java.awt.EventQueue$4::run@32
                      ; - java.awt.EventQueue$4::run@1
                      ; - java.security.AccessController::executePrivileged@29
                      ; - java.security.AccessController::doPrivileged@13
                      ; - java.security.ProtectionDomain$JavaSecurityAccessImpl::doIntersectionPrivilege@18
                      ; - java.awt.EventQueue::dispatchEvent@46
  0x0000020851b890f0: 0cec 9cff 

  0x0000020851b890f4: ;   {other}
  0x0000020851b890f4: 0f1f 8400 | 642a 0038 | ba45 ffff | ff4c 8b54 | 2430 4c89 | 5424 2044 | 896c 2428 | 8974 242c 
  0x0000020851b89114: 4c89 4424 | 3066 6690 

  0x0000020851b8911c: ;   {runtime_call UncommonTrapBlob}
  0x0000020851b8911c: c5f8 77e8 

  0x0000020851b89120: ; ImmutableOopMap {rbp=NarrowOop [32]=Oop [40]=NarrowOop [44]=NarrowOop [48]=Oop }
                      ;*if_acmpeq {reexecute=1 rethrow=0 return_oop=0}
                      ; - (reexecute) java.util.concurrent.locks.ReentrantLock$Sync::tryRelease@14
                      ; - java.util.concurrent.locks.AbstractQueuedSynchronizer::release@2
                      ; - java.util.concurrent.locks.ReentrantLock::unlock@5
                      ; - java.awt.EventQueue::setCurrentEventAndMostRecentTimeImpl@168
                      ; - java.awt.EventQueue::dispatchEventImpl@14
                      ; - java.awt.EventQueue$4::run@32
                      ; - java.awt.EventQueue$4::run@1
                      ; - java.security.AccessController::executePrivileged@29
                      ; - java.security.AccessController::doPrivileged@13
                      ; - java.security.ProtectionDomain$JavaSecurityAccessImpl::doIntersectionPrivilege@18
                      ; - java.awt.EventQueue::dispatchEvent@46
  0x0000020851b89120: dceb 9cff 

  0x0000020851b89124: ;   {other}
  0x0000020851b89124: 0f1f 8400 | 942a 0039 | ba45 ffff | ff66 6690 

  0x0000020851b89134: ;   {runtime_call UncommonTrapBlob}
  0x0000020851b89134: c5f8 77e8 

  0x0000020851b89138: ; ImmutableOopMap {[32]=Oop [48]=Oop }
                      ;*ifeq {reexecute=1 rethrow=0 return_oop=0}
                      ; - (reexecute) java.awt.event.InvocationEvent::dispatch@4
                      ; - java.awt.EventQueue::dispatchEventImpl@21
                      ; - java.awt.EventQueue$4::run@32
                      ; - java.awt.EventQueue$4::run@1
                      ; - java.security.AccessController::executePrivileged@29
                      ; - java.security.AccessController::doPrivileged@13
                      ; - java.security.ProtectionDomain$JavaSecurityAccessImpl::doIntersectionPrivilege@18
                      ; - java.awt.EventQueue::dispatchEvent@46
  0x0000020851b89138: c4eb 9cff 

  0x0000020851b8913c: ;   {other}
  0x0000020851b8913c: 0f1f 8400 | ac2a 003a | ba45 ffff | ff66 6690 

  0x0000020851b8914c: ;   {runtime_call UncommonTrapBlob}
  0x0000020851b8914c: c5f8 77e8 

  0x0000020851b89150: ; ImmutableOopMap {rbp=NarrowOop [32]=Oop [48]=Oop }
                      ;*ifnull {reexecute=1 rethrow=0 return_oop=0}
                      ; - (reexecute) java.awt.event.InvocationEvent::finishedDispatching@9
                      ; - java.awt.event.InvocationEvent::dispatch@54
                      ; - java.awt.EventQueue::dispatchEventImpl@21
                      ; - java.awt.EventQueue$4::run@32
                      ; - java.awt.EventQueue$4::run@1
                      ; - java.security.AccessController::executePrivileged@29
                      ; - java.security.AccessController::doPrivileged@13
                      ; - java.security.ProtectionDomain$JavaSecurityAccessImpl::doIntersectionPrivilege@18
                      ; - java.awt.EventQueue::dispatchEvent@46
  0x0000020851b89150: aceb 9cff 

  0x0000020851b89154: ;   {other}
  0x0000020851b89154: 0f1f 8400 | c42a 003b | ba45 ffff | ff66 6690 

  0x0000020851b89164: ;   {runtime_call UncommonTrapBlob}
  0x0000020851b89164: c5f8 77e8 

  0x0000020851b89168: ; ImmutableOopMap {rbp=NarrowOop [32]=Oop [48]=Oop }
                      ;*ifnull {reexecute=1 rethrow=0 return_oop=0}
                      ; - (reexecute) java.awt.event.InvocationEvent::finishedDispatching@40
                      ; - java.awt.event.InvocationEvent::dispatch@54
                      ; - java.awt.EventQueue::dispatchEventImpl@21
                      ; - java.awt.EventQueue$4::run@32
                      ; - java.awt.EventQueue$4::run@1
                      ; - java.security.AccessController::executePrivileged@29
                      ; - java.security.AccessController::doPrivileged@13
                      ; - java.security.ProtectionDomain$JavaSecurityAccessImpl::doIntersectionPrivilege@18
                      ; - java.awt.EventQueue::dispatchEvent@46
  0x0000020851b89168: 94eb 9cff 

  0x0000020851b8916c: ;   {other}
  0x0000020851b8916c: 0f1f 8400 | dc2a 003c | 498b d7c5 | f877 49ba | 6012 7755 | fd7f 0000 

  0x0000020851b89184: ;   {other}
  0x0000020851b89184: 41ff d20f | 1f84 0000 | 0000 00e9 | d4dc ffff | 498b d7c5 | f877 49ba | 6012 7755 | fd7f 0000 
  0x0000020851b891a4: ;   {other}
  0x0000020851b891a4: 41ff d20f | 1f84 0000 | 0000 00e9 | a6df ffff | 33ed 4585 | db40 0f94 | c5ba 45ff | ffff 4c8b 
  0x0000020851b891c4: 5424 304c | 8954 2428 | 4c8b 5424 | 484c 8954 | 2430 4889 | 4424 4089 | 4c24 244c | 894c 2448 
  0x0000020851b891e4: 4489 4424 | 5066 6690 

  0x0000020851b891ec: ;   {runtime_call UncommonTrapBlob}
  0x0000020851b891ec: c5f8 77e8 

  0x0000020851b891f0: ; ImmutableOopMap {[32]=NarrowOop [40]=Oop [48]=Oop [56]=Oop [64]=Oop [72]=Oop }
                      ;*ifne {reexecute=1 rethrow=0 return_oop=0}
                      ; - (reexecute) java.security.AccessControlContext::optimize@116
                      ; - java.security.AccessController::getContext@19
                      ; - java.security.ProtectionDomain$JavaSecurityAccessImpl::doIntersectionPrivilege@2
                      ; - java.awt.EventQueue$5::run@11
                      ; - java.awt.EventQueue$5::run@1
                      ; - java.security.AccessController::executePrivileged@29
                      ; - java.security.AccessController::doPrivileged@13
                      ; - java.security.ProtectionDomain$JavaSecurityAccessImpl::doIntersectionPrivilege@18
                      ; - java.awt.EventQueue::dispatchEvent@73
  0x0000020851b891f0: 0ceb 9cff 

  0x0000020851b891f4: ;   {other}
  0x0000020851b891f4: 0f1f 8400 | 642b 003d | ba45 ffff | ff4c 8974 | 2420 4c89 | 6c24 2889 | 7424 3890 

  0x0000020851b89210: ;   {runtime_call UncommonTrapBlob}
  0x0000020851b89210: c5f8 77e8 

  0x0000020851b89214: ; ImmutableOopMap {[32]=Oop [40]=Oop [56]=NarrowOop [72]=Oop }
                      ;*ifeq {reexecute=1 rethrow=0 return_oop=0}
                      ; - (reexecute) java.security.AccessControlContext::optimize@27
                      ; - java.security.ProtectionDomain$JavaSecurityAccessImpl::getCombinedACC@26
                      ; - java.security.ProtectionDomain$JavaSecurityAccessImpl::doIntersectionPrivilege@15
                      ; - java.awt.EventQueue::dispatchEvent@73
  0x0000020851b89214: e8ea 9cff 

  0x0000020851b89218: ;   {other}
  0x0000020851b89218: 0f1f 8400 | 882b 003e | ba45 ffff | ff4c 8974 | 2420 4c89 | 6c24 2844 | 895c 2430 | 8974 2434 
  0x0000020851b89238: ;   {runtime_call UncommonTrapBlob}
  0x0000020851b89238: c5f8 77e8 

  0x0000020851b8923c: ; ImmutableOopMap {rbp=NarrowOop [32]=Oop [40]=Oop [48]=NarrowOop [52]=NarrowOop [72]=Oop }
                      ;*ifnull {reexecute=1 rethrow=0 return_oop=0}
                      ; - (reexecute) java.security.AccessControlContext::optimize@138
                      ; - java.security.ProtectionDomain$JavaSecurityAccessImpl::getCombinedACC@26
                      ; - java.security.ProtectionDomain$JavaSecurityAccessImpl::doIntersectionPrivilege@15
                      ; - java.awt.EventQueue::dispatchEvent@73
  0x0000020851b8923c: c0ea 9cff 

  0x0000020851b89240: ;   {other}
  0x0000020851b89240: 0f1f 8400 | b02b 003f | ba45 ffff | ff4c 8b54 | 2430 4c89 | 5424 2090 

  0x0000020851b89258: ;   {runtime_call UncommonTrapBlob}
  0x0000020851b89258: c5f8 77e8 

  0x0000020851b8925c: ; ImmutableOopMap {[32]=Oop [64]=Oop [72]=Oop [88]=Oop }
                      ;*ifeq {reexecute=1 rethrow=0 return_oop=0}
                      ; - (reexecute) java.security.AccessControlContext::optimize@27
                      ; - java.security.ProtectionDomain$JavaSecurityAccessImpl::getCombinedACC@26
                      ; - java.security.ProtectionDomain$JavaSecurityAccessImpl::doIntersectionPrivilege@15
                      ; - java.security.ProtectionDomain$JavaSecurityAccessImpl::doIntersectionPrivilege@6
                      ; - java.awt.EventQueue$5::run@11
                      ; - java.awt.EventQueue$5::run@1
                      ; - java.security.AccessController::executePrivileged@29
                      ; - java.security.AccessController::doPrivileged@13
                      ; - java.security.ProtectionDomain$JavaSecurityAccessImpl::doIntersectionPrivilege@18
                      ; - java.awt.EventQueue::dispatchEvent@73
  0x0000020851b8925c: a0ea 9cff 

  0x0000020851b89260: ;   {other}
  0x0000020851b89260: 0f1f 8400 | d02b 0040 | ba45 ffff | ff4c 8b54 | 2430 4c89 | 5424 204c | 8b54 2440 | 4c89 5424 
  0x0000020851b89280: 3844 895c | 2440 6690 

  0x0000020851b89288: ;   {runtime_call UncommonTrapBlob}
  0x0000020851b89288: c5f8 77e8 

  0x0000020851b8928c: ; ImmutableOopMap {rbp=NarrowOop [32]=Oop [56]=Oop [64]=NarrowOop [72]=Oop [88]=Oop }
                      ;*ifnull {reexecute=1 rethrow=0 return_oop=0}
                      ; - (reexecute) java.security.AccessControlContext::optimize@138
                      ; - java.security.ProtectionDomain$JavaSecurityAccessImpl::getCombinedACC@26
                      ; - java.security.ProtectionDomain$JavaSecurityAccessImpl::doIntersectionPrivilege@15
                      ; - java.security.ProtectionDomain$JavaSecurityAccessImpl::doIntersectionPrivilege@6
                      ; - java.awt.EventQueue$5::run@11
                      ; - java.awt.EventQueue$5::run@1
                      ; - java.security.AccessController::executePrivileged@29
                      ; - java.security.AccessController::doPrivileged@13
                      ; - java.security.ProtectionDomain$JavaSecurityAccessImpl::doIntersectionPrivilege@18
                      ; - java.awt.EventQueue::dispatchEvent@73
  0x0000020851b8928c: 70ea 9cff 

  0x0000020851b89290: ;   {other}
  0x0000020851b89290: 0f1f 8400 | 002c 0041 | ba45 ffff | ff4c 8b54 | 2430 4c89 | 5424 284c | 8b54 2448 | 4c89 5424 
  0x0000020851b892b0: 3048 8944 | 2440 4c89 | 4c24 4890 

  0x0000020851b892bc: ;   {runtime_call UncommonTrapBlob}
  0x0000020851b892bc: c5f8 77e8 

  0x0000020851b892c0: ; ImmutableOopMap {rbp=NarrowOop [32]=NarrowOop [40]=Oop [48]=Oop [56]=Oop [64]=Oop [72]=Oop }
                      ;*ifnull {reexecute=1 rethrow=0 return_oop=0}
                      ; - (reexecute) java.security.AccessControlContext::optimize@138
                      ; - java.security.AccessController::getContext@19
                      ; - java.security.ProtectionDomain$JavaSecurityAccessImpl::doIntersectionPrivilege@2
                      ; - java.awt.EventQueue$5::run@11
                      ; - java.awt.EventQueue$5::run@1
                      ; - java.security.AccessController::executePrivileged@29
                      ; - java.security.AccessController::doPrivileged@13
                      ; - java.security.ProtectionDomain$JavaSecurityAccessImpl::doIntersectionPrivilege@18
                      ; - java.awt.EventQueue::dispatchEvent@73
  0x0000020851b892c0: 3cea 9cff 

  0x0000020851b892c4: ;   {other}
  0x0000020851b892c4: 0f1f 8400 | 342c 0042 | bae4 ffff | ff48 8974 | 2420 4889 | 7c24 2844 | 8954 2430 | 4489 5c24 
  0x0000020851b892e4: 3489 4c24 | 3866 6690 

  0x0000020851b892ec: ;   {runtime_call UncommonTrapBlob}
  0x0000020851b892ec: c5f8 77e8 

  0x0000020851b892f0: ; ImmutableOopMap {[32]=Oop [40]=Oop [52]=NarrowOop [56]=NarrowOop [72]=Oop }
                      ;*aaload {reexecute=0 rethrow=0 return_oop=0}
                      ; - java.security.AccessControlContext::optimize@229
                      ; - java.security.ProtectionDomain$JavaSecurityAccessImpl::getCombinedACC@26
                      ; - java.security.ProtectionDomain$JavaSecurityAccessImpl::doIntersectionPrivilege@15
                      ; - java.awt.EventQueue::dispatchEvent@46
  0x0000020851b892f0: 0cea 9cff 

  0x0000020851b892f4: ;   {other}
  0x0000020851b892f4: 0f1f 8400 | 642c 0043 | bae4 ffff | ff48 8974 | 2420 4889 | 7c24 2844 | 8954 2430 | 894c 2438 
  0x0000020851b89314: 4489 5c24 | 3c66 6690 

  0x0000020851b8931c: ;   {runtime_call UncommonTrapBlob}
  0x0000020851b8931c: c5f8 77e8 

  0x0000020851b89320: ; ImmutableOopMap {[32]=Oop [40]=Oop [56]=NarrowOop [60]=NarrowOop [72]=Oop }
                      ;*aaload {reexecute=0 rethrow=0 return_oop=0}
                      ; - java.security.AccessControlContext::optimize@233
                      ; - java.security.ProtectionDomain$JavaSecurityAccessImpl::getCombinedACC@26
                      ; - java.security.ProtectionDomain$JavaSecurityAccessImpl::doIntersectionPrivilege@15
                      ; - java.awt.EventQueue::dispatchEvent@46
  0x0000020851b89320: dce9 9cff 

  0x0000020851b89324: ;   {other}
  0x0000020851b89324: 0f1f 8400 | 942c 0044 | ba45 ffff | ff48 8b6c | 2420 4c8b | 5424 384c | 8954 2420 | 4889 5c24 
  0x0000020851b89344: 3866 6690 

  0x0000020851b89348: ;   {runtime_call UncommonTrapBlob}
  0x0000020851b89348: c5f8 77e8 

  0x0000020851b8934c: ; ImmutableOopMap {rbp=Oop [32]=Oop [56]=Oop [64]=NarrowOop [72]=Oop }
                      ;*ifeq {reexecute=1 rethrow=0 return_oop=0}
                      ; - (reexecute) java.awt.EventQueue::getAccessControlContextFrom@38
                      ; - java.awt.EventQueue::dispatchEvent@22
  0x0000020851b8934c: b0e9 9cff 

  0x0000020851b89350: ;   {other}
  0x0000020851b89350: 0f1f 8400 | c02c 0045 | 488b fd44 | 8b5f 1045 | 85db 0f84 | 12f0 ffff | 4d8b 5728 | 498b cb4d 
  0x0000020851b89370: 85d2 0f84 | 0a0b 0000 | 4d8b 5f38 | 4b89 4c13 | f849 83c2 | f84d 8957 | 28e9 ecef | ffff 448b 
  0x0000020851b89390: 5718 4585 | d20f 8422 | f0ff ff4d | 8b5f 2849 | 8bca 4d85 | db0f 84b7 | 0a00 004d | 8b57 384b 
  0x0000020851b893b0: 894c 1af8 | 4983 c3f8 | 4d89 5f28 | e9fc efff | ffba 45ff | ffff 4c8b | 5424 384c | 8954 2428 
  0x0000020851b893d0: 448b 5424 | 4044 8954 | 2430 4c8b | 5424 484c | 8954 2438 | 4889 5c24 | 404c 894c | 2448 4489 
  0x0000020851b893f0: 4424 344c | 895c 2450 | 897c 2458 

  0x0000020851b893fc: ;   {runtime_call UncommonTrapBlob}
  0x0000020851b893fc: c5f8 77e8 

  0x0000020851b89400: ; ImmutableOopMap {rbp=NarrowOop [32]=Oop [40]=Oop [48]=NarrowOop [56]=Oop [64]=Oop [72]=Oop [80]=Oop [88]=NarrowOop }
                      ;*if_acmpne {reexecute=1 rethrow=0 return_oop=0}
                      ; - (reexecute) java.security.AccessControlContext::optimize@234
                      ; - java.security.AccessController::getContext@19
                      ; - java.awt.EventQueue::dispatchEvent@16
  0x0000020851b89400: fce8 9cff 

  0x0000020851b89404: ;   {other}
  0x0000020851b89404: 0f1f 8400 | 742d 0046 | 4d8b 5748 | 4d8b 5f58 | f083 4424 | c000 8039 | 000f 848f | efff ff44 
  0x0000020851b89424: 8821 4d85 | d275 2049 | 8bd7 c5f8 | 7749 ba40 | 1277 55fd | 7f00 0041 

  0x0000020851b8943c: ;   {other}
  0x0000020851b8943c: ffd2 0f1f | 8400 0000 | 0000 e967 | efff ff4b | 894c 13f8 | 4983 c2f8 | 4d89 5748 | e955 efff 
  0x0000020851b8945c: ffba e4ff | ffff 498b | ee4c 896c | 2420 4489 | 4424 2844 | 895c 242c | 4489 4c24 | 3089 7424 
  0x0000020851b8947c: 3466 6690 

  0x0000020851b89480: ;   {runtime_call UncommonTrapBlob}
  0x0000020851b89480: c5f8 77e8 

  0x0000020851b89484: ; ImmutableOopMap {rbp=Oop [32]=Oop [44]=NarrowOop [48]=NarrowOop [52]=NarrowOop [72]=Oop }
                      ;*aaload {reexecute=0 rethrow=0 return_oop=0}
                      ; - java.security.AccessControlContext::optimize@229
                      ; - java.security.ProtectionDomain$JavaSecurityAccessImpl::getCombinedACC@26
                      ; - java.security.ProtectionDomain$JavaSecurityAccessImpl::doIntersectionPrivilege@15
                      ; - java.awt.EventQueue::dispatchEvent@73
  0x0000020851b89484: 78e8 9cff 

  0x0000020851b89488: ;   {other}
  0x0000020851b89488: 0f1f 8400 | f82d 0047 | bae4 ffff | ff49 8bee | 4c89 6c24 | 2044 8944 | 2428 894c | 2430 4489 
  0x0000020851b894a8: 5c24 3489 | 7424 4090 

  0x0000020851b894b0: ;   {runtime_call UncommonTrapBlob}
  0x0000020851b894b0: c5f8 77e8 

  0x0000020851b894b4: ; ImmutableOopMap {rbp=Oop [32]=Oop [48]=NarrowOop [52]=NarrowOop [64]=NarrowOop [72]=Oop }
                      ;*aaload {reexecute=0 rethrow=0 return_oop=0}
                      ; - java.security.AccessControlContext::optimize@233
                      ; - java.security.ProtectionDomain$JavaSecurityAccessImpl::getCombinedACC@26
                      ; - java.security.ProtectionDomain$JavaSecurityAccessImpl::doIntersectionPrivilege@15
                      ; - java.awt.EventQueue::dispatchEvent@73
  0x0000020851b894b4: 48e8 9cff 

  0x0000020851b894b8: ;   {other}
  0x0000020851b894b8: 0f1f 8400 | 282e 0048 | bae4 ffff | ff48 8b6c | 2430 4c8b | 5c24 404c | 895c 2430 | 4489 5424 
  0x0000020851b894d8: 3844 8944 | 243c 894c | 2440 6690 

  0x0000020851b894e4: ;   {runtime_call UncommonTrapBlob}
  0x0000020851b894e4: c5f8 77e8 

  0x0000020851b894e8: ; ImmutableOopMap {rbp=Oop [48]=Oop [60]=NarrowOop [64]=NarrowOop [72]=Oop [88]=Oop }
                      ;*aaload {reexecute=0 rethrow=0 return_oop=0}
                      ; - java.security.AccessControlContext::optimize@229
                      ; - java.security.ProtectionDomain$JavaSecurityAccessImpl::getCombinedACC@26
                      ; - java.security.ProtectionDomain$JavaSecurityAccessImpl::doIntersectionPrivilege@15
                      ; - java.security.ProtectionDomain$JavaSecurityAccessImpl::doIntersectionPrivilege@6
                      ; - java.awt.EventQueue$5::run@11
                      ; - java.awt.EventQueue$5::run@1
                      ; - java.security.AccessController::executePrivileged@29
                      ; - java.security.AccessController::doPrivileged@13
                      ; - java.security.ProtectionDomain$JavaSecurityAccessImpl::doIntersectionPrivilege@18
                      ; - java.awt.EventQueue::dispatchEvent@73
  0x0000020851b894e8: 14e8 9cff 

  0x0000020851b894ec: ;   {other}
  0x0000020851b894ec: 0f1f 8400 | 5c2e 0049 | bae4 ffff | ff48 8b6c | 2430 4c8b | 4c24 404c | 894c 2430 | 4489 5424 
  0x0000020851b8950c: 3844 895c | 2440 4489 | 4424 4490 

  0x0000020851b89518: ;   {runtime_call UncommonTrapBlob}
  0x0000020851b89518: c5f8 77e8 

  0x0000020851b8951c: ; ImmutableOopMap {rbp=Oop [48]=Oop [64]=NarrowOop [68]=NarrowOop [72]=Oop [88]=Oop }
                      ;*aaload {reexecute=0 rethrow=0 return_oop=0}
                      ; - java.security.AccessControlContext::optimize@233
                      ; - java.security.ProtectionDomain$JavaSecurityAccessImpl::getCombinedACC@26
                      ; - java.security.ProtectionDomain$JavaSecurityAccessImpl::doIntersectionPrivilege@15
                      ; - java.security.ProtectionDomain$JavaSecurityAccessImpl::doIntersectionPrivilege@6
                      ; - java.awt.EventQueue$5::run@11
                      ; - java.awt.EventQueue$5::run@1
                      ; - java.security.AccessController::executePrivileged@29
                      ; - java.security.AccessController::doPrivileged@13
                      ; - java.security.ProtectionDomain$JavaSecurityAccessImpl::doIntersectionPrivilege@18
                      ; - java.awt.EventQueue::dispatchEvent@73
  0x0000020851b8951c: e0e7 9cff 

  0x0000020851b89520: ;   {other}
  0x0000020851b89520: 0f1f 8400 | 902e 004a | bae4 ffff | ff48 8b6c | 2430 4c8b | 5424 484c | 8954 2428 | 4c8b 5424 
  0x0000020851b89540: 384c 8954 | 2430 4889 | 4424 3889 | 4c24 244c | 894c 2440 | 4489 5c24 | 4866 6690 

  0x0000020851b8955c: ;   {runtime_call UncommonTrapBlob}
  0x0000020851b8955c: c5f8 77e8 

  0x0000020851b89560: ; ImmutableOopMap {rbp=Oop [32]=NarrowOop [40]=Oop [48]=Oop [56]=Oop [64]=Oop [72]=NarrowOop }
                      ;*aaload {reexecute=0 rethrow=0 return_oop=0}
                      ; - java.security.AccessControlContext::optimize@229
                      ; - java.security.AccessController::getContext@19
                      ; - java.security.ProtectionDomain$JavaSecurityAccessImpl::doIntersectionPrivilege@2
                      ; - java.awt.EventQueue$5::run@11
                      ; - java.awt.EventQueue$5::run@1
                      ; - java.security.AccessController::executePrivileged@29
                      ; - java.security.AccessController::doPrivileged@13
                      ; - java.security.ProtectionDomain$JavaSecurityAccessImpl::doIntersectionPrivilege@18
                      ; - java.awt.EventQueue::dispatchEvent@73
  0x0000020851b89560: 9ce7 9cff 

  0x0000020851b89564: ;   {other}
  0x0000020851b89564: 0f1f 8400 | d42e 004b | bae4 ffff | ff48 8b6c | 2430 4c8b | 5424 484c | 8954 2428 | 4c8b 5424 
  0x0000020851b89584: 384c 8954 | 2430 4889 | 4424 3889 | 4c24 2444 | 895c 2448 | 4c89 4c24 | 5066 6690 

  0x0000020851b895a0: ;   {runtime_call UncommonTrapBlob}
  0x0000020851b895a0: c5f8 77e8 

  0x0000020851b895a4: ; ImmutableOopMap {rbp=Oop [32]=NarrowOop [40]=Oop [48]=Oop [56]=Oop [72]=NarrowOop [80]=Oop }
                      ;*aaload {reexecute=0 rethrow=0 return_oop=0}
                      ; - java.security.AccessControlContext::optimize@233
                      ; - java.security.AccessController::getContext@19
                      ; - java.security.ProtectionDomain$JavaSecurityAccessImpl::doIntersectionPrivilege@2
                      ; - java.awt.EventQueue$5::run@11
                      ; - java.awt.EventQueue$5::run@1
                      ; - java.security.AccessController::executePrivileged@29
                      ; - java.security.AccessController::doPrivileged@13
                      ; - java.security.ProtectionDomain$JavaSecurityAccessImpl::doIntersectionPrivilege@18
                      ; - java.awt.EventQueue::dispatchEvent@73
  0x0000020851b895a4: 58e7 9cff 

  0x0000020851b895a8: ;   {other}
  0x0000020851b895a8: 0f1f 8400 | 182f 004c | ba45 ffff | ff4c 8b5c | 2430 4c89 | 5c24 2844 | 8954 2424 

  0x0000020851b895c4: ;   {runtime_call UncommonTrapBlob}
  0x0000020851b895c4: c5f8 77e8 

  0x0000020851b895c8: ; ImmutableOopMap {[32]=NarrowOop [36]=NarrowOop [40]=Oop [56]=Oop [72]=Oop }
                      ;*ifeq {reexecute=1 rethrow=0 return_oop=0}
                      ; - (reexecute) java.security.AccessControlContext::optimize@27
                      ; - java.security.AccessController::getContext@19
                      ; - java.security.ProtectionDomain$JavaSecurityAccessImpl::doIntersectionPrivilege@2
                      ; - java.awt.EventQueue$5::run@11
                      ; - java.awt.EventQueue$5::run@1
                      ; - java.security.AccessController::executePrivileged@29
                      ; - java.security.AccessController::doPrivileged@13
                      ; - java.security.ProtectionDomain$JavaSecurityAccessImpl::doIntersectionPrivilege@18
                      ; - java.awt.EventQueue::dispatchEvent@73
  0x0000020851b895c8: 34e7 9cff 

  0x0000020851b895cc: ;   {other}
  0x0000020851b895cc: 0f1f 8400 | 3c2f 004d | ba45 ffff | ff4c 8b54 | 2438 4c89 | 5424 2844 | 8b5c 2440 | 4489 5c24 
  0x0000020851b895ec: 304c 8b54 | 2448 4c89 | 5424 3848 | 8944 2448 

  0x0000020851b895fc: ;   {runtime_call UncommonTrapBlob}
  0x0000020851b895fc: c5f8 77e8 

  0x0000020851b89600: ; ImmutableOopMap {[32]=Oop [40]=Oop [48]=NarrowOop [56]=Oop [72]=Oop [80]=Oop }
                      ;*ifeq {reexecute=1 rethrow=0 return_oop=0}
                      ; - (reexecute) java.security.AccessControlContext::optimize@56
                      ; - java.security.AccessController::getContext@19
                      ; - java.awt.EventQueue::dispatchEvent@16
  0x0000020851b89600: fce6 9cff 

  0x0000020851b89604: ;   {other}
  0x0000020851b89604: 0f1f 8400 | 742f 004e | 448b 5f18 | 4585 db0f | 84b1 eeff | ff4d 8b57 | 2849 8bcb | 4d85 d20f 
  0x0000020851b89624: 84c4 0800 | 004d 8b5f | 384b 894c | 13f8 4983 | c2f8 4d89 | 5728 e98b | eeff ff48 | 8bfd 448b 
  0x0000020851b89644: 5710 4585 | d20f 8438 | eeff ff4d | 8b5f 2849 | 8bca 4d85 | db0f 846e | 0800 004d | 8b57 384b 
  0x0000020851b89664: 894c 1af8 | 4983 c3f8 | 4d89 5f28 | e912 eeff | ffba 45ff | ffff 4889 | 7424 2848 | 897c 2430 
  0x0000020851b89684: 4489 5424 | 3844 895c | 243c 894c | 2440 6690 

  0x0000020851b89694: ;   {runtime_call UncommonTrapBlob}
  0x0000020851b89694: c5f8 77e8 

  0x0000020851b89698: ; ImmutableOopMap {rbp=NarrowOop [40]=Oop [48]=Oop [60]=NarrowOop [64]=NarrowOop [72]=Oop }
                      ;*if_acmpne {reexecute=1 rethrow=0 return_oop=0}
                      ; - (reexecute) java.security.AccessControlContext::optimize@234
                      ; - java.security.ProtectionDomain$JavaSecurityAccessImpl::getCombinedACC@26
                      ; - java.security.ProtectionDomain$JavaSecurityAccessImpl::doIntersectionPrivilege@15
                      ; - java.awt.EventQueue::dispatchEvent@46
  0x0000020851b89698: 64e6 9cff 

  0x0000020851b8969c: ;   {other}
  0x0000020851b8969c: 0f1f 8400 | 0c30 004f | 4d8b 5748 | 4d8b 5f58 | f083 4424 | c000 8039 | 000f 8404 | eeff ff44 
  0x0000020851b896bc: 8821 4d85 | d275 2049 | 8bd7 c5f8 | 7749 ba40 | 1277 55fd | 7f00 0041 

  0x0000020851b896d4: ;   {other}
  0x0000020851b896d4: ffd2 0f1f | 8400 0000 | 0000 e9dc | edff ff4b | 894c 13f8 | 4983 c2f8 | 4d89 5748 | e9ca edff 
  0x0000020851b896f4: ffba 45ff | ffff 4489 | 5424 2444 | 896c 2428 

  0x0000020851b89704: ;   {runtime_call UncommonTrapBlob}
  0x0000020851b89704: c5f8 77e8 

  0x0000020851b89708: ; ImmutableOopMap {[36]=NarrowOop [40]=NarrowOop [48]=Oop }
                      ;*ifeq {reexecute=1 rethrow=0 return_oop=0}
                      ; - (reexecute) java.awt.EventQueue::setCurrentEventAndMostRecentTimeImpl@93
                      ; - java.awt.EventQueue::dispatchEventImpl@14
                      ; - java.awt.EventQueue$4::run@32
                      ; - java.awt.EventQueue$4::run@1
                      ; - java.security.AccessController::executePrivileged@29
                      ; - java.security.AccessController::doPrivileged@13
                      ; - java.security.ProtectionDomain$JavaSecurityAccessImpl::doIntersectionPrivilege@18
                      ; - java.awt.EventQueue::dispatchEvent@46
  0x0000020851b89708: f4e5 9cff 

  0x0000020851b8970c: ;   {other}
  0x0000020851b8970c: 0f1f 8400 | 7c30 0050 | ba45 ffff | ff44 8954 | 2424 4489 | 6c24 2890 

  0x0000020851b89724: ;   {runtime_call UncommonTrapBlob}
  0x0000020851b89724: c5f8 77e8 

  0x0000020851b89728: ; ImmutableOopMap {[36]=NarrowOop [40]=NarrowOop [48]=Oop }
                      ;*ifeq {reexecute=1 rethrow=0 return_oop=0}
                      ; - (reexecute) java.awt.EventQueue::setCurrentEventAndMostRecentTimeImpl@115
                      ; - java.awt.EventQueue::dispatchEventImpl@14
                      ; - java.awt.EventQueue$4::run@32
                      ; - java.awt.EventQueue$4::run@1
                      ; - java.security.AccessController::executePrivileged@29
                      ; - java.security.AccessController::doPrivileged@13
                      ; - java.security.ProtectionDomain$JavaSecurityAccessImpl::doIntersectionPrivilege@18
                      ; - java.awt.EventQueue::dispatchEvent@46
  0x0000020851b89728: d4e5 9cff 

  0x0000020851b8972c: ;   {other}
  0x0000020851b8972c: 0f1f 8400 | 9c30 0051 | 448b 5f18 | 4585 db0f | 848c eeff | ff4d 8b57 | 2849 8bcb | 4d85 d20f 
  0x0000020851b8974c: 84bc 0700 | 004d 8b5f | 384b 894c | 13f8 4983 | c2f8 4d89 | 5728 e966 | eeff ff48 | 8bfd 448b 
  0x0000020851b8976c: 5710 4585 | d20f 8413 | eeff ff4d | 8b5f 2849 | 8bca 4d85 | db0f 84a6 | 0700 004d | 8b57 384b 
  0x0000020851b8978c: 894c 1af8 | 4983 c3f8 | 4d89 5f28 | e9ed edff | ff4c 8b54 | 2458 458b | 5218 4585 | d20f 84c1 
  0x0000020851b897ac: eeff ff4d | 8b5f 2849 | 8bca 4d85 | db0f 84ae | 0700 004d | 8b57 384b | 894c 1af8 | 4983 c3f8 
  0x0000020851b897cc: 4d89 5f28 | e99b eeff | ff4c 8b54 | 2458 458b | 5a10 4585 | db0f 843e | eeff ff4d | 8b57 2849 
  0x0000020851b897ec: 8bcb 4d85 | d20f 8456 | 0700 004d | 8b5f 384b | 894c 13f8 | 4983 c2f8 | 4d89 5728 | e918 eeff 
  0x0000020851b8980c: ff44 8b5f | 1845 85db | 0f84 f3ee | ffff 4d8b | 5728 498b | cb4d 85d2 | 0f84 6307 

  0x0000020851b89828: ;   {no_reloc}
  0x0000020851b89828: 0000 4d8b | 5f38 4b89 | 4c13 f849 | 83c2 f84d | 8957 28e9 | cdee ffff | 488b fd44 | 8b57 1045 
  0x0000020851b89848: 85d2 0f84 | 7aee ffff | 4d8b 5f28 | 498b ca4d | 85db 0f84 | 4d07 0000 | 4d8b 5738 | 4b89 4c1a 
  0x0000020851b89868: f849 83c3 | f84d 895f | 28e9 54ee | ffff ba45 | ffff ff4c | 8974 2420 | 4c89 6c24 | 2844 8944 
  0x0000020851b89888: 2430 4489 | 5c24 3489 | 4c24 3889 | 7424 3c90 

  0x0000020851b89898: ;   {runtime_call UncommonTrapBlob}
  0x0000020851b89898: c5f8 77e8 

  0x0000020851b8989c: ; ImmutableOopMap {rbp=NarrowOop [32]=Oop [40]=Oop [52]=NarrowOop [56]=NarrowOop [60]=NarrowOop [72]=Oop }
                      ;*if_acmpne {reexecute=1 rethrow=0 return_oop=0}
                      ; - (reexecute) java.security.AccessControlContext::optimize@234
                      ; - java.security.ProtectionDomain$JavaSecurityAccessImpl::getCombinedACC@26
                      ; - java.security.ProtectionDomain$JavaSecurityAccessImpl::doIntersectionPrivilege@15
                      ; - java.awt.EventQueue::dispatchEvent@73
  0x0000020851b8989c: 60e4 9cff 

  0x0000020851b898a0: ;   {other}
  0x0000020851b898a0: 0f1f 8400 | 1032 0052 | ba45 ffff | ff4c 8b4c | 2430 4c89 | 4c24 204c | 8b4c 2448 | 4c89 4c24 
  0x0000020851b898c0: 284c 8b4c | 2440 4c89 | 4c24 3844 | 8954 2440 | 4489 4424 | 4444 895c | 2448 6690 

  0x0000020851b898dc: ;   {runtime_call UncommonTrapBlob}
  0x0000020851b898dc: c5f8 77e8 

  0x0000020851b898e0: ; ImmutableOopMap {rbp=NarrowOop [32]=Oop [40]=Oop [56]=Oop [68]=NarrowOop [72]=NarrowOop [88]=Oop }
                      ;*if_acmpne {reexecute=1 rethrow=0 return_oop=0}
                      ; - (reexecute) java.security.AccessControlContext::optimize@234
                      ; - java.security.ProtectionDomain$JavaSecurityAccessImpl::getCombinedACC@26
                      ; - java.security.ProtectionDomain$JavaSecurityAccessImpl::doIntersectionPrivilege@15
                      ; - java.security.ProtectionDomain$JavaSecurityAccessImpl::doIntersectionPrivilege@6
                      ; - java.awt.EventQueue$5::run@11
                      ; - java.awt.EventQueue$5::run@1
                      ; - java.security.AccessController::executePrivileged@29
                      ; - java.security.AccessController::doPrivileged@13
                      ; - java.security.ProtectionDomain$JavaSecurityAccessImpl::doIntersectionPrivilege@18
                      ; - java.awt.EventQueue::dispatchEvent@73
  0x0000020851b898e0: 1ce4 9cff 

  0x0000020851b898e4: ;   {other}
  0x0000020851b898e4: 0f1f 8400 | 5432 0053 | ba45 ffff | ff4c 8b54 | 2430 4c89 | 5424 284c | 8b54 2448 | 4c89 5424 
  0x0000020851b89904: 3048 8944 | 2440 894c | 2424 4c89 | 4c24 4844 | 895c 2450 

  0x0000020851b89918: ;   {runtime_call UncommonTrapBlob}
  0x0000020851b89918: c5f8 77e8 

  0x0000020851b8991c: ; ImmutableOopMap {rbp=NarrowOop [32]=NarrowOop [40]=Oop [48]=Oop [56]=Oop [64]=Oop [72]=Oop [80]=NarrowOop }
                      ;*if_acmpne {reexecute=1 rethrow=0 return_oop=0}
                      ; - (reexecute) java.security.AccessControlContext::optimize@234
                      ; - java.security.AccessController::getContext@19
                      ; - java.security.ProtectionDomain$JavaSecurityAccessImpl::doIntersectionPrivilege@2
                      ; - java.awt.EventQueue$5::run@11
                      ; - java.awt.EventQueue$5::run@1
                      ; - java.security.AccessController::executePrivileged@29
                      ; - java.security.AccessController::doPrivileged@13
                      ; - java.security.ProtectionDomain$JavaSecurityAccessImpl::doIntersectionPrivilege@18
                      ; - java.awt.EventQueue::dispatchEvent@73
  0x0000020851b8991c: e0e3 9cff 

  0x0000020851b89920: ;   {other}
  0x0000020851b89920: 0f1f 8400 | 9032 0054 | 4d8b 5748 | 4d8b 5f58 | f083 4424 | c000 8039 | 000f 8483 | ecff ff44 
  0x0000020851b89940: 8821 4d85 | d275 2049 | 8bd7 c5f8 | 7749 ba40 | 1277 55fd | 7f00 0041 

  0x0000020851b89958: ;   {other}
  0x0000020851b89958: ffd2 0f1f | 8400 0000 | 0000 e95b | ecff ff4b | 894c 13f8 | 4983 c2f8 | 4d89 5748 | e949 ecff 
  0x0000020851b89978: ff4d 8b57 | 484d 8b5f | 58f0 8344 | 24c0 0041 | 8038 000f | 84d4 ecff | ff45 8820 | 4d85 d275 
  0x0000020851b89998: 2349 8bc8 | 498b d7c5 | f877 49ba | 4012 7755 | fd7f 0000 

  0x0000020851b899ac: ;   {other}
  0x0000020851b899ac: 41ff d20f | 1f84 0000 | 0000 00e9 | a9ec ffff | 4f89 4413 | f849 83c2 | f84d 8957 | 48e9 97ec 
  0x0000020851b899cc: ffff 4d8b | 5748 4d8b | 5f58 f083 | 4424 c000 | 8039 000f | 841d edff | ff44 8821 | 4d85 d275 
  0x0000020851b899ec: 2049 8bd7 | c5f8 7749 | ba40 1277 | 55fd 7f00 | 0041 ffd2 

  0x0000020851b89a00: ;   {other}
  0x0000020851b89a00: 0f1f 8400 | 0000 0000 | e9f5 ecff | ff4b 894c | 13f8 4983 | c2f8 4d89 | 5748 e9e3 | ecff ffba 
  0x0000020851b89a20: 45ff ffff | 4489 5424 | 2844 8944 | 242c 6690 

  0x0000020851b89a30: ;   {runtime_call UncommonTrapBlob}
  0x0000020851b89a30: c5f8 77e8 

  0x0000020851b89a34: ; ImmutableOopMap {rbp=NarrowOop [40]=NarrowOop [44]=NarrowOop [48]=Oop }
                      ;*ifeq {reexecute=1 rethrow=0 return_oop=0}
                      ; - (reexecute) java.awt.EventQueue::dispatchEventImpl@33
                      ; - java.awt.EventQueue$4::run@32
                      ; - java.awt.EventQueue$4::run@1
                      ; - java.security.AccessController::executePrivileged@29
                      ; - java.security.AccessController::doPrivileged@13
                      ; - java.security.ProtectionDomain$JavaSecurityAccessImpl::doIntersectionPrivilege@18
                      ; - java.awt.EventQueue::dispatchEvent@46
  0x0000020851b89a34: c8e2 9cff 

  0x0000020851b89a38: ;   {other}
  0x0000020851b89a38: 0f1f 8400 | a833 0055 | bade ffff | ff44 8954 | 2428 6690 

  0x0000020851b89a4c: ;   {runtime_call UncommonTrapBlob}
  0x0000020851b89a4c: c5f8 77e8 

  0x0000020851b89a50: ; ImmutableOopMap {rbp=Oop [40]=NarrowOop [48]=Oop }
                      ;*invokeinterface setCanAccessSystemClipboard {reexecute=0 rethrow=0 return_oop=0}
                      ; - java.awt.AWTEvent::dispatched@15
                      ; - java.awt.EventQueue::dispatchEventImpl@45
                      ; - java.awt.EventQueue$4::run@32
                      ; - java.awt.EventQueue$4::run@1
                      ; - java.security.AccessController::executePrivileged@29
                      ; - java.security.AccessController::doPrivileged@13
                      ; - java.security.ProtectionDomain$JavaSecurityAccessImpl::doIntersectionPrivilege@18
                      ; - java.awt.EventQueue::dispatchEvent@46
  0x0000020851b89a50: ace2 9cff 

  0x0000020851b89a54: ;   {other}
  0x0000020851b89a54: 0f1f 8400 | c433 0056 | ba45 ffff | ff4c 8b5c | 2450 4c89 | 5c24 384c | 894c 2440 | 4c8b 5c24 
  0x0000020851b89a74: 584c 895c | 2448 4889 | 4424 5890 

  0x0000020851b89a80: ;   {runtime_call UncommonTrapBlob}
  0x0000020851b89a80: c5f8 77e8 

  0x0000020851b89a84: ; ImmutableOopMap {rbp=NarrowOop [32]=Oop [40]=Oop [48]=NarrowOop [56]=Oop [64]=Oop [72]=Oop [88]=Oop }
                      ;*if_acmpne {reexecute=1 rethrow=0 return_oop=0}
                      ; - (reexecute) java.security.AccessControlContext::optimize@280
                      ; - java.security.AccessController::getContext@19
                      ; - java.awt.EventQueue::dispatchEvent@16
  0x0000020851b89a84: 78e2 9cff 

  0x0000020851b89a88: ;   {other}
  0x0000020851b89a88: 0f1f 8400 | f833 0057 | ba45 ffff | ff4c 8944 | 2428 4889 | 4424 4090 

  0x0000020851b89aa0: ;   {runtime_call UncommonTrapBlob}
  0x0000020851b89aa0: c5f8 77e8 

  0x0000020851b89aa4: ; ImmutableOopMap {rbp=NarrowOop [40]=Oop [48]=Oop [64]=Oop [72]=Oop }
                      ;*if_acmpne {reexecute=1 rethrow=0 return_oop=0}
                      ; - (reexecute) java.security.AccessControlContext::optimize@280
                      ; - java.security.ProtectionDomain$JavaSecurityAccessImpl::getCombinedACC@26
                      ; - java.security.ProtectionDomain$JavaSecurityAccessImpl::doIntersectionPrivilege@15
                      ; - java.awt.EventQueue::dispatchEvent@46
  0x0000020851b89aa4: 58e2 9cff 

  0x0000020851b89aa8: ;   {other}
  0x0000020851b89aa8: 0f1f 8400 | 1834 0058 | 4c8b 5424 | 284c 8954 | 2430 448b | 5c24 4044 | 895c 2428 | 488b 6c24 
  0x0000020851b89ac8: ;   {metadata('java/security/AccessControlContext')}
  0x0000020851b89ac8: 3848 ba80 | 9402 0008 | 0200 0090 

  0x0000020851b89ad4: ;   {runtime_call _new_instance_Java}
  0x0000020851b89ad4: c5f8 77e8 

  0x0000020851b89ad8: ; ImmutableOopMap {rbp=Oop [32]=Oop [40]=NarrowOop [48]=Oop [64]=NarrowOop [72]=Oop }
                      ;*new {reexecute=0 rethrow=0 return_oop=1}
                      ; - java.security.AccessController::getContext@8
                      ; - java.awt.EventQueue::dispatchEvent@16
  0x0000020851b89ad8: a456 aaff 

  0x0000020851b89adc: ;   {other}
  0x0000020851b89adc: 0f1f 8400 | 4c34 0059 | 4889 6c24 | 384c 8b5c | 2430 4c89 | 5c24 2848 | 8bd8 e94a | e8ff ffba 
  0x0000020851b89afc: 45ff ffff | 4489 6c24 | 2866 6690 

  0x0000020851b89b08: ;   {runtime_call UncommonTrapBlob}
  0x0000020851b89b08: c5f8 77e8 

  0x0000020851b89b0c: ; ImmutableOopMap {rbp=NarrowOop [40]=NarrowOop [48]=Oop }
                      ;*ifeq {reexecute=1 rethrow=0 return_oop=0}
                      ; - (reexecute) java.util.concurrent.locks.LockSupport::unpark@8
                      ; - java.util.concurrent.locks.AbstractQueuedSynchronizer::signalNext@30
                      ; - java.util.concurrent.locks.AbstractQueuedSynchronizer::release@12
                      ; - java.util.concurrent.locks.ReentrantLock::unlock@5
                      ; - java.awt.EventQueue::setCurrentEventAndMostRecentTimeImpl@168
                      ; - java.awt.EventQueue::dispatchEventImpl@14
                      ; - java.awt.EventQueue$4::run@32
                      ; - java.awt.EventQueue$4::run@1
                      ; - java.security.AccessController::executePrivileged@29
                      ; - java.security.AccessController::doPrivileged@13
                      ; - java.security.ProtectionDomain$JavaSecurityAccessImpl::doIntersectionPrivilege@18
                      ; - java.awt.EventQueue::dispatchEvent@46
  0x0000020851b89b0c: f0e1 9cff 

  0x0000020851b89b10: ;   {other}
  0x0000020851b89b10: 0f1f 8400 | 8034 005a | ba45 ffff | ff4c 8944 | 2438 4889 | 4424 4890 

  0x0000020851b89b28: ;   {runtime_call UncommonTrapBlob}
  0x0000020851b89b28: c5f8 77e8 

  0x0000020851b89b2c: ; ImmutableOopMap {rbp=NarrowOop [32]=Oop [40]=NarrowOop [48]=Oop [56]=Oop [72]=Oop }
                      ;*if_acmpne {reexecute=1 rethrow=0 return_oop=0}
                      ; - (reexecute) java.security.AccessControlContext::optimize@280
                      ; - java.security.ProtectionDomain$JavaSecurityAccessImpl::getCombinedACC@26
                      ; - java.security.ProtectionDomain$JavaSecurityAccessImpl::doIntersectionPrivilege@15
                      ; - java.awt.EventQueue::dispatchEvent@73
  0x0000020851b89b2c: d0e1 9cff 

  0x0000020851b89b30: ;   {other}
  0x0000020851b89b30: 0f1f 8400 | a034 005b | ba45 ffff | ff4c 8b5c | 2430 4c89 | 5c24 204c | 8b5c 2448 | 4c89 5c24 
  0x0000020851b89b50: 284c 8b5c | 2440 4c89 | 5c24 3848 | 8944 2448 

  0x0000020851b89b60: ;   {runtime_call UncommonTrapBlob}
  0x0000020851b89b60: c5f8 77e8 

  0x0000020851b89b64: ; ImmutableOopMap {rbp=NarrowOop [32]=Oop [40]=Oop [56]=Oop [72]=Oop [88]=Oop }
                      ;*if_acmpne {reexecute=1 rethrow=0 return_oop=0}
                      ; - (reexecute) java.security.AccessControlContext::optimize@280
                      ; - java.security.ProtectionDomain$JavaSecurityAccessImpl::getCombinedACC@26
                      ; - java.security.ProtectionDomain$JavaSecurityAccessImpl::doIntersectionPrivilege@15
                      ; - java.security.ProtectionDomain$JavaSecurityAccessImpl::doIntersectionPrivilege@6
                      ; - java.awt.EventQueue$5::run@11
                      ; - java.awt.EventQueue$5::run@1
                      ; - java.security.AccessController::executePrivileged@29
                      ; - java.security.AccessController::doPrivileged@13
                      ; - java.security.ProtectionDomain$JavaSecurityAccessImpl::doIntersectionPrivilege@18
                      ; - java.awt.EventQueue::dispatchEvent@73
  0x0000020851b89b64: 98e1 9cff 

  0x0000020851b89b68: ;   {other}
  0x0000020851b89b68: 0f1f 8400 | d834 005c | ba45 ffff | ff4c 8b5c | 2448 4c89 | 5c24 384c | 8944 2440 | 4889 4424 
  0x0000020851b89b88: 5066 6690 

  0x0000020851b89b8c: ;   {runtime_call UncommonTrapBlob}
  0x0000020851b89b8c: c5f8 77e8 

  0x0000020851b89b90: ; ImmutableOopMap {rbp=NarrowOop [32]=NarrowOop [40]=Oop [48]=Oop [56]=Oop [64]=Oop [80]=Oop }
                      ;*if_acmpne {reexecute=1 rethrow=0 return_oop=0}
                      ; - (reexecute) java.security.AccessControlContext::optimize@280
                      ; - java.security.AccessController::getContext@19
                      ; - java.security.ProtectionDomain$JavaSecurityAccessImpl::doIntersectionPrivilege@2
                      ; - java.awt.EventQueue$5::run@11
                      ; - java.awt.EventQueue$5::run@1
                      ; - java.security.AccessController::executePrivileged@29
                      ; - java.security.AccessController::doPrivileged@13
                      ; - java.security.ProtectionDomain$JavaSecurityAccessImpl::doIntersectionPrivilege@18
                      ; - java.awt.EventQueue::dispatchEvent@73
  0x0000020851b89b90: 6ce1 9cff 

  0x0000020851b89b94: ;   {other}
  0x0000020851b89b94: 0f1f 8400 | 0435 005d 

  0x0000020851b89b9c: ;   {metadata('java/security/AccessControlContext')}
  0x0000020851b89b9c: 48ba 8094 | 0200 0802 | 0000 6690 

  0x0000020851b89ba8: ;   {runtime_call _new_instance_Java}
  0x0000020851b89ba8: c5f8 77e8 

  0x0000020851b89bac: ; ImmutableOopMap {[32]=NarrowOop [48]=Oop [72]=Oop }
                      ;*new {reexecute=0 rethrow=0 return_oop=1}
                      ; - java.security.AccessController::getContext@8
                      ; - java.security.ProtectionDomain$JavaSecurityAccessImpl::doIntersectionPrivilege@2
                      ; - java.awt.EventQueue$5::run@11
                      ; - java.awt.EventQueue$5::run@1
                      ; - java.security.AccessController::executePrivileged@29
                      ; - java.security.AccessController::doPrivileged@13
                      ; - java.security.ProtectionDomain$JavaSecurityAccessImpl::doIntersectionPrivilege@18
                      ; - java.awt.EventQueue::dispatchEvent@73
  0x0000020851b89bac: d055 aaff 

  0x0000020851b89bb0: ;   {other}
  0x0000020851b89bb0: 0f1f 8400 | 2035 005e | 488b d8e9 | 92e9 ffff | ba45 ffff | ff4c 8b54 | 2430 4c89 | 5424 2044 
  0x0000020851b89bd0: 896c 2428 | 4489 4c24 | 3066 6690 

  0x0000020851b89bdc: ;   {runtime_call UncommonTrapBlob}
  0x0000020851b89bdc: c5f8 77e8 

  0x0000020851b89be0: ; ImmutableOopMap {[32]=Oop [40]=NarrowOop [48]=NarrowOop }
                      ;*ifeq {reexecute=1 rethrow=0 return_oop=0}
                      ; - (reexecute) jdk.internal.misc.Unsafe::getAndBitwiseAndInt@21
                      ; - java.util.concurrent.locks.AbstractQueuedSynchronizer$Node::getAndUnsetStatus@10
                      ; - java.util.concurrent.locks.AbstractQueuedSynchronizer::signalNext@22
                      ; - java.util.concurrent.locks.AbstractQueuedSynchronizer::release@12
                      ; - java.util.concurrent.locks.ReentrantLock::unlock@5
                      ; - java.awt.EventQueue::setCurrentEventAndMostRecentTimeImpl@168
                      ; - java.awt.EventQueue::dispatchEventImpl@14
                      ; - java.awt.EventQueue$4::run@32
                      ; - java.awt.EventQueue$4::run@1
                      ; - java.security.AccessController::executePrivileged@29
                      ; - java.security.AccessController::doPrivileged@13
                      ; - java.security.ProtectionDomain$JavaSecurityAccessImpl::doIntersectionPrivilege@18
                      ; - java.awt.EventQueue::dispatchEvent@46
  0x0000020851b89be0: 1ce1 9cff 

  0x0000020851b89be4: ;   {other}
  0x0000020851b89be4: 0f1f 8400 | 5435 005f | 4c89 6c24 | 6048 8974 | 2458 4489 | 5c24 4448 | 895c 2450 | 448b 5c24 
  0x0000020851b89c04: 4044 895c | 2430 4c8b | 5424 204c | 8954 2428 | 4c8b 5424 | 384c 8954 | 2420 33ed | 4585 c044 
  0x0000020851b89c24: 8944 2434 | 400f 94c5 

  0x0000020851b89c2c: ;   {metadata('java/security/ProtectionDomain'[])}
  0x0000020851b89c2c: 48ba c05a | 0000 0802 | 0000 448b | 4424 4490 

  0x0000020851b89c3c: ;   {runtime_call _new_array_Java}
  0x0000020851b89c3c: c5f8 77e8 

  0x0000020851b89c40: ; ImmutableOopMap {[32]=Oop [40]=Oop [48]=NarrowOop [52]=NarrowOop [72]=Oop [80]=Oop [88]=Oop }
                      ;*anewarray {reexecute=0 rethrow=0 return_oop=1}
                      ; - java.security.AccessControlContext::combine@61
                      ; - java.security.AccessControlContext::calculateFields@38
                      ; - java.security.AccessControlContext::optimize@193
                      ; - java.security.AccessController::getContext@19
                      ; - java.awt.EventQueue::dispatchEvent@16
  0x0000020851b89c40: bc97 aaff 

  0x0000020851b89c44: ;   {other}
  0x0000020851b89c44: 0f1f 8400 | b435 0060 | 4c8b 5c24 | 204c 895c | 2438 4c8b | 5c24 284c | 895c 2420 | 448b 5c24 
  0x0000020851b89c64: 3044 895c | 2440 488b | 5c24 5044 | 8b44 2434 | 448b 5c24 | 4448 8b74 | 2458 4c8b | 6c24 6048 
  0x0000020851b89c84: 8bd0 e9a8 | ebff ffba | 45ff ffff | 4c8b 5c24 | 304c 895c | 2428 895c | 2434 6690 

  0x0000020851b89ca0: ;   {runtime_call UncommonTrapBlob}
  0x0000020851b89ca0: c5f8 77e8 

  0x0000020851b89ca4: ; ImmutableOopMap {[32]=NarrowOop [36]=NarrowOop [40]=Oop [52]=NarrowOop }
                      ;*ifge {reexecute=1 rethrow=0 return_oop=0}
                      ; - (reexecute) java.util.concurrent.locks.ReentrantLock$NonfairSync::initialTryLock@36
                      ; - java.util.concurrent.locks.ReentrantLock$Sync::lock@1
                      ; - java.util.concurrent.locks.ReentrantLock::lock@4
                      ; - java.awt.EventQueue::setCurrentEventAndMostRecentTimeImpl@4
                      ; - java.awt.EventQueue::dispatchEventImpl@14
                      ; - java.awt.EventQueue$4::run@32
                      ; - java.awt.EventQueue$4::run@1
                      ; - java.security.AccessController::executePrivileged@29
                      ; - java.security.AccessController::doPrivileged@13
                      ; - java.security.ProtectionDomain$JavaSecurityAccessImpl::doIntersectionPrivilege@18
                      ; - java.awt.EventQueue::dispatchEvent@46
  0x0000020851b89ca4: 58e0 9cff 

  0x0000020851b89ca8: ;   {other}
  0x0000020851b89ca8: 0f1f 8400 | 1836 0061 | 4c89 6c24 | 4048 895c | 2438 4489 | 4424 3448 | 8974 2428 | 4c8b 5c24 
  0x0000020851b89cc8: 484c 895c | 2420 33ed | 4585 d244 | 8954 2430 | 400f 94c5 

  0x0000020851b89cdc: ;   {metadata('java/security/ProtectionDomain'[])}
  0x0000020851b89cdc: 48ba c05a | 0000 0802 | 0000 6690 

  0x0000020851b89ce8: ;   {runtime_call _new_array_Java}
  0x0000020851b89ce8: c5f8 77e8 

  0x0000020851b89cec: ; ImmutableOopMap {[32]=Oop [40]=Oop [48]=NarrowOop [56]=Oop }
                      ;*anewarray {reexecute=0 rethrow=0 return_oop=1}
                      ; - java.security.AccessControlContext::combine@61
                      ; - java.security.AccessControlContext::calculateFields@38
                      ; - java.security.AccessControlContext::optimize@193
                      ; - java.security.ProtectionDomain$JavaSecurityAccessImpl::getCombinedACC@26
                      ; - java.security.ProtectionDomain$JavaSecurityAccessImpl::doIntersectionPrivilege@15
                      ; - java.awt.EventQueue::dispatchEvent@46
  0x0000020851b89cec: 1097 aaff 

  0x0000020851b89cf0: ;   {other}
  0x0000020851b89cf0: 0f1f 8400 | 6036 0062 | 4c8b 5424 | 204c 8954 | 2448 488b | 7424 2844 | 8b54 2430 | 448b 4424 
  0x0000020851b89d10: 3448 8b5c | 2438 4c8b | 6c24 4048 | 8bd0 e9bf | edff ff48 | 895c 2450 | 4c89 4c24 | 4044 8944 
  0x0000020851b89d30: 2438 4c89 | 7424 3089 | 7424 284c | 8b54 2448 | 4c89 5424 | 2033 ed45 | 85db 4489 | 5c24 2c40 
  0x0000020851b89d50: ;   {metadata('java/security/ProtectionDomain'[])}
  0x0000020851b89d50: 0f94 c548 | bac0 5a00 | 0008 0200 | 0066 6690 

  0x0000020851b89d60: ;   {runtime_call _new_array_Java}
  0x0000020851b89d60: c5f8 77e8 

  0x0000020851b89d64: ; ImmutableOopMap {[32]=Oop [40]=NarrowOop [44]=NarrowOop [48]=Oop [64]=Oop }
                      ;*anewarray {reexecute=0 rethrow=0 return_oop=1}
                      ; - java.security.AccessControlContext::combine@61
                      ; - java.security.AccessControlContext::calculateFields@38
                      ; - java.security.AccessControlContext::optimize@193
                      ; - java.security.ProtectionDomain$JavaSecurityAccessImpl::getCombinedACC@26
                      ; - java.security.ProtectionDomain$JavaSecurityAccessImpl::doIntersectionPrivilege@15
                      ; - java.awt.EventQueue::dispatchEvent@73
  0x0000020851b89d64: 9896 aaff 

  0x0000020851b89d68: ;   {other}
  0x0000020851b89d68: 0f1f 8400 | d836 0063 | 4c8b 5c24 | 204c 895c | 2448 8b74 | 2428 4c8b | 7424 3044 | 8b5c 242c 
  0x0000020851b89d88: 448b 4424 | 384c 8b4c | 2440 488b | 5c24 5048 | 8be8 e952 | eeff ff48 | 8974 2440 | 4889 5c24 
  0x0000020851b89da8: 3844 8944 | 242c 4889 | 4424 2033 | ed45 85d2 | 4489 5424 | 2840 0f94 

  0x0000020851b89dc0: ;   {metadata('java/security/ProtectionDomain'[])}
  0x0000020851b89dc0: c548 bac0 | 5a00 0008 | 0200 0090 

  0x0000020851b89dcc: ;   {runtime_call _new_array_Java}
  0x0000020851b89dcc: c5f8 77e8 

  0x0000020851b89dd0: ; ImmutableOopMap {[32]=Oop [40]=NarrowOop [48]=Oop [56]=Oop [72]=Oop [88]=Oop }
                      ;*anewarray {reexecute=0 rethrow=0 return_oop=1}
                      ; - java.security.AccessControlContext::combine@61
                      ; - java.security.AccessControlContext::calculateFields@38
                      ; - java.security.AccessControlContext::optimize@193
                      ; - java.security.ProtectionDomain$JavaSecurityAccessImpl::getCombinedACC@26
                      ; - java.security.ProtectionDomain$JavaSecurityAccessImpl::doIntersectionPrivilege@15
                      ; - java.security.ProtectionDomain$JavaSecurityAccessImpl::doIntersectionPrivilege@6
                      ; - java.awt.EventQueue$5::run@11
                      ; - java.awt.EventQueue$5::run@1
                      ; - java.security.AccessController::executePrivileged@29
                      ; - java.security.AccessController::doPrivileged@13
                      ; - java.security.ProtectionDomain$JavaSecurityAccessImpl::doIntersectionPrivilege@18
                      ; - java.awt.EventQueue::dispatchEvent@73
  0x0000020851b89dd0: 2c96 aaff 

  0x0000020851b89dd4: ;   {other}
  0x0000020851b89dd4: 0f1f 8400 | 4437 0064 | 448b 5424 | 2844 8b44 | 242c 488b | 5c24 3848 | 8b74 2440 | 488b d0e9 
  0x0000020851b89df4: 32d5 ffff | 4889 7424 | 5848 895c | 2450 4489 | 4424 404c | 8b5c 2438 | 4c89 5c24 | 2833 ed45 
  0x0000020851b89e14: 85d2 4489 | 5424 2440 

  0x0000020851b89e1c: ;   {metadata('java/security/ProtectionDomain'[])}
  0x0000020851b89e1c: 0f94 c548 | bac0 5a00 | 0008 0200 | 0066 6690 

  0x0000020851b89e2c: ;   {runtime_call _new_array_Java}
  0x0000020851b89e2c: c5f8 77e8 

  0x0000020851b89e30: ; ImmutableOopMap {[32]=NarrowOop [36]=NarrowOop [40]=Oop [48]=Oop [72]=Oop [80]=Oop }
                      ;*anewarray {reexecute=0 rethrow=0 return_oop=1}
                      ; - java.security.AccessControlContext::combine@61
                      ; - java.security.AccessControlContext::calculateFields@38
                      ; - java.security.AccessControlContext::optimize@193
                      ; - java.security.AccessController::getContext@19
                      ; - java.security.ProtectionDomain$JavaSecurityAccessImpl::doIntersectionPrivilege@2
                      ; - java.awt.EventQueue$5::run@11
                      ; - java.awt.EventQueue$5::run@1
                      ; - java.security.AccessController::executePrivileged@29
                      ; - java.security.AccessController::doPrivileged@13
                      ; - java.security.ProtectionDomain$JavaSecurityAccessImpl::doIntersectionPrivilege@18
                      ; - java.awt.EventQueue::dispatchEvent@73
  0x0000020851b89e30: cc95 aaff 

  0x0000020851b89e34: ;   {other}
  0x0000020851b89e34: 0f1f 8400 | a437 0065 | 4c8b 5424 | 284c 8954 | 2438 448b | 5424 2444 | 8b44 2440 | 488b 5c24 
  0x0000020851b89e54: 5048 8b74 | 2458 488b | d0e9 a2ee | ffff 498b | d7c5 f877 | 49ba 6012 | 7755 fd7f | 0000 41ff 
  0x0000020851b89e74: ;   {other}
  0x0000020851b89e74: d20f 1f84 | 0000 0000 | 00e9 3be5 | ffff 498b | d7c5 f877 | 49ba 6012 | 7755 fd7f | 0000 41ff 
  0x0000020851b89e94: ;   {other}
  0x0000020851b89e94: d20f 1f84 | 0000 0000 | 00e9 d8e4 | ffff 488b | d548 83c2 | 1049 8d48 | 104d 8bc5 | c5f8 7749 
  0x0000020851b89eb4: ba80 2953 | 5108 0200 | 0041 ffd2 

  0x0000020851b89ec0: ;   {other}
  0x0000020851b89ec0: 0f1f 8400 | 0000 0000 | e972 e9ff | ff49 8bd7 | c5f8 7749 | ba60 1277 | 55fd 7f00 | 0041 ffd2 
  0x0000020851b89ee0: ;   {other}
  0x0000020851b89ee0: 0f1f 8400 | 0000 0000 | e99a e5ff | ff49 8bd7 | c5f8 7749 | ba60 1277 | 55fd 7f00 | 0041 ffd2 
  0x0000020851b89f00: ;   {other}
  0x0000020851b89f00: 0f1f 8400 | 0000 0000 | e9bd e5ff | ff49 8bd7 | c5f8 7749 | ba60 1277 | 55fd 7f00 | 0041 ffd2 
  0x0000020851b89f20: ;   {other}
  0x0000020851b89f20: 0f1f 8400 | 0000 0000 | e9a0 e6ff | ff49 8bd7 | c5f8 7749 | ba60 1277 | 55fd 7f00 | 0041 ffd2 
  0x0000020851b89f40: ;   {other}
  0x0000020851b89f40: 0f1f 8400 | 0000 0000 | e93d e6ff | ff49 8bd7 | c5f8 7749 | ba60 1277 | 55fd 7f00 | 0041 ffd2 
  0x0000020851b89f60: ;   {other}
  0x0000020851b89f60: 0f1f 8400 | 0000 0000 | e9b8 e6ff | ff49 8bd7 | c5f8 7749 | ba60 1277 | 55fd 7f00 | 0041 ffd2 
  0x0000020851b89f80: ;   {other}
  0x0000020851b89f80: 0f1f 8400 | 0000 0000 | e9e3 e6ff | ff49 8bd7 | c5f8 7749 | ba60 1277 | 55fd 7f00 | 0041 ffd2 
  0x0000020851b89fa0: ;   {other}
  0x0000020851b89fa0: 0f1f 8400 | 0000 0000 | e960 e7ff | ff49 8bd7 | c5f8 7749 | ba60 1277 | 55fd 7f00 | 0041 ffd2 
  0x0000020851b89fc0: ;   {other}
  0x0000020851b89fc0: 0f1f 8400 | 0000 0000 | e9fd e6ff | ff49 8d4a | 1048 8bd5 | 4883 c210 | 4d8b c5c5 | f877 49ba 
  0x0000020851b89fe0: 8029 5351 | 0802 0000 

  0x0000020851b89fe8: ;   {other}
  0x0000020851b89fe8: 41ff d20f | 1f84 0000 | 0000 00e9 | f6ea ffff | 498d 4b10 | 488b d548 | 83c2 104c | 8bc3 c5f8 
  0x0000020851b8a008: 7749 ba80 | 2953 5108 | 0200 0041 

  0x0000020851b8a014: ;   {other}
  0x0000020851b8a014: ffd2 0f1f | 8400 0000 | 0000 e9d7 | ebff ff49 | 8d4a 1048 | 8bd5 4883 | c210 4c8b | c6c5 f877 
  0x0000020851b8a034: 49ba 8029 | 5351 0802 | 0000 41ff 

  0x0000020851b8a040: ;   {other}
  0x0000020851b8a040: d20f 1f84 | 0000 0000 | 00e9 e8d2 | ffff 498d | 4a10 488b | d548 83c2 | 104c 8bc6 | c5f8 7749 
  0x0000020851b8a060: ba80 2953 | 5108 0200 | 0041 ffd2 

  0x0000020851b8a06c: ;   {other}
  0x0000020851b8a06c: 0f1f 8400 | 0000 0000 | e997 ecff | ffba f6ff | ffff 6690 

  0x0000020851b8a080: ;   {runtime_call UncommonTrapBlob}
  0x0000020851b8a080: c5f8 77e8 

  0x0000020851b8a084: ; ImmutableOopMap {}
                      ;*invokevirtual getSource {reexecute=0 rethrow=0 return_oop=0}
                      ; - java.awt.EventQueue::dispatchEvent@1
  0x0000020851b8a084: 78dc 9cff 

  0x0000020851b8a088: ;   {other}
  0x0000020851b8a088: 0f1f 8400 | f839 0066 | baf4 ffff | ff48 8b6c | 2420 4889 | 5c24 3090 

  0x0000020851b8a0a0: ;   {runtime_call UncommonTrapBlob}
  0x0000020851b8a0a0: c5f8 77e8 

  0x0000020851b8a0a4: ; ImmutableOopMap {rbp=Oop [48]=Oop [56]=Oop [72]=Oop }
                      ;*instanceof {reexecute=0 rethrow=0 return_oop=0}
                      ; - java.awt.EventQueue::getAccessControlContextFrom@1
                      ; - java.awt.EventQueue::dispatchEvent@22
  0x0000020851b8a0a4: 58dc 9cff 

  0x0000020851b8a0a8: ;   {other}
  0x0000020851b8a0a8: 0f1f 8400 | 183a 0067 | baf6 ffff | ff66 6690 

  0x0000020851b8a0b8: ;   {runtime_call UncommonTrapBlob}
  0x0000020851b8a0b8: c5f8 77e8 

  0x0000020851b8a0bc: ; ImmutableOopMap {}
                      ;*invokevirtual getCombiner {reexecute=0 rethrow=0 return_oop=0}
                      ; - java.security.ProtectionDomain$JavaSecurityAccessImpl::getCombinedACC@6
                      ; - java.security.ProtectionDomain$JavaSecurityAccessImpl::doIntersectionPrivilege@15
                      ; - java.awt.EventQueue::dispatchEvent@46
  0x0000020851b8a0bc: 40dc 9cff 

  0x0000020851b8a0c0: ;   {other}
  0x0000020851b8a0c0: 0f1f 8400 | 303a 0068 | baf6 ffff | ff66 6690 

  0x0000020851b8a0d0: ;   {runtime_call UncommonTrapBlob}
  0x0000020851b8a0d0: c5f8 77e8 

  0x0000020851b8a0d4: ; ImmutableOopMap {}
                      ;*getfield context {reexecute=1 rethrow=0 return_oop=0}
                      ; - (reexecute) java.security.AccessControlContext::<init>@51
                      ; - java.security.ProtectionDomain$JavaSecurityAccessImpl::getCombinedACC@10
                      ; - java.security.ProtectionDomain$JavaSecurityAccessImpl::doIntersectionPrivilege@15
                      ; - java.awt.EventQueue::dispatchEvent@46
  0x0000020851b8a0d4: 28dc 9cff 

  0x0000020851b8a0d8: ;   {other}
  0x0000020851b8a0d8: 0f1f 8400 | 483a 0069 | baf6 ffff | ff66 6690 

  0x0000020851b8a0e8: ;   {runtime_call UncommonTrapBlob}
  0x0000020851b8a0e8: c5f8 77e8 

  0x0000020851b8a0ec: ; ImmutableOopMap {}
                      ;*getfield fwDispatcher {reexecute=1 rethrow=0 return_oop=0}
                      ; - (reexecute) java.awt.EventQueue$4::run@4
                      ; - java.awt.EventQueue$4::run@1
                      ; - java.security.AccessController::executePrivileged@29
                      ; - java.security.AccessController::doPrivileged@13
                      ; - java.security.ProtectionDomain$JavaSecurityAccessImpl::doIntersectionPrivilege@18
                      ; - java.awt.EventQueue::dispatchEvent@46
  0x0000020851b8a0ec: 10dc 9cff 

  0x0000020851b8a0f0: ;   {other}
  0x0000020851b8a0f0: 0f1f 8400 | 603a 006a | baf6 ffff | ff66 6690 

  0x0000020851b8a100: ;   {runtime_call UncommonTrapBlob}
  0x0000020851b8a100: c5f8 77e8 

  0x0000020851b8a104: ; ImmutableOopMap {}
                      ;*putfield isPosted {reexecute=1 rethrow=0 return_oop=0}
                      ; - (reexecute) java.awt.EventQueue::dispatchEventImpl@2
                      ; - java.awt.EventQueue$4::run@32
                      ; - java.awt.EventQueue$4::run@1
                      ; - java.security.AccessController::executePrivileged@29
                      ; - java.security.AccessController::doPrivileged@13
                      ; - java.security.ProtectionDomain$JavaSecurityAccessImpl::doIntersectionPrivilege@18
                      ; - java.awt.EventQueue::dispatchEvent@46
  0x0000020851b8a104: f8db 9cff 

  0x0000020851b8a108: ;   {other}
  0x0000020851b8a108: 0f1f 8400 | 783a 006b | baf6 ffff | ff44 8954 | 2424 4489 | 4424 2890 

  0x0000020851b8a120: ;   {runtime_call UncommonTrapBlob}
  0x0000020851b8a120: c5f8 77e8 

  0x0000020851b8a124: ; ImmutableOopMap {[36]=NarrowOop [40]=NarrowOop [48]=Oop }
                      ;*invokeinterface lock {reexecute=0 rethrow=0 return_oop=0}
                      ; - java.awt.EventQueue::setCurrentEventAndMostRecentTimeImpl@4
                      ; - java.awt.EventQueue::dispatchEventImpl@14
                      ; - java.awt.EventQueue$4::run@32
                      ; - java.awt.EventQueue$4::run@1
                      ; - java.security.AccessController::executePrivileged@29
                      ; - java.security.AccessController::doPrivileged@13
                      ; - java.security.ProtectionDomain$JavaSecurityAccessImpl::doIntersectionPrivilege@18
                      ; - java.awt.EventQueue::dispatchEvent@46
  0x0000020851b8a124: d8db 9cff 

  0x0000020851b8a128: ;   {other}
  0x0000020851b8a128: 0f1f 8400 | 983a 006c | baf6 ffff | ff66 6690 

  0x0000020851b8a138: ;   {runtime_call UncommonTrapBlob}
  0x0000020851b8a138: c5f8 77e8 

  0x0000020851b8a13c: ; ImmutableOopMap {[36]=NarrowOop [48]=Oop }
                      ;*invokeinterface unlock {reexecute=0 rethrow=0 return_oop=0}
                      ; - java.awt.EventQueue::setCurrentEventAndMostRecentTimeImpl@168
                      ; - java.awt.EventQueue::dispatchEventImpl@14
                      ; - java.awt.EventQueue$4::run@32
                      ; - java.awt.EventQueue$4::run@1
                      ; - java.security.AccessController::executePrivileged@29
                      ; - java.security.AccessController::doPrivileged@13
                      ; - java.security.ProtectionDomain$JavaSecurityAccessImpl::doIntersectionPrivilege@18
                      ; - java.awt.EventQueue::dispatchEvent@46
  0x0000020851b8a13c: c0db 9cff 

  0x0000020851b8a140: ;   {other}
  0x0000020851b8a140: 0f1f 8400 | b03a 006d | baf6 ffff | ff66 6690 

  0x0000020851b8a150: ;   {runtime_call UncommonTrapBlob}
  0x0000020851b8a150: c5f8 77e8 

  0x0000020851b8a154: ; ImmutableOopMap {[36]=NarrowOop [48]=Oop }
                      ;*invokevirtual release {reexecute=0 rethrow=0 return_oop=0}
                      ; - java.util.concurrent.locks.ReentrantLock::unlock@5
                      ; - java.awt.EventQueue::setCurrentEventAndMostRecentTimeImpl@168
                      ; - java.awt.EventQueue::dispatchEventImpl@14
                      ; - java.awt.EventQueue$4::run@32
                      ; - java.awt.EventQueue$4::run@1
                      ; - java.security.AccessController::executePrivileged@29
                      ; - java.security.AccessController::doPrivileged@13
                      ; - java.security.ProtectionDomain$JavaSecurityAccessImpl::doIntersectionPrivilege@18
                      ; - java.awt.EventQueue::dispatchEvent@46
  0x0000020851b8a154: a8db 9cff 

  0x0000020851b8a158: ;   {other}
  0x0000020851b8a158: 0f1f 8400 | c83a 006e | baf6 ffff | ff66 6690 

  0x0000020851b8a168: ;   {runtime_call UncommonTrapBlob}
  0x0000020851b8a168: c5f8 77e8 

  0x0000020851b8a16c: ; ImmutableOopMap {}
                      ;*invokevirtual getCombiner {reexecute=0 rethrow=0 return_oop=0}
                      ; - java.security.ProtectionDomain$JavaSecurityAccessImpl::getCombinedACC@6
                      ; - java.security.ProtectionDomain$JavaSecurityAccessImpl::doIntersectionPrivilege@15
                      ; - java.awt.EventQueue::dispatchEvent@73
  0x0000020851b8a16c: 90db 9cff 

  0x0000020851b8a170: ;   {other}
  0x0000020851b8a170: 0f1f 8400 | e03a 006f | baf6 ffff | ff66 6690 

  0x0000020851b8a180: ;   {runtime_call UncommonTrapBlob}
  0x0000020851b8a180: c5f8 77e8 

  0x0000020851b8a184: ; ImmutableOopMap {}
                      ;*invokevirtual getCombiner {reexecute=0 rethrow=0 return_oop=0}
                      ; - java.security.ProtectionDomain$JavaSecurityAccessImpl::getCombinedACC@6
                      ; - java.security.ProtectionDomain$JavaSecurityAccessImpl::doIntersectionPrivilege@15
                      ; - java.security.ProtectionDomain$JavaSecurityAccessImpl::doIntersectionPrivilege@6
                      ; - java.awt.EventQueue$5::run@11
                      ; - java.awt.EventQueue$5::run@1
                      ; - java.security.AccessController::executePrivileged@29
                      ; - java.security.AccessController::doPrivileged@13
                      ; - java.security.ProtectionDomain$JavaSecurityAccessImpl::doIntersectionPrivilege@18
                      ; - java.awt.EventQueue::dispatchEvent@73
  0x0000020851b8a184: 78db 9cff 

  0x0000020851b8a188: ;   {other}
  0x0000020851b8a188: 0f1f 8400 | f83a 0070 | baf6 ffff | ff66 6690 

  0x0000020851b8a198: ;   {runtime_call UncommonTrapBlob}
  0x0000020851b8a198: c5f8 77e8 

  0x0000020851b8a19c: ; ImmutableOopMap {}
                      ;*getfield context {reexecute=1 rethrow=0 return_oop=0}
                      ; - (reexecute) java.security.AccessControlContext::<init>@51
                      ; - java.security.ProtectionDomain$JavaSecurityAccessImpl::getCombinedACC@10
                      ; - java.security.ProtectionDomain$JavaSecurityAccessImpl::doIntersectionPrivilege@15
                      ; - java.security.ProtectionDomain$JavaSecurityAccessImpl::doIntersectionPrivilege@6
                      ; - java.awt.EventQueue$5::run@11
                      ; - java.awt.EventQueue$5::run@1
                      ; - java.security.AccessController::executePrivileged@29
                      ; - java.security.AccessController::doPrivileged@13
                      ; - java.security.ProtectionDomain$JavaSecurityAccessImpl::doIntersectionPrivilege@18
                      ; - java.awt.EventQueue::dispatchEvent@73
  0x0000020851b8a19c: 60db 9cff 

  0x0000020851b8a1a0: ;   {other}
  0x0000020851b8a1a0: 0f1f 8400 | 103b 0071 | ba45 ffff | ff48 8b6c | 2420 4c8b | 5424 384c | 8954 2420 | 448b 5424 
  0x0000020851b8a1c0: 4044 8954 | 2428 4889 | 4424 3844 | 8944 2440 

  0x0000020851b8a1d0: ;   {runtime_call UncommonTrapBlob}
  0x0000020851b8a1d0: c5f8 77e8 

  0x0000020851b8a1d4: ; ImmutableOopMap {rbp=Oop [32]=Oop [40]=NarrowOop [56]=Oop [64]=NarrowOop [72]=Oop }
                      ;*ifnull {reexecute=1 rethrow=0 return_oop=0}
                      ; - (reexecute) java.security.AccessControlContext::optimize@20
                      ; - java.security.AccessController::getContext@19
                      ; - java.awt.EventQueue::dispatchEvent@16
  0x0000020851b8a1d4: 28db 9cff 

  0x0000020851b8a1d8: ;   {other}
  0x0000020851b8a1d8: 0f1f 8400 | 483b 0072 | ba45 ffff | ff48 8b6c | 2430 4889 | 4424 3044 | 8954 2438 

  0x0000020851b8a1f4: ;   {runtime_call UncommonTrapBlob}
  0x0000020851b8a1f4: c5f8 77e8 

  0x0000020851b8a1f8: ; ImmutableOopMap {rbp=Oop [32]=NarrowOop [48]=Oop [56]=NarrowOop [72]=Oop }
                      ;*ifnull {reexecute=1 rethrow=0 return_oop=0}
                      ; - (reexecute) java.security.AccessControlContext::optimize@20
                      ; - java.security.AccessController::getContext@19
                      ; - java.security.ProtectionDomain$JavaSecurityAccessImpl::doIntersectionPrivilege@2
                      ; - java.awt.EventQueue$5::run@11
                      ; - java.awt.EventQueue$5::run@1
                      ; - java.security.AccessController::executePrivileged@29
                      ; - java.security.AccessController::doPrivileged@13
                      ; - java.security.ProtectionDomain$JavaSecurityAccessImpl::doIntersectionPrivilege@18
                      ; - java.awt.EventQueue::dispatchEvent@73
  0x0000020851b8a1f8: 04db 9cff 

  0x0000020851b8a1fc: ;   {other}
  0x0000020851b8a1fc: 0f1f 8400 | 6c3b 0073 | baf4 ffff | ff44 8954 | 2420 4489 | 4424 2490 

  0x0000020851b8a214: ;   {runtime_call UncommonTrapBlob}
  0x0000020851b8a214: c5f8 77e8 

  0x0000020851b8a218: ; ImmutableOopMap {[32]=NarrowOop [36]=NarrowOop [48]=Oop }
                      ;*instanceof {reexecute=0 rethrow=0 return_oop=0}
                      ; - java.awt.EventQueue::dispatchEventImpl@30
                      ; - java.awt.EventQueue$4::run@32
                      ; - java.awt.EventQueue$4::run@1
                      ; - java.security.AccessController::executePrivileged@29
                      ; - java.security.AccessController::doPrivileged@13
                      ; - java.security.ProtectionDomain$JavaSecurityAccessImpl::doIntersectionPrivilege@18
                      ; - java.awt.EventQueue::dispatchEvent@46
  0x0000020851b8a218: e4da 9cff 

  0x0000020851b8a21c: ;   {other}
  0x0000020851b8a21c: 0f1f 8400 | 8c3b 0074 | ba45 ffff | ff44 8954 | 2428 6690 

  0x0000020851b8a230: ;   {runtime_call UncommonTrapBlob}
  0x0000020851b8a230: c5f8 77e8 

  0x0000020851b8a234: ; ImmutableOopMap {[32]=NarrowOop [40]=NarrowOop [48]=Oop }
                      ;*ifnonnull {reexecute=1 rethrow=0 return_oop=0}
                      ; - (reexecute) sun.awt.AWTAccessor::getInputEventAccessor@5
                      ; - java.awt.AWTEvent::dispatched@7
                      ; - java.awt.EventQueue::dispatchEventImpl@45
                      ; - java.awt.EventQueue$4::run@32
                      ; - java.awt.EventQueue$4::run@1
                      ; - java.security.AccessController::executePrivileged@29
                      ; - java.security.AccessController::doPrivileged@13
                      ; - java.security.ProtectionDomain$JavaSecurityAccessImpl::doIntersectionPrivilege@18
                      ; - java.awt.EventQueue::dispatchEvent@46
  0x0000020851b8a234: c8da 9cff 

  0x0000020851b8a238: ;   {other}
  0x0000020851b8a238: 0f1f 8400 | a83b 0075 | ba45 ffff | ff44 896c | 2428 6690 

  0x0000020851b8a24c: ;   {runtime_call UncommonTrapBlob}
  0x0000020851b8a24c: c5f8 77e8 

  0x0000020851b8a250: ; ImmutableOopMap {rbp=NarrowOop [40]=NarrowOop [48]=Oop }
                      ;*ifnull {reexecute=1 rethrow=0 return_oop=0}
                      ; - (reexecute) java.util.concurrent.locks.LockSupport::unpark@1
                      ; - java.util.concurrent.locks.AbstractQueuedSynchronizer::signalNext@30
                      ; - java.util.concurrent.locks.AbstractQueuedSynchronizer::release@12
                      ; - java.util.concurrent.locks.ReentrantLock::unlock@5
                      ; - java.awt.EventQueue::setCurrentEventAndMostRecentTimeImpl@168
                      ; - java.awt.EventQueue::dispatchEventImpl@14
                      ; - java.awt.EventQueue$4::run@32
                      ; - java.awt.EventQueue$4::run@1
                      ; - java.security.AccessController::executePrivileged@29
                      ; - java.security.AccessController::doPrivileged@13
                      ; - java.security.ProtectionDomain$JavaSecurityAccessImpl::doIntersectionPrivilege@18
                      ; - java.awt.EventQueue::dispatchEvent@46
  0x0000020851b8a250: acda 9cff 

  0x0000020851b8a254: ;   {other}
  0x0000020851b8a254: 0f1f 8400 | c43b 0076 | eb7b e9dc | 0000 00e9 | 8100 0000 | e983 0000 | 00e9 8900 | 0000 e9cf 
  0x0000020851b8a274: 0000 00e9 | c300 0000 | e9c5 0000 | 00e9 ad00 | 0000 eb61 | eb5f eb64 | eb62 4889 | 4424 2044 
  0x0000020851b8a294: 8bd5 458b | 522c 498b | d290 c5f8 | 7748 b8ff | ffff ffff 

  0x0000020851b8a2a8: ;   {virtual_call}
  0x0000020851b8a2a8: ffff ffe8 

  0x0000020851b8a2ac: ; ImmutableOopMap {[32]=Oop [48]=Oop [64]=Oop }
                      ;*invokeinterface unlock {reexecute=0 rethrow=0 return_oop=0}
                      ; - java.awt.EventQueue::setCurrentEventAndMostRecentTimeImpl@182
                      ; - java.awt.EventQueue::dispatchEventImpl@14
                      ; - java.awt.EventQueue$4::run@32
                      ; - java.awt.EventQueue$4::run@1
                      ; - java.security.AccessController::executePrivileged@29
                      ; - java.security.AccessController::doPrivileged@13
                      ; - java.security.ProtectionDomain$JavaSecurityAccessImpl::doIntersectionPrivilege@18
                      ; - java.awt.EventQueue::dispatchEvent@46
  0x0000020851b8a2ac: d050 9cff 

  0x0000020851b8a2b0: ;   {other}
  0x0000020851b8a2b0: 0f1f 8400 | 203c 0077 | 488b 4424 | 20eb 1aeb | 3aeb 38eb | 7aeb 22eb | 27eb 3048 | 8bd0 eb79 
  0x0000020851b8a2d0: eb74 eb05 | 488b d0eb | 7048 8bd0 | eb6b eb5f | eb5d 488b | d0eb 62eb | 0048 8bd0 | eb5b eb00 
  0x0000020851b8a2f0: 488b d0eb | 54eb 4feb | 4deb 0048 | 8bd0 eb49 | 488b d0eb | 4448 8bd0 | eb3f 488b | d0eb 3a48 
  0x0000020851b8a310: 8be8 488b | 5424 2041 | b801 0000 | 0066 6690 

  0x0000020851b8a320: ;   {optimized virtual_call}
  0x0000020851b8a320: c5f8 77e8 

  0x0000020851b8a324: ; ImmutableOopMap {rbp=Oop [48]=Oop }
                      ;*invokevirtual finishedDispatching {reexecute=0 rethrow=0 return_oop=0}
                      ; - java.awt.event.InvocationEvent::dispatch@63
                      ; - java.awt.EventQueue::dispatchEventImpl@21
                      ; - java.awt.EventQueue$4::run@32
                      ; - java.awt.EventQueue$4::run@1
                      ; - java.security.AccessController::executePrivileged@29
                      ; - java.security.AccessController::doPrivileged@13
                      ; - java.security.ProtectionDomain$JavaSecurityAccessImpl::doIntersectionPrivilege@18
                      ; - java.awt.EventQueue::dispatchEvent@46
  0x0000020851b8a324: 584b 9cff 

  0x0000020851b8a328: ;   {other}
  0x0000020851b8a328: 0f1f 8400 | 983c 0078 | 488b c548 | 8bd0 eb11 | 488b d0eb | 0ceb 0048 | 8bd0 eb05 | eb00 488b 
  0x0000020851b8a348: d0c5 f877 | 4881 c480 | 0000 005d 

  0x0000020851b8a354: ;   {runtime_call _rethrow_Java}
  0x0000020851b8a354: e927 c7aa 

  0x0000020851b8a358: ;   {internal_word}
  0x0000020851b8a358: ff49 bacf | 79b8 5108 | 0200 004d | 8997 6004 

  0x0000020851b8a368: ;   {runtime_call SafepointBlob}
  0x0000020851b8a368: 0000 e911 

  0x0000020851b8a36c: ;   {runtime_call StubRoutines (final stubs)}
  0x0000020851b8a36c: c89c ffe8 | 4cb9 9aff | e965 c8ff | fff4 f4f4 | f4f4 f4f4 
[Stub Code]
  0x0000020851b8a380: ;   {no_reloc}
  0x0000020851b8a380: 48bb 0000 | 0000 0000 

  0x0000020851b8a388: ;   {runtime_call nmethod}
  0x0000020851b8a388: 0000 e9fb 

  0x0000020851b8a38c: ;   {static_stub}
  0x0000020851b8a38c: ffff ff48 | bb00 0000 | 0000 0000 

  0x0000020851b8a398: ;   {runtime_call nmethod}
  0x0000020851b8a398: 00e9 fbff 

  0x0000020851b8a39c: ;   {static_stub}
  0x0000020851b8a39c: ffff 48bb | 0000 0000 | 0000 0000 

  0x0000020851b8a3a8: ;   {runtime_call nmethod}
  0x0000020851b8a3a8: e9fb ffff 

  0x0000020851b8a3ac: ;   {static_stub}
  0x0000020851b8a3ac: ff48 bb00 | 0000 0000 

  0x0000020851b8a3b4: ;   {runtime_call nmethod}
  0x0000020851b8a3b4: 0000 00e9 | fbff ffff 

  0x0000020851b8a3bc: ;   {static_stub}
  0x0000020851b8a3bc: 48bb 0000 | 0000 0000 

  0x0000020851b8a3c4: ;   {runtime_call nmethod}
  0x0000020851b8a3c4: 0000 e9fb 

  0x0000020851b8a3c8: ;   {static_stub}
  0x0000020851b8a3c8: ffff ff48 | bb00 0000 | 0000 0000 

  0x0000020851b8a3d4: ;   {runtime_call nmethod}
  0x0000020851b8a3d4: 00e9 fbff 

  0x0000020851b8a3d8: ;   {static_stub}
  0x0000020851b8a3d8: ffff 48bb | 0000 0000 | 0000 0000 

  0x0000020851b8a3e4: ;   {runtime_call nmethod}
  0x0000020851b8a3e4: e9fb ffff 

  0x0000020851b8a3e8: ;   {static_stub}
  0x0000020851b8a3e8: ff48 bb00 | 0000 0000 

  0x0000020851b8a3f0: ;   {runtime_call nmethod}
  0x0000020851b8a3f0: 0000 00e9 | fbff ffff 

  0x0000020851b8a3f8: ;   {static_stub}
  0x0000020851b8a3f8: 48bb 0000 | 0000 0000 

  0x0000020851b8a400: ;   {runtime_call nmethod}
  0x0000020851b8a400: 0000 e9fb 

  0x0000020851b8a404: ;   {runtime_call ExceptionBlob}
  0x0000020851b8a404: ffff ffe9 | f456 aaff 
[Deopt Handler Code]
  0x0000020851b8a40c: e800 0000 | 0048 832c 

  0x0000020851b8a414: ;   {runtime_call DeoptimizationBlob}
  0x0000020851b8a414: 2405 e905 | dc9c fff4 | f4f4 f4f4 
[/MachCode]


Compiled method (c2) 55248523 6339   !   4       java.awt.EventDispatchThread::pumpOneEventForFilters (106 bytes)
 total in heap  [0x0000020851c41010,0x0000020851c4f918] = 59656
 relocation     [0x0000020851c41170,0x0000020851c419f0] = 2176
 main code      [0x0000020851c41a00,0x0000020851c4b668] = 40040
 stub code      [0x0000020851c4b668,0x0000020851c4b850] = 488
 oops           [0x0000020851c4b850,0x0000020851c4b870] = 32
 metadata       [0x0000020851c4b870,0x0000020851c4baf0] = 640
 scopes data    [0x0000020851c4baf0,0x0000020851c4df88] = 9368
 scopes pcs     [0x0000020851c4df88,0x0000020851c4f0f8] = 4464
 dependencies   [0x0000020851c4f0f8,0x0000020851c4f150] = 88
 handler table  [0x0000020851c4f150,0x0000020851c4f720] = 1488
 nul chk table  [0x0000020851c4f720,0x0000020851c4f918] = 504

[Constant Pool (empty)]

[MachCode]
[Entry Point]
  # {method} {0x000002085e8b8440} 'pumpOneEventForFilters' '(I)V' in 'java/awt/EventDispatchThread'
  # this:     rdx:rdx   = 'java/awt/EventDispatchThread'
  # parm0:    r8        = int
  #           [sp+0x110]  (sp of caller)
  0x0000020851c41a00: 448b 5208 | 49bb 0000 | 0000 0802 | 0000 4d03 | d349 3bc2 

  0x0000020851c41a14: ;   {runtime_call ic_miss_stub}
  0x0000020851c41a14: 0f85 66cf | 90ff 6690 | 0f1f 4000 
[Verified Entry Point]
  0x0000020851c41a20: 8984 2400 | 80ff ff55 | 4881 ec00 | 0100 0090 | 4181 7f20 | a80d 0000 | 0f85 1c9c | 0000 4489 
  0x0000020851c41a40: 4424 204d | 8b97 8003 | 0000 498b | 3248 8bea | 488d 9c24 | e000 0000 | 488b 02a8 | 020f 8523 
  0x0000020851c41a60: 0000 0048 | 83c8 0148 | 8903 f048 | 0fb1 1a0f | 8437 0000 | 0048 2bc4 | 4825 07f0 | ffff 4889 
  0x0000020851c41a80: 03e9 2400 | 0000 4c8b | d048 33c0 | f04d 0fb1 | 7a3e 48c7 | 0303 0000 | 0074 114c | 3bf8 7515 
  0x0000020851c41aa0: 49ff 8286 | 0000 0048 | 33c0 7509 | 49ff 8748 | 0500 0033 | c00f 8561 | 4900 008b | 7d78 488d 
  0x0000020851c41ac0: 8424 e000 | 0000 4883 | 3800 0f84 | 7b00 0000 | 4c8b 5500 | 41f6 c202 | 0f84 6200 | 0000 4983 
  0x0000020851c41ae0: ba86 0000 | 0000 7409 | 49ff 8a86 | 0000 00eb | 4b49 8b82 | 9600 0000 | 490b 828e | 0000 0075 
  0x0000020851c41b00: 0a49 c742 | 3e00 0000 | 00eb 3e49 | 83ba 9e00 

  0x0000020851c41b10: ;   {no_reloc}
  0x0000020851c41b10: 0000 0074 | 2248 33c0 | 49c7 423e | 0000 0000 | f083 0424 | 0049 83ba | 9e00 0000 | 0075 0df0 
  0x0000020851c41b30: 4d0f b17a | 3e75 0583 | c801 eb0d | a800 eb09 | 4c8b 10f0 | 4c0f b155 | 0075 0a49 | ff8f 4805 
  0x0000020851c41b50: 0000 4533 | d20f 85e7 | 4800 0044 | 8b54 2420 | 4183 faff | 0f85 9e4c | 0000 448b | 5744 4585 
  0x0000020851c41b70: d20f 8471 | 4800 0048 | 8974 2420 | 4889 6c24 | 2849 8bd2 | 4c8b d74c | 8954 2438 | 897c 2430 
  0x0000020851c41b90: ;   {oop("PostEventQueue"{0x00000000c01c3998})}
  0x0000020851c41b90: 49b8 9839 | 1cc0 0000 

  0x0000020851c41b98: ;   {optimized virtual_call}
  0x0000020851c41b98: 0000 90e8 

  0x0000020851c41b9c: ; ImmutableOopMap {rbp=Oop [32]=Oop [40]=Oop [48]=NarrowOop [56]=Oop }
                      ;*invokevirtual get {reexecute=0 rethrow=0 return_oop=1}
                      ; - sun.awt.SunToolkit::flushPendingEvents@3
                      ; - java.awt.EventQueue::getNextEvent@4
                      ; - java.awt.EventDispatchThread::pumpOneEventForFilters@20
  0x0000020851c41b9c: 8089 f2ff 

  0x0000020851c41ba0: ;   {other}
  0x0000020851c41ba0: 0f1f 8400 | 900b 0000 

  0x0000020851c41ba8: ; implicit exception: dispatches to 0x0000020851c49750
  0x0000020851c41ba8: 448b 5008 

  0x0000020851c41bac: ;   {metadata('sun/awt/PostEventQueue')}
  0x0000020851c41bac: 4181 fa58 | 5402 010f | 8527 7a00 | 0048 8bf8 | 488d 9c24 | e000 0000 | 488b 07a8 | 020f 8523 
  0x0000020851c41bcc: 0000 0048 | 83c8 0148 | 8903 f048 | 0fb1 1f0f | 8437 0000 | 0048 2bc4 | 4825 07f0 | ffff 4889 
  0x0000020851c41bec: 03e9 2400 | 0000 4c8b | d048 33c0 | f04d 0fb1 | 7a3e 48c7 | 0303 0000 | 0074 114c | 3bf8 7515 
  0x0000020851c41c0c: 49ff 8286 | 0000 0048 | 33c0 7509 | 49ff 8748 | 0500 0033 | c00f 8543 | 4800 0044 | 8b57 184c 
  0x0000020851c41c2c: 8b4c 2420 | 4d8b d94d | 8bc2 4d3b | c80f 857b | 0f00 0048 | 8d84 24e0 | 0000 0048 | 8338 000f 
  0x0000020851c41c4c: 8479 0000 | 004c 8b17 | 41f6 c202 | 0f84 6200 | 0000 4983 | ba86 0000 | 0000 7409 | 49ff 8a86 
  0x0000020851c41c6c: 0000 00eb | 4b49 8b82 | 9600 0000 | 490b 828e | 0000 0075 | 0a49 c742 | 3e00 0000 | 00eb 3d49 
  0x0000020851c41c8c: 83ba 9e00 | 0000 0074 | 2248 33c0 | 49c7 423e | 0000 0000 | f083 0424 | 0049 83ba 

  0x0000020851c41ca8: ;   {no_reloc}
  0x0000020851c41ca8: 9e00 0000 | 0075 0df0 | 4d0f b17a | 3e75 0583 | c801 eb0c | a800 eb08 | 4c8b 10f0 | 4c0f b117 
  0x0000020851c41cc8: 750a 49ff | 8f48 0500 | 0045 33d2 | 0f85 5a4c | 0000 48ba | 0000 f058 | 0802 0000 | 41b8 0400 
  0x0000020851c41ce8: 0000 bf03 | 0000 00e9 | a101 0000 | 4c8b 4c24 | 5048 8b7c | 2440 448b | 5c24 3448 | 8b94 24d0 
  0x0000020851c41d08: 0000 0044 | 8b94 24d8 | 0000 0044 | 8b84 24dc | 0000 0048 | 8d9c 24e0 | 0000 0048 | 8b07 a802 
  0x0000020851c41d28: 0f85 2300 | 0000 4883 | c801 4889 | 03f0 480f | b11f 0f84 | 3700 0000 | 482b c448 | 2507 f0ff 
  0x0000020851c41d48: ff48 8903 | e924 0000 | 0048 8bc8 | 4833 c0f0 | 4c0f b179 | 3e48 c703 | 0300 0000 | 7411 4c3b 
  0x0000020851c41d68: f875 1548 | ff81 8600 | 0000 4833 | c075 0949 | ff87 4805 | 0000 33c0 | 0f85 304d | 0000 4180 
  0x0000020851c41d88: 7f40 000f | 85bf 3900 | 0044 895c | 2434 4889 | 9424 d000 | 0000 4489 | 9424 d800 | 0000 4489 
  0x0000020851c41da8: ;   {no_reloc}
  0x0000020851c41da8: 8424 dc00 | 0000 4c89 | 4c24 5044 | 8967 1848 | 897c 2420 | 488b d748 | 8b6c 2438 

  0x0000020851c41dc4: ;   {optimized virtual_call}
  0x0000020851c41dc4: 6666 90e8 

  0x0000020851c41dc8: ; ImmutableOopMap {rbp=Oop [32]=Oop [40]=Oop [48]=NarrowOop [52]=NarrowOop [56]=Oop [80]=Oop }
                      ;*invokevirtual notifyAll {reexecute=0 rethrow=0 return_oop=0}
                      ; - sun.awt.PostEventQueue::flush@108
                      ; - sun.awt.SunToolkit::flushPendingEvents@15
                      ; - java.awt.EventQueue::getNextEvent@4
                      ; - java.awt.EventDispatchThread::pumpOneEventForFilters@20
  0x0000020851c41dc8: f443 eaff 

  0x0000020851c41dcc: ;   {other}
  0x0000020851c41dcc: 0f1f 8400 | bc0d 0001 | 4c8b 5c24 | 2048 8d84 | 24e0 0000 | 0048 8338 | 000f 8479 | 0000 004d 
  0x0000020851c41dec: 8b13 41f6 | c202 0f84 | 6200 0000 | 4983 ba86 | 0000 0000 | 7409 49ff | 8a86 0000 | 00eb 4b49 
  0x0000020851c41e0c: 8b82 9600 | 0000 490b | 828e 0000 | 0075 0a49 | c742 3e00 | 0000 00eb | 3d49 83ba | 9e00 0000 
  0x0000020851c41e2c: 0074 2248 | 33c0 49c7 | 423e 0000 | 0000 f083 | 0424 0049 | 83ba 9e00 | 0000 0075 | 0df0 4d0f 
  0x0000020851c41e4c: b17a 3e75 | 0583 c801 | eb0c a800 | eb08 4c8b | 10f0 4d0f | b113 750a | 49ff 8f48 | 0500 0045 
  0x0000020851c41e6c: 33d2 0f85 | 994c 0000 | 4c8b 4c24 | 5044 8b5c | 2434 488b | 9424 d000 | 0000 448b | 8424 d800 
  0x0000020851c41e8c: 0000 8bbc | 24dc 0000 | 008b 5c24 | 3044 8b53 | 2c41 8b72 

  0x0000020851c41ea0: ;   {metadata('java/util/concurrent/locks/ReentrantLock')}
  0x0000020851c41ea0: 0881 fe10 | d617 000f | 85e3 4500 | 0041 8b72 | 0c85 f60f | 8447 4500 | 0033 c041 | ba01 0000 
  0x0000020851c41ec0: 00f0 440f | b156 100f | 94c1 0fb6 | c948 8bc6 | 85c9 0f84 | ce2a 0000 | 4180 7f40 | 000f 852c 
  0x0000020851c41ee0: 3300 0044 | 895e 0c4d | 8bd1 488b | f04c 33d6 | 49c1 ea14 | 4d85 d20f | 849b 0100 | 0048 c1ee 
  0x0000020851c41f00: 0948 b900 | 00f0 5808 | 0200 0048 | 03ce 8039 | 020f 8554 | 3300 00e9 | 7c01 0000 | 0f1f 4000 
  0x0000020851c41f20: 33ed 4c8b | 5c24 584c | 8b4c 2478 | 450f b651 | 3a45 85d2 | 0f85 3a51 | 0000 85ed | 0f85 6e51 
  0x0000020851c41f40: 0000 41ba | 0200 0000 | 4585 530c | 0f84 b63a | 0000 4c89 | 5c24 5849 

  0x0000020851c41f58: ;   {static_call}
  0x0000020851c41f58: 8bd3 90e8 

  0x0000020851c41f5c: ; ImmutableOopMap {[40]=Oop [56]=Oop [76]=NarrowOop [80]=Oop [88]=Oop [100]=NarrowOop [120]=Oop }
                      ;*invokestatic unmanagedBlock {reexecute=0 rethrow=0 return_oop=0}
                      ; - java.util.concurrent.ForkJoinPool::managedBlock@32
                      ; - java.util.concurrent.locks.AbstractQueuedSynchronizer$ConditionObject::await@107
                      ; - java.awt.EventQueue::getNextEvent@52
                      ; - java.awt.EventDispatchThread::pumpOneEventForFilters@20
  0x0000020851c41f5c: 00ae 52f8 

  0x0000020851c41f60: ;   {other}
  0x0000020851c41f60: 0f1f 8400 | 500f 0002 | 488b 5424 | 504c 8b44 

  0x0000020851c41f70: ;   {optimized virtual_call}
  0x0000020851c41f70: 2458 90e8 

  0x0000020851c41f74: ; ImmutableOopMap {[40]=Oop [56]=Oop [76]=NarrowOop [80]=Oop [88]=Oop [100]=NarrowOop [120]=Oop }
                      ;*invokevirtual canReacquire {reexecute=0 rethrow=0 return_oop=0}
                      ; - java.util.concurrent.locks.AbstractQueuedSynchronizer$ConditionObject::await@44
                      ; - java.awt.EventQueue::getNextEvent@52
                      ; - java.awt.EventDispatchThread::pumpOneEventForFilters@20
  0x0000020851c41f74: c89d efff 

  0x0000020851c41f78: ;   {other}
  0x0000020851c41f78: 0f1f 8400 | 680f 0003 | 85c0 749c | 33ed 4c8b | 5c24 584c | 895c 2458 | 33d2 4c8b | 5424 384c 
  0x0000020851c41f98: 8954 2420 

  0x0000020851c41f9c: ;   {static_call}
  0x0000020851c41f9c: 6666 90e8 

  0x0000020851c41fa0: ; ImmutableOopMap {[32]=Oop [40]=Oop [56]=Oop [76]=NarrowOop [80]=Oop [88]=Oop [100]=NarrowOop [120]=Oop }
                      ;*invokestatic setCurrentBlocker {reexecute=0 rethrow=0 return_oop=0}
                      ; - java.util.concurrent.locks.AbstractQueuedSynchronizer$ConditionObject::await@135
                      ; - java.awt.EventQueue::getNextEvent@52
                      ; - java.awt.EventDispatchThread::pumpOneEventForFilters@20
  0x0000020851c41fa0: 7c1f faff 

  0x0000020851c41fa4: ;   {other}
  0x0000020851c41fa4: 0f1f 8400 | 940f 0004 | 488b 5424 

  0x0000020851c41fb0: ;   {optimized virtual_call}
  0x0000020851c41fb0: 5866 90e8 

  0x0000020851c41fb4: ; ImmutableOopMap {[32]=Oop [40]=Oop [56]=Oop [76]=NarrowOop [80]=Oop [88]=Oop [100]=NarrowOop [120]=Oop }
                      ;*invokevirtual clearStatus {reexecute=0 rethrow=0 return_oop=0}
                      ; - java.util.concurrent.locks.AbstractQueuedSynchronizer$ConditionObject::await@139
                      ; - java.awt.EventQueue::getNextEvent@52
                      ; - java.awt.EventDispatchThread::pumpOneEventForFilters@20
  0x0000020851c41fb4: 8812 f2ff 

  0x0000020851c41fb8: ;   {other}
  0x0000020851c41fb8: 0f1f 8400 | a80f 0005 | 4c8b 5424 | 5045 8b5a | 1445 85db | 0f84 ae45 | 0000 498b | d34c 8b44 
  0x0000020851c41fd8: 2458 448b | 4c24 6033 | ff33 f633 | c945 33d2 | 4c89 1424 

  0x0000020851c41fec: ;   {optimized virtual_call}
  0x0000020851c41fec: 6666 90e8 

  0x0000020851c41ff0: ; ImmutableOopMap {[32]=Oop [40]=Oop [56]=Oop [76]=NarrowOop [80]=Oop [88]=Oop [100]=NarrowOop [120]=Oop }
                      ;*invokevirtual acquire {reexecute=0 rethrow=0 return_oop=0}
                      ; - java.util.concurrent.locks.AbstractQueuedSynchronizer$ConditionObject::await@152
                      ; - java.awt.EventQueue::getNextEvent@52
                      ; - java.awt.EventDispatchThread::pumpOneEventForFilters@20
  0x0000020851c41ff0: 8cd0 f2ff 

  0x0000020851c41ff4: ;   {other}
  0x0000020851c41ff4: 0f1f 8400 | e40f 0006 | 85ed 0f85 | 5051 0000 | 448b 5c24 | 4c45 8b53 | 2c45 8b42 

  0x0000020851c42010: ;   {metadata('java/util/concurrent/locks/ReentrantLock')}
  0x0000020851c42010: 0841 81f8 | 10d6 1700 | 0f85 7647 | 0000 498b | d248 8b6c 

  0x0000020851c42024: ;   {optimized virtual_call}
  0x0000020851c42024: 2438 90e8 

  0x0000020851c42028: ; ImmutableOopMap {rbp=Oop [40]=Oop [56]=Oop [76]=NarrowOop [100]=NarrowOop [120]=Oop }
                      ;*invokeinterface unlock {reexecute=0 rethrow=0 return_oop=0}
                      ; - java.awt.EventQueue::getNextEvent@61
                      ; - java.awt.EventDispatchThread::pumpOneEventForFilters@20
  0x0000020851c42028: b4eb efff 

  0x0000020851c4202c: ;   {other}
  0x0000020851c4202c: 0f1f 8400 | 1c10 0007 | 448b 5c24 | 4c45 8b53 | 4449 8bd2 

  0x0000020851c42040: ;   {static_call}
  0x0000020851c42040: 6666 90e8 

  0x0000020851c42044: ; ImmutableOopMap {rbp=Oop [40]=Oop [56]=Oop [76]=NarrowOop [100]=NarrowOop [120]=Oop }
                      ;*invokestatic flushPendingEvents {reexecute=0 rethrow=0 return_oop=0}
                      ; - java.awt.EventQueue::getNextEvent@4
                      ; - java.awt.EventDispatchThread::pumpOneEventForFilters@20
  0x0000020851c42044: d801 f9ff 

  0x0000020851c42048: ;   {other}
  0x0000020851c42048: 0f1f 8400 | 3810 0008 | 448b 4c24 | 4c45 8b59 | 2c45 8b53 

  0x0000020851c4205c: ;   {metadata('java/util/concurrent/locks/ReentrantLock')}
  0x0000020851c4205c: 0841 81fa | 10d6 1700 | 0f85 4647 | 0000 498b 

  0x0000020851c4206c: ;   {optimized virtual_call}
  0x0000020851c4206c: d366 90e8 

  0x0000020851c42070: ; ImmutableOopMap {rbp=Oop [40]=Oop [56]=Oop [76]=NarrowOop [100]=NarrowOop [120]=Oop }
                      ;*invokeinterface lock {reexecute=0 rethrow=0 return_oop=0}
                      ; - java.awt.EventQueue::getNextEvent@11
                      ; - java.awt.EventDispatchThread::pumpOneEventForFilters@20
  0x0000020851c42070: cc40 f0ff 

  0x0000020851c42074: ;   {other}
  0x0000020851c42074: 0f1f 8400 | 6410 0009 | 4c8b 4c24 | 788b 5c24 | 4c44 8b5c | 2464 488b | 5424 4044 | 8b44 2434 
  0x0000020851c42094: 8b7c 2448 | 8b73 2044 | 8b56 0c41 | 83fa 010f | 86fc 4200 | 0041 83fa | 030f 86f2 | 4200 0089 
  0x0000020851c420b4: 7c24 4844 | 8944 2434 | 4889 5424 | 4044 895c | 2430 4c89 | 4c24 2044 | 8b46 1c41 | 8b78 0c85 
  0x0000020851c420d4: ff0f 848e | 0200 0049 | 8be8 448b | 5c24 4841 | 807f 4000 | 0f85 3530 | 0000 448b | 4f10 4489 
  0x0000020851c420f4: 4d0c 4c8b | d54d 8bc1 | 4d33 c249 | c1e8 144d | 85c0 0f84 | e02f 0000 | 4585 c90f | 84e0 2f00 
  0x0000020851c42114: 0049 c1ea | 094c 8b4c | 2440 4d03 | ca41 8039 | 020f 852b | 3000 008b | 770c 448b | 5610 4181 
  0x0000020851c42134: faf7 0100 | 000f 85fb | 0100 0041 | be02 0000 | 0041 83fe | ff74 4c44 | 8b56 0c45 | 8b5a 0849 
  0x0000020851c42154: b800 0000 | 0008 0200 | 004d 03c3 | 4d8b 5838 

  0x0000020851c42164: ;   {metadata('java/awt/Component')}
  0x0000020851c42164: 49b8 702d | 0401 0802 | 0000 4d3b | d875 2441 | 8baa c400 | 0000 448b | 550c 453b | f20f 83c9 
  0x0000020851c42184: 4800 0041 | 807f 4000 | 0f85 0536 | 0000 4689 | 64b5 1044 | 8b5b 2c45 

  0x0000020851c4219c: ;   {metadata('java/util/concurrent/locks/ReentrantLock')}
  0x0000020851c4219c: 8b53 0841 | 81fa 10d6 | 1700 0f85 | 0443 0000 | 4d8b d345 | 8b6a 0c45 | 8b55 1045 | 8b4d 0c4d 
  0x0000020851c421bc: 8bd9 4c8b | 4424 204d | 3bd8 0f85 | b146 0000 | 488b fe45 | 8d72 ff41 | 83fa 010f | 85bc 2800 
  0x0000020851c421dc: 0041 807f | 4000 0f85 | f42f 0000 | 4589 650c | 41ba 0100 | 0000 4589 | 7510 f083 | 4424 c000 
  0x0000020851c421fc: 4585 d20f | 8408 2b00 | 0045 8b5d | 1445 85db | 0f84 a300 | 0000 458b | 4314 4585 | c00f 8496 
  0x0000020851c4221c: 0000 0045 | 8b50 0c45 | 85d2 0f84 | 8900 0000 | 418b 400c | 448b d841 | 83e3 fef0 | 450f b158 
  0x0000020851c4223c: 0c40 0f94 | c540 0fb6 | ed85 ed0f | 842f 6700 | 0041 8b68 | 1844 8b55 | 0849 bb00 | 0000 0008 
  0x0000020851c4225c: 0200 004d | 03da 4d8b 

  0x0000020851c42264: ;   {metadata('java/lang/BaseVirtualThread')}
  0x0000020851c42264: 5340 49bb | 1098 0200 | 0802 0000 | 4d3b d30f | 844f 6300 | 0048 897c | 2430 8974 | 2424 895c 
  0x0000020851c42284: 2420 4c8b 

  0x0000020851c42288: ;   {oop(a 'jdk/internal/misc/Unsafe'{0x00000000c0370cc0})}
  0x0000020851c42288: c548 bac0 | 0c37 c000 | 0000 0048 | 8b6c 2428 

  0x0000020851c42298: ;   {optimized virtual_call}
  0x0000020851c42298: 6666 90e8 

  0x0000020851c4229c: ; ImmutableOopMap {rbp=Oop [32]=NarrowOop [36]=NarrowOop [40]=Oop [48]=Oop [56]=Oop }
                      ;*invokevirtual unpark {reexecute=0 rethrow=0 return_oop=0}
                      ; - java.util.concurrent.locks.LockSupport::unpark@22
                      ; - java.util.concurrent.locks.AbstractQueuedSynchronizer::signalNext@30
                      ; - java.util.concurrent.locks.AbstractQueuedSynchronizer::release@12
                      ; - java.util.concurrent.locks.ReentrantLock::unlock@5
                      ; - java.awt.EventQueue::getNextEvent@31
                      ; - java.awt.EventDispatchThread::pumpOneEventForFilters@20
  0x0000020851c4229c: e0cb 90ff 

  0x0000020851c422a0: ;   {other}
  0x0000020851c422a0: 0f1f 8400 | 9012 000a | 8b5c 2420 | 8b74 2424 | 488b 7c24 | 3089 5c24 | 3089 7424 | 2048 8bef 
  0x0000020851c422c0: 488b 5424 | 284c 8bc7 

  0x0000020851c422c8: ;   {optimized virtual_call}
  0x0000020851c422c8: 6666 90e8 

  0x0000020851c422cc: ; ImmutableOopMap {rbp=Oop [32]=NarrowOop [40]=Oop [48]=NarrowOop [56]=Oop }
                      ;*invokevirtual filterAndCheckEvent {reexecute=0 rethrow=0 return_oop=0}
                      ; - java.awt.EventDispatchThread::pumpOneEventForFilters@35
  0x0000020851c422cc: 9000 faff 

  0x0000020851c422d0: ;   {other}
  0x0000020851c422d0: 0f1f 8400 | c012 000b | 85c0 0f84 | cc45 0000 

  0x0000020851c422e0: ;   {oop(a 'sun/util/logging/PlatformLogger$Level'{0x00000000c01c4888})}
  0x0000020851c422e0: 49b8 8848 | 1cc0 0000 

  0x0000020851c422e8: ;   {oop(a 'sun/util/logging/PlatformLogger'{0x00000000c0751bd8})}
  0x0000020851c422e8: 0000 48ba | d81b 75c0 | 0000 0000 

  0x0000020851c422f4: ;   {optimized virtual_call}
  0x0000020851c422f4: 6666 90e8 

  0x0000020851c422f8: ; ImmutableOopMap {rbp=Oop [32]=NarrowOop [40]=Oop [48]=NarrowOop [56]=Oop }
                      ;*invokevirtual isLoggable {reexecute=0 rethrow=0 return_oop=0}
                      ; - java.awt.EventDispatchThread::pumpOneEventForFilters@57
  0x0000020851c422f8: 649e efff 

  0x0000020851c422fc: ;   {other}
  0x0000020851c422fc: 0f1f 8400 | ec12 000c | 85c0 0f85 | bc45 0000 | 488b 5424 | 384c 8bc5 

  0x0000020851c42314: ;   {optimized virtual_call}
  0x0000020851c42314: 6666 90e8 

  0x0000020851c42318: ; ImmutableOopMap {[40]=Oop }
                      ;*invokevirtual dispatchEvent {reexecute=0 rethrow=0 return_oop=0}
                      ; - java.awt.EventDispatchThread::pumpOneEventForFilters@81
  0x0000020851c42318: a448 f4ff 

  0x0000020851c4231c: ;   {other}
  0x0000020851c4231c: 0f1f 8400 | 0c13 000d | 4881 c400 | 0100 005d 

  0x0000020851c4232c: ;   {poll_return}
  0x0000020851c4232c: 493b a748 | 0400 000f | 870b 9300 | 00c3 458d | 8209 feff | ff41 81f8 | 2b01 0000 | 0f82 6f2d 
  0x0000020851c4234c: 0000 448b 

  0x0000020851c42350: ;   {metadata('sun/awt/PeerEvent')}
  0x0000020851c42350: 5e08 4181 | fbb0 4913 | 010f 8588 | 1700 0044 | 8b74 2434 | e9dc fdff | ff41 83fa | 020f 8651 
  0x0000020851c42370: 4000 0044 | 8b56 1841 | 8b7a 0c85 | ff74 0e49 | 8bea 41bb | 0200 0000 | e956 fdff | ff44 8b56 
  0x0000020851c42390: 1441 8b7a | 0c85 ff74 | 0e49 8bea | 41bb 0100 | 0000 e93c | fdff ff44 | 8b56 1041 | 8b7a 0c85 
  0x0000020851c423b0: ff74 0b49 | 8bea 4533 | dbe9 25fd | ffff 448b | 5b34 4585 | db0f 843d 

  0x0000020851c423c8: ;   {oop(a 'sun/awt/AWTAutoShutdown'{0x00000000c01e1370})}
  0x0000020851c423c8: 4d00 0041 | b970 131e | c045 8b41 | 1445 85c0 | 0f84 f640 | 0000 895c | 244c 4d8b | d34c 8954 
  0x0000020851c423e8: 2460 4489 | 5c24 584d | 8bd0 4c89 | 5424 6844 | 8944 2450 | 4c8b 5c24 | 6848 8d9c | 24e0 0000 
  0x0000020851c42408: 0049 8b03 | a802 0f85 | 2300 0000 | 4883 c801 | 4889 03f0 | 490f b11b | 0f84 3700 | 0000 482b 
  0x0000020851c42428: c448 2507 | f0ff ff48 | 8903 e924 | 0000 004c | 8bd0 4833 | c0f0 4d0f | b17a 3e48 | c703 0300 
  0x0000020851c42448: 0000 7411 | 4c3b f875 | 1549 ff82 | 8600 0000 | 4833 c075 | 0949 ff87 | 4805 0000 | 33c0 0f85 
  0x0000020851c42468: 7c41 0000 

  0x0000020851c4246c: ;   {oop(a 'sun/awt/AWTAutoShutdown'{0x00000000c01e1370})}
  0x0000020851c4246c: 41bb 7013 | 1ec0 458b | 5b10 4585 | db0f 8475 | 4000 004d | 8bd3 4c89 | 5424 7044 | 895c 2454 
  0x0000020851c4248c: 488b 6c24 | 7048 8d9c | 24e8 0000 | 0048 8b45 | 00a8 020f | 8524 0000 | 0048 83c8 | 0148 8903 
  0x0000020851c424ac: f048 0fb1 | 5d00 0f84 | 3700 0000 | 482b c448 | 2507 f0ff | ff48 8903 | e924 0000 | 004c 8bd0 
  0x0000020851c424cc: 4833 c0f0 | 4d0f b17a | 3e48 c703 | 0300 0000 | 7411 4c3b | f875 1549 | ff82 8600 | 0000 4833 
  0x0000020851c424ec: c075 0949 | ff87 4805 | 0000 33c0 | 0f85 0f41 

  0x0000020851c424fc: ;   {oop(a 'sun/awt/AWTAutoShutdown'{0x00000000c01e1370})}
  0x0000020851c424fc: 0000 41ba | 7013 1ec0 | 458b 5218 

  0x0000020851c42508: ; implicit exception: dispatches to 0x0000020851c497e4
  0x0000020851c42508: 458b 4208 

  0x0000020851c4250c: ;   {metadata('java/util/HashSet')}
  0x0000020851c4250c: 4181 f878 | de0d 000f | 8518 4100 | 0045 8b5a | 0c45 8b53 

  0x0000020851c42520: ;   {metadata('java/util/HashMap')}
  0x0000020851c42520: 0841 81fa | d0c5 0800 | 0f85 3e41 | 0000 448b | 4424 584d | 8b10 498b | eb48 896c | 2478 4d8b 
  0x0000020851c42540: da49 83e3 | 0349 83fb | 010f 858c | 2d00 0049 | c1ea 0841 | 8bc2 25ff | ffff 7f85 | c00f 8478 
  0x0000020851c42560: 2d00 0048 | 8b6c 2478 | 8b6d 2489 | 6c24 5c44 | 8b55 0c45 | 85d2 0f86 | 2c49 0000 | 41ff ca48 
  0x0000020851c42580: 89ac 2480 | 0000 008b | e8c1 ed10 | 33e8 89ac | 2488 0000 | 0044 23d5 | 4489 9424 | 8c00 0000 
  0x0000020851c425a0: 448b 5424 | 5c8b ac24 | 8c00 0000 | 498d 6caa | 1048 89ac | 2490 0000 | 008b 6d00 | 89ac 2498 
  0x0000020851c425c0: 0000 008b | 6d08 89ac | 249c 0000 | 008b ac24 | 9800 0000 | 448b 550c | 4889 ac24 | a000 0000 
  0x0000020851c425e0: 443b 9424 | 8800 0000 | 0f85 f228 | 0000 8bac | 2498 0000 | 0044 8b55 | 1044 8b44 | 2458 453b 
  0x0000020851c42600: d00f 85b4 | 2800 008b | ac24 9c00 

  0x0000020851c4260c: ;   {metadata('java/util/HashMap$TreeNode')}
  0x0000020851c4260c: 0000 81fd | d80e 1a00 | 0f84 963f | 0000 8bac | 2498 0000 | 008b 5d18 | 8b6c 245c | 448b 5508 
  0x0000020851c4262c: ;   {metadata('java/util/HashMap$Node'[])}
  0x0000020851c4262c: 4181 fa30 | 081a 000f | 851f 4100 | 0041 807f | 4000 0f85 | 682d 0000 | 4c8b 9424 | 9000 0000 
  0x0000020851c4264c: 4189 1a4c | 8bdb 498b | ea4c 8bd5 | 4d33 da49 | c1eb 144d | 85db 741e | 85db 741a | 49c1 ea09 
  0x0000020851c4266c: 48b9 0000 | f058 0802 | 0000 4903 | ca80 3902 | 0f85 a12e | 0000 4c8b | 5424 7841 | ff4a 144c 
  0x0000020851c4268c: 8b94 24a0 | 0000 0045 | 8b5a 144c | 8b54 2478 | 41ff 4218 

  0x0000020851c426a0: ;   {oop(a 'java/lang/Object'{0x00000000c03917a0})}
  0x0000020851c426a0: 4181 fba0 | 1739 c00f | 8537 4800 

  0x0000020851c426ac: ;   {oop(a 'sun/awt/AWTAutoShutdown'{0x00000000c01e1370})}
  0x0000020851c426ac: 0041 bb70 | 131e c045 | 0fb6 530c | 4585 d275 

  0x0000020851c426bc: ;   {oop(a 'sun/awt/AWTAutoShutdown'{0x00000000c01e1370})}
  0x0000020851c426bc: 2b41 ba70 | 131e c045 | 8b5a 1c45 

  0x0000020851c426c8: ;   {metadata('java/util/IdentityHashMap')}
  0x0000020851c426c8: 8b43 0841 | 81f8 28e6 | 1000 0f85 | f440 0000 | 4d8b d345 | 8b52 1445 | 85d2 0f84 | e04a 0000 
  0x0000020851c426e8: 4c8b 5c24 | 7048 8d84 | 24e8 0000 | 0048 8338 | 000f 8479 | 0000 004d | 8b13 41f6 | c202 0f84 
  0x0000020851c42708: 6200 0000 | 4983 ba86 | 0000 0000 | 7409 49ff | 8a86 0000 | 00eb 4b49 | 8b82 9600 | 0000 490b 
  0x0000020851c42728: 828e 0000 | 0075 0a49 | c742 3e00 | 0000 00eb | 3d49 83ba | 9e00 0000 | 0074 2248 | 33c0 49c7 
  0x0000020851c42748: 423e 0000 | 0000 f083 | 0424 0049 | 83ba 9e00 | 0000 0075 | 0df0 4d0f | b17a 3e75 | 0583 c801 
  0x0000020851c42768: eb0c a800 | eb08 4c8b | 10f0 4d0f | b113 750a | 49ff 8f48 | 0500 0045 | 33d2 0f85 | 203f 0000 
  0x0000020851c42788: 4c8b 5c24 | 6848 8d84 | 24e0 0000 | 0048 8338 | 000f 8479 | 0000 004d | 8b13 41f6 | c202 0f84 
  0x0000020851c427a8: 6200 0000 | 4983 ba86 | 0000 0000 | 7409 49ff | 8a86 0000 | 00eb 4b49 | 8b82 9600 | 0000 490b 
  0x0000020851c427c8: ;   {no_reloc}
  0x0000020851c427c8: 828e 0000 | 0075 0a49 | c742 3e00 | 0000 00eb | 3d49 83ba | 9e00 0000 | 0074 2248 | 33c0 49c7 
  0x0000020851c427e8: 423e 0000 | 0000 f083 | 0424 0049 | 83ba 9e00 | 0000 0075 | 0df0 4d0f | b17a 3e75 | 0583 c801 
  0x0000020851c42808: eb0c a800 | eb08 4c8b | 10f0 4d0f | b113 750a | 49ff 8f48 | 0500 0045 | 33d2 0f85 | ab3e 0000 
  0x0000020851c42828: 448b 5c24 | 4c45 8b43 | 3045 8b50 

  0x0000020851c42834: ;   {metadata('java/util/concurrent/locks/AbstractQueuedSynchronizer$ConditionObject')}
  0x0000020851c42834: 0841 81fa | d8e4 1a00 | 0f85 bc3e | 0000 4c8b | 4c24 2045 | 0fb6 513a | 4585 d20f | 85d3 4800 
  0x0000020851c42854: 0041 8b48 | 1485 c90f | 84bf 3c00 | 0045 33d2 | 443b 6118 | 0f84 8427 | 0000 4c89 | 4c24 2044 
  0x0000020851c42874: 895c 244c | 418b 6814 | 4c89 4424 | 5049 8b87 | b801 0000 | 4c8b d049 | 83c2 204d | 3b97 c801 
  0x0000020851c42894: 0000 0f83 | f735 0000 | 4d89 97b8 | 0100 0041 | 0f0d 8ac0 | 0000 0048 | c700 0100 | 0000 4c8b 
  0x0000020851c428b4: d049 83c2 

  0x0000020851c428b8: ;   {metadata('java/util/concurrent/locks/AbstractQueuedSynchronizer$ConditionNode')}
  0x0000020851c428b8: 10c7 4008 | b8b7 1b00 | 4489 600c | c5fd efc0 | 62d1 fe08 | 7f02 4c8b | d044 8b45 

  0x0000020851c428d4: ;   {metadata('java/util/concurrent/locks/ReentrantLock$NonfairSync')}
  0x0000020851c428d4: 0841 81f8 | f8c7 1a00 | 0f85 3e3e | 0000 4c8b | dd45 8b5b | 0c4d 8bcb | 4c8b 4424 | 204d 3bc8 
  0x0000020851c428f4: 0f85 2e46 | 0000 448b | 4c24 3045 | 894a 184d | 8bd8 498b | da4c 33db | 49c1 eb14 | 4d85 db74 
  0x0000020851c42914: 1a48 c1eb | 0948 b900 | 00f0 5808 | 0200 0048 | 03cb 8039 | 020f 85b7 | 2a00 0048 | 8b7c 2450 
  0x0000020851c42934: 448b 5f10 | 41c7 420c | 0300 0000 | 4585 db0f | 850f 4600 | 0041 807f | 4000 0f85 | a529 0000 
  0x0000020851c42954: 4c89 4424 | 7844 894c | 2464 498b | f24c 8bd7 | 488b de89 | 5f0c 4c8b | de4d 33da | 49c1 eb14 
  0x0000020851c42974: 4d85 db74 | 1a49 c1ea | 0948 b900 | 00f0 5808 | 0200 0049 | 03ca 8039 | 020f 85aa | 2a00 0041 
  0x0000020851c42994: 807f 4000 | 0f85 a929 | 0000 895f | 1048 8bde | 4c8b d64c | 8bdf 4d33 | d349 c1ea | 144d 85d2 
  0x0000020851c429b4: 741a 49c1 | eb09 48b9 | 0000 f058 | 0802 0000 | 4903 cb80 | 3902 0f85 | bb2a 0000 | 448b 5714 
  0x0000020851c429d4: ; implicit exception: dispatches to 0x0000020851c4988c
                      ;   {no_reloc}
  0x0000020851c429d4: 458b 5a10 | 8b6f 1444 | 8b55 0844 | 895c 2460 | 4889 5c24 | 5848 8bd5 

  0x0000020851c429ec: ;   {metadata('java/util/concurrent/locks/ReentrantLock$NonfairSync')}
  0x0000020851c429ec: 4181 faf8 | c71a 000f | 857c 2000 | 0048 8bda | 448b 4310 | 448b 530c | 4d8b da4c | 8b4c 2478 
  0x0000020851c42a0c: 4d3b d90f | 8578 4700 | 0041 8bf0 | 2b74 2460 | 443b 4424 | 600f 850a | 2100 0041 | 807f 4000 
  0x0000020851c42a2c: 0f85 3f2b | 0000 4489 | 630c b801 | 0000 0089 | 7310 f083 | 4424 c000 | 85c0 0f84 | f83a 0000 
  0x0000020851c42a4c: 448b 5514 | 4585 d20f | 8483 0000 | 0045 8b42 | 1445 85c0 | 747a 458b | 580c 4585 | db74 7141 
  0x0000020851c42a6c: 8b40 0c45 | 8bd0 448b | d841 83e3 | fef0 450f | b158 0c40 | 0f94 c540 | 0fb6 ed85 | ed0f 846b 
  0x0000020851c42a8c: 6000 0041 | 8b68 1844 | 8b5d 0849 | ba00 0000 | 0008 0200 | 004d 03d3 | 4d8b 5240 

  0x0000020851c42aa8: ;   {metadata('java/lang/BaseVirtualThread')}
  0x0000020851c42aa8: 49bb 1098 | 0200 0802 | 0000 4d3b | d30f 8479 | 5e00 004c 

  0x0000020851c42abc: ;   {oop(a 'jdk/internal/misc/Unsafe'{0x00000000c0370cc0})}
  0x0000020851c42abc: 8bc5 48ba | c00c 37c0 | 0000 0000 | 488b 6c24 

  0x0000020851c42acc: ;   {optimized virtual_call}
  0x0000020851c42acc: 2866 90e8 

  0x0000020851c42ad0: ; ImmutableOopMap {rbp=Oop [40]=Oop [56]=Oop [76]=NarrowOop [80]=Oop [88]=Oop [100]=NarrowOop [120]=Oop }
                      ;*invokevirtual unpark {reexecute=0 rethrow=0 return_oop=0}
                      ; - java.util.concurrent.locks.LockSupport::unpark@22
                      ; - java.util.concurrent.locks.AbstractQueuedSynchronizer::signalNext@30
                      ; - java.util.concurrent.locks.AbstractQueuedSynchronizer::release@12
                      ; - java.util.concurrent.locks.AbstractQueuedSynchronizer$ConditionObject::enableWait@62
                      ; - java.util.concurrent.locks.AbstractQueuedSynchronizer$ConditionObject::await@26
                      ; - java.awt.EventQueue::getNextEvent@52
                      ; - java.awt.EventDispatchThread::pumpOneEventForFilters@20
  0x0000020851c42ad0: acc3 90ff 

  0x0000020851c42ad4: ;   {other}
  0x0000020851c42ad4: 0f1f 8400 | c41a 000e | 488b 5c24 | 7848 83c3 | 5c41 807f | 4000 0f85 | 8a28 0000 | 4c8b 5424 
  0x0000020851c42af4: 7845 8b5a | 084c 8bd3 | 4c8b 4424 | 504d 33c2 | 4c8b 4c24 | 5049 8bc9 | 890b 49c1 

  0x0000020851c42b10: ;   {metadata('java/util/concurrent/ForkJoinWorkerThread')}
  0x0000020851c42b10: e814 48bf | 50cf 1200 | 0802 0000 | 49b9 0000 | 0000 0802 | 0000 4d03 | cb49 8b59 | 404d 85c0 
  0x0000020851c42b30: 741a 49c1 | ea09 48b9 | 0000 f058 | 0802 0000 | 4903 ca80 | 3902 0f85 | 8929 0000 | 483b df0f 
  0x0000020851c42b50: 8413 3a00 | 0033 ed4c | 8b5c 2458 | 458b 5310 | 4585 d20f | 84be f3ff | ff45 8b52 | 144d 3bd3 
  0x0000020851c42b70: 0f84 15f4 | ffff 4c8b | 5424 5045 | 8b42 1445 | 85c0 0f84 | 4466 0000 | 48ff 7424 | 5848 8f44 
  0x0000020851c42b90: 2420 498b | d04c 8b44 

  0x0000020851c42b98: ;   {optimized virtual_call}
  0x0000020851c42b98: 2458 90e8 

  0x0000020851c42b9c: ; ImmutableOopMap {[32]=Oop [40]=Oop [56]=Oop [76]=NarrowOop [80]=Oop [100]=NarrowOop [120]=Oop }
                      ;*invokevirtual isEnqueued {reexecute=0 rethrow=0 return_oop=0}
                      ; - java.util.concurrent.locks.AbstractQueuedSynchronizer$ConditionObject::canReacquire@26
                      ; - java.util.concurrent.locks.AbstractQueuedSynchronizer$ConditionObject::await@44
                      ; - java.awt.EventQueue::getNextEvent@52
                      ; - java.awt.EventDispatchThread::pumpOneEventForFilters@20
  0x0000020851c42b9c: e0c2 90ff 

  0x0000020851c42ba0: ;   {other}
  0x0000020851c42ba0: 0f1f 8400 | 901b 000f | 85c0 0f84 | 9434 0000 | 4c8b 5c24 | 20e9 d1f3 | ffff 4585 | d20f 85ad 
  0x0000020851c42bc0: 4200 0044 | 3b67 0c0f | 85b5 0000 | 0048 8d84 | 24e0 0000 | 0048 8338 | 000f 8479 | 0000 004c 
  0x0000020851c42be0: 8b17 41f6 | c202 0f84 | 6200 0000 | 4983 ba86 | 0000 0000 | 7409 49ff | 8a86 0000 | 00eb 4b49 
  0x0000020851c42c00: 8b82 9600 | 0000 490b | 828e 0000 | 0075 0a49 | c742 3e00 | 0000 00eb | 3d49 83ba | 9e00 0000 
  0x0000020851c42c20: 0074 2248 | 33c0 49c7 | 423e 0000 | 0000 f083 | 0424 0049 | 83ba 9e00 | 0000 0075 | 0df0 4d0f 
  0x0000020851c42c40: b17a 3e75 | 0583 c801 | eb0c a800 | eb08 4c8b | 10f0 4c0f | b117 750a | 49ff 8f48 | 0500 0045 
  0x0000020851c42c60: 33d2 0f85 | 6c44 0000 | 48ba 0000 | f058 0802 | 0000 41b8 | 0400 0000 | bf03 0000 | 00e9 13f2 
  0x0000020851c42c80: ffff 4180 | 7f40 000f | 8584 2a00 | 0044 895f | 184d 8bd1 | 4c8b c74d | 33d0 49c1 

  0x0000020851c42c9c: ;   {no_reloc}
  0x0000020851c42c9c: ea14 4d85 | d274 1a49 | c1e8 0948 | b900 00f0 | 5808 0200 | 0049 03c8 | 8039 020f | 850e 2b00 
  0x0000020851c42cbc: 0041 807f | 4000 0f85 | 0a2a 0000 | 4180 7f40 | 000f 85c0 | 2900 0044 | 8967 108b | 5f0c 4489 
  0x0000020851c42cdc: 670c 488d | 8424 e000 | 0000 4883 | 3800 0f84 | 7900 0000 | 4c8b 1741 | f6c2 020f | 8462 0000 
  0x0000020851c42cfc: 0049 83ba | 8600 0000 | 0074 0949 | ff8a 8600 | 0000 eb4b | 498b 8296 | 0000 0049 | 0b82 8e00 
  0x0000020851c42d1c: 0000 750a | 49c7 423e | 0000 0000 | eb3d 4983 | ba9e 0000 | 0000 7422 | 4833 c049 | c742 3e00 
  0x0000020851c42d3c: 0000 00f0 | 8304 2400 | 4983 ba9e | 0000 0000 | 750d f04d | 0fb1 7a3e | 7505 83c8 | 01eb 0ca8 
  0x0000020851c42d5c: 00eb 084c | 8b10 f04c | 0fb1 1775 | 0a49 ff8f | 4805 0000 | 4533 d20f | 8503 3d00 | 0085 db75 
  0x0000020851c42d7c: 1b48 ba00 | 00f0 5808 | 0200 0041 | ba04 0000 | 0041 b803 | 0000 00e9 | 83ef ffff | 4489 5c24 
  0x0000020851c42d9c: ;   {no_reloc}
  0x0000020851c42d9c: 3448 897c | 2440 4c89 | 4c24 504c | 8bd3 4c89 | 5424 4849 | b800 00f0 | 5808 0200 | 0041 ba04 
  0x0000020851c42dbc: 0000 0041 | bb03 0000 | 004c 8984 | 24d0 0000 | 0044 8994 | 24d8 0000 | 0044 899c | 24dc 0000 
  0x0000020851c42ddc: 00e9 d609 | 0000 4c8b | 5c24 6048 | 8d84 24e0 | 0000 0048 | 8338 000f | 8479 0000 | 004d 8b13 
  0x0000020851c42dfc: 41f6 c202 | 0f84 6200 | 0000 4983 | ba86 0000 | 0000 7409 | 49ff 8a86 | 0000 00eb | 4b49 8b82 
  0x0000020851c42e1c: 9600 0000 | 490b 828e | 0000 0075 | 0a49 c742 | 3e00 0000 | 00eb 3d49 | 83ba 9e00 | 0000 0074 
  0x0000020851c42e3c: 2248 33c0 | 49c7 423e | 0000 0000 | f083 0424 | 0049 83ba | 9e00 0000 | 0075 0df0 | 4d0f b17a 
  0x0000020851c42e5c: 3e75 0583 | c801 eb0c | a800 eb08 | 4c8b 10f0 | 4d0f b113 | 750a 49ff | 8f48 0500 | 0045 33d2 
  0x0000020851c42e7c: 0f85 0e48 | 0000 448b | 5c24 5c45 | 8b5b 0844 | 895c 2460 | 448b 5424 | 5c41 c642 | 1601 448b 
  0x0000020851c42e9c: ;   {no_reloc}
  0x0000020851c42e9c: 5c24 5841 | 8b6b 2c44 

  0x0000020851c42ea4: ;   {metadata('java/util/concurrent/locks/ReentrantLock')}
  0x0000020851c42ea4: 8b5d 0841 | 81fb 10d6 | 1700 0f85 | d93a 0000 | 4c8b d541 | 8b5a 0c85 | db0f 8445 | 3a00 0033 
  0x0000020851c42ec4: c041 ba01 | 0000 00f0 | 440f b153 | 1041 0f94 | c345 0fb6 | db44 8b44 | 245c 4d8b | d04c 8954 
  0x0000020851c42ee4: 2468 488b | fb45 85db | 0f84 861d | 0000 4180 | 7f40 000f | 8515 2700 | 0044 8b5c | 2434 4489 
  0x0000020851c42f04: 5b0c 4c8b | 5424 504c | 8bdf 4d33 | d349 c1ea | 144d 85d2 | 741a 49c1 | eb09 48b9 | 0000 f058 
  0x0000020851c42f24: 0802 0000 | 4903 cb80 | 3902 0f85 | 1127 0000 | 448b 5c24 | 5841 8b6b | 2485 ed0f | 8587 4300 
  0x0000020851c42f44: 0045 8bd3 | 418b 6a34 | 85ed 0f84 | b443 0000 | 448b 5c24 

  0x0000020851c42f58: ;   {metadata('sun/awt/PeerEvent')}
  0x0000020851c42f58: 6041 81fb | b049 1301 | 0f85 1d17 | 0000 4c8b | 5424 684d | 8b52 4041 | f6c2 020f | 84da 1800 
  0x0000020851c42f78: 0041 bb03 | 0000 0044 | 895c 2470 | 448b 5c24 | 5c45 8b5b | 0c44 899c | 2488 0000 | 0045 8b5b 
  0x0000020851c42f98: 0844 8b54 | 245c 458b | 5210 4489 | 5424 6449 | ba00 0000 | 0008 0200 | 004d 03d3 | 4d8b 5238 
  0x0000020851c42fb8: ;   {metadata('java/awt/Component')}
  0x0000020851c42fb8: 49bb 702d | 0401 0802 | 0000 4d3b | d375 4f44 | 8b5c 2460 

  0x0000020851c42fcc: ;   {metadata('sun/awt/PeerEvent')}
  0x0000020851c42fcc: 4181 fbb0 | 4913 010f | 85d1 1700 | 004c 8b44 | 2468 488b | 5424 2048 

  0x0000020851c42fe4: ;   {optimized virtual_call}
  0x0000020851c42fe4: 8bea 90e8 

  0x0000020851c42fe8: ; ImmutableOopMap {rbp=Oop [32]=Oop [40]=Oop [48]=NarrowOop [52]=NarrowOop [56]=Oop [64]=Oop [72]=Oop [80]=Oop [88]=NarrowOop [92]=NarrowOop [104]=Oop }
                      ;*invokevirtual coalescePeerEvent {reexecute=0 rethrow=0 return_oop=0}
                      ; - java.awt.EventQueue::coalesceEvent@24
                      ; - java.awt.EventQueue::postEvent@3
                      ; - java.awt.EventQueue::postEventPrivate@76
                      ; - java.awt.EventQueue::postEvent@9
                      ; - sun.awt.PostEventQueue::flush@87
                      ; - sun.awt.SunToolkit::flushPendingEvents@15
                      ; - java.awt.EventQueue::getNextEvent@4
                      ; - java.awt.EventDispatchThread::pumpOneEventForFilters@20
  0x0000020851c42fe8: 94be 90ff 

  0x0000020851c42fec: ;   {other}
  0x0000020851c42fec: 0f1f 8400 | dc1f 0010 | 85c0 0f85 | 9c06 0000 | 448b 5424 | 5c45 8b5a | 1044 895c | 2464 458b 
  0x0000020851c4300c: 520c 4489 | 9424 8800 | 0000 4d8b | 9fb8 0100 | 004d 8bd3 | 4983 c218 | 4d3b 97c8 | 0100 000f 
  0x0000020851c4302c: 83ee 2f00 | 004d 8997 | b801 0000 | 410f 0d8a | c000 0000 | 49c7 0301 | 0000 004d | 8bd3 4983 
  0x0000020851c4304c: ;   {metadata('sun/awt/EventQueueItem')}
  0x0000020851c4304c: c210 41c7 | 4308 1059 | 1301 4589 | 630c c5fd | efc0 c4c1 | 79d6 024c | 895c 2478 | 4d8b d344 
  0x0000020851c4306c: 8b5c 245c | 4589 5a0c | 448b 5c24 | 6441 81fb | f701 0000 | 0f85 260a | 0000 41ba | 0200 0000 
  0x0000020851c4308c: 4489 5424 | 744c 8b54 | 2478 4489 | 5424 6044 | 8b54 2474 | 4183 faff | 0f84 bb00 | 0000 448b 
  0x0000020851c430ac: 9424 8800 | 0000 458b | 5a08 49ba | 0000 0000 | 0802 0000 | 4d03 d34d 

  0x0000020851c430c4: ;   {metadata('java/awt/Component')}
  0x0000020851c430c4: 8b52 3849 | bb70 2d04 | 0108 0200 | 004d 3bd3 | 0f85 8b00 | 0000 448b | 9c24 8800 | 0000 4d8b 
  0x0000020851c430e4: d34c 8994 | 2480 0000 | 0041 8baa | c400 0000 | 85ed 0f84 | c92c 0000 | 448b 5d0c | 448b 4424 
  0x0000020851c43104: 7445 3bc3 | 0f83 a347 | 0000 4c8b | d54a 8d5c | 8510 4180 | 7f40 000f | 85fe 2a00 | 0044 8b5c 
  0x0000020851c43124: 2460 4489 | 1b4c 8b54 | 2478 4c8b | db4d 33d3 | 49c1 ea14 | 4d85 d274 | 1a49 c1eb | 0948 b900 
  0x0000020851c43144: 00f0 5808 | 0200 0049 | 03cb 8039 | 020f 85fa | 2a00 0044 | 8b54 245c | 458b 5a10 | 4489 5c24 
  0x0000020851c43164: 6444 8b5c | 2458 418b | 6b0c 448b | 5424 6444 | 3bd5 0f84 | 0c42 0000 | 418b 6b20 

  0x0000020851c43180: ; implicit exception: dispatches to 0x0000020851c49aac
  0x0000020851c43180: 448b 5d0c | 448b 5424 | 7045 3bd3 | 0f83 6638 | 0000 428b | 7495 108b | 7e10 443b | 660c 0f85 
  0x0000020851c431a0: 0915 0000 | 4585 db0f | 8687 3a00 | 0041 83fb | 020f 867d | 3a00 0044 | 8b55 1045 | 85d2 0f84 
  0x0000020851c431c0: a439 0000 

  0x0000020851c431c4: ;   {no_reloc}
  0x0000020851c431c4: 453b 620c | 0f85 d12a | 0000 4183 | fb03 0f86 | b03a 0000 | 448b 5d14 | 4585 db0f | 8483 3900 
  0x0000020851c431e4: 0045 3b63 | 0c0f 85b0 | 2a00 0044 | 8b55 1845 | 85d2 0f84 | 6c39 0000 | 453b 620c | 0f85 992a 
  0x0000020851c43204: 0000 448b | 5d1c 4585 | db0f 8455 | 3900 0045 | 3b63 0c0f | 8582 2a00 | 00bb 0100 | 0000 4180 
  0x0000020851c43224: 7f40 000f | 85f1 2500 | 0044 8b54 | 2460 4489 | 5610 488b | fe4c 8b54 | 2478 4c8b | df4d 33d3 
  0x0000020851c43244: 49c1 ea14 | 4d85 d274 | 1a49 c1eb | 0948 b900 | 00f0 5808 | 0200 0049 | 03cb 8039 | 020f 856b 
  0x0000020851c43264: 2600 0041 | 807f 4000 | 0f85 df25 | 0000 448b | 5c24 6044 | 895e 0c4c | 8b54 2478 | 4c8b df4d 
  0x0000020851c43284: 33d3 49c1 | ea14 4d85 | d274 1a49 | c1eb 0948 | b900 00f0 | 5808 0200 | 0049 03cb | 8039 020f 
  0x0000020851c432a4: 85db 2500 | 0085 db0f | 84e7 0300 | 0044 8b54 | 245c 418b 

  0x0000020851c432b8: ;   {oop(a 'sun/awt/AWTAutoShutdown'{0x00000000c01e1370})}
  0x0000020851c432b8: 6a0c 81fd | 7013 1ec0 | 0f84 6642 | 0000 448b | 5c24 5845 | 8b53 3444 | 8954 245c | 4585 d20f 
  0x0000020851c432d8: 8497 4200 

  0x0000020851c432dc: ;   {oop(a 'sun/awt/AWTAutoShutdown'{0x00000000c01e1370})}
  0x0000020851c432dc: 0041 bb70 | 131e c045 | 8b5b 1444 | 895c 2460 | 4585 db0f | 849f 3800 | 004d 8bd3 | 4c89 5424 
  0x0000020851c432fc: 6844 8b54 | 245c 4c89 | 5424 704c | 8b5c 2468 | 488d 9c24 | e000 0000 | 498b 03a8 | 020f 8523 
  0x0000020851c4331c: 0000 0048 | 83c8 0148 | 8903 f049 | 0fb1 1b0f | 8437 0000 | 0048 2bc4 | 4825 07f0 | ffff 4889 
  0x0000020851c4333c: 03e9 2400 | 0000 4c8b | d048 33c0 | f04d 0fb1 | 7a3e 48c7 | 0303 0000 | 0074 114c | 3bf8 7515 
  0x0000020851c4335c: 49ff 8286 | 0000 0048 | 33c0 7509 | 49ff 8748 | 0500 0033 | c00f 8565 

  0x0000020851c43374: ;   {oop(a 'sun/awt/AWTAutoShutdown'{0x00000000c01e1370})}
  0x0000020851c43374: 3900 0041 | bb70 131e | c045 8b53 | 1044 8954 | 2464 4585 | d20f 8449 | 3800 004c | 8954 2478 
  0x0000020851c43394: 4c8b 5c24 | 7848 8d9c | 24e8 0000 | 0049 8b03 | a802 0f85 | 2300 0000 | 4883 c801 | 4889 03f0 
  0x0000020851c433b4: 490f b11b | 0f84 3700 | 0000 482b | c448 2507 | f0ff ff48 | 8903 e924 | 0000 004c | 8bd0 4833 
  0x0000020851c433d4: c0f0 4d0f | b17a 3e48 | c703 0300 | 0000 7411 | 4c3b f875 | 1549 ff82 | 8600 0000 | 4833 c075 
  0x0000020851c433f4: 0949 ff87 | 4805 0000 | 33c0 0f85 | fd38 0000 

  0x0000020851c43404: ;   {oop(a 'sun/awt/AWTAutoShutdown'{0x00000000c01e1370})}
  0x0000020851c43404: 41ba 7013 | 1ec0 418b | 6a20 85ed | 0f84 ae41 

  0x0000020851c43414: ;   {oop(a 'sun/awt/AWTAutoShutdown'{0x00000000c01e1370})}
  0x0000020851c43414: 0000 41bb | 7013 1ec0 | 450f b653 | 0c45 85d2 

  0x0000020851c43424: ;   {oop(a 'sun/awt/AWTAutoShutdown'{0x00000000c01e1370})}
  0x0000020851c43424: 752b 41ba | 7013 1ec0 | 418b 6a1c 

  0x0000020851c43430: ; implicit exception: dispatches to 0x0000020851c49c1c
  0x0000020851c43430: 448b 5508 

  0x0000020851c43434: ;   {metadata('java/util/IdentityHashMap')}
  0x0000020851c43434: 4181 fa28 | e610 000f | 85c4 3b00 | 004c 8bd5 | 458b 5a14 | 4585 db0f | 849b 4300 

  0x0000020851c43450: ;   {oop(a 'sun/awt/AWTAutoShutdown'{0x00000000c01e1370})}
  0x0000020851c43450: 0041 ba70 | 131e c041 | 8b6a 1844 

  0x0000020851c4345c: ;   {metadata('java/util/HashSet')}
  0x0000020851c4345c: 8b5d 0841 | 81fb 78de | 0d00 0f85 | b938 0000 | 4c8b d541 | 8b6a 0c44 | 8b55 0844 | 8b44 245c 
  0x0000020851c4347c: 4d8b 184c | 8bc5 4d8b | cb49 c1e9 | 0849 83e3 | 0341 8bc1 | 25ff ffff 

  0x0000020851c43494: ;   {metadata('java/util/HashMap')}
  0x0000020851c43494: 7f41 81fa | d0c5 0800 | 0f85 ff15 | 0000 498b | e849 83fb | 010f 8571 | 2400 0085 | c00f 8469 
  0x0000020851c434b4: 2400 0044 | 8bc0 41c1 | e810 4433 | c048 8bd5 | 4c8b 4c24 

  0x0000020851c434c8: ;   {oop(a 'java/lang/Object'{0x00000000c03917a0})}
  0x0000020851c434c8: 7048 bfa0 | 1739 c000 | 0000 0033 | f6b9 0100 | 0000 488b 

  0x0000020851c434dc: ;   {optimized virtual_call}
  0x0000020851c434dc: 6c24 78e8 

  0x0000020851c434e0: ; ImmutableOopMap {rbp=Oop [32]=Oop [40]=Oop [48]=NarrowOop [52]=NarrowOop [56]=Oop [64]=Oop [72]=Oop [80]=Oop [88]=NarrowOop [104]=Oop [120]=Oop }
                      ;*invokevirtual putVal {reexecute=0 rethrow=0 return_oop=1}
                      ; - java.util.HashMap::put@9
                      ; - java.util.HashSet::add@8
                      ; - sun.awt.AWTAutoShutdown::notifyThreadBusy@57
                      ; - java.awt.EventQueue::postEvent@102
                      ; - java.awt.EventQueue::postEventPrivate@76
                      ; - java.awt.EventQueue::postEvent@9
                      ; - sun.awt.PostEventQueue::flush@87
                      ; - sun.awt.SunToolkit::flushPendingEvents@15
                      ; - java.awt.EventQueue::getNextEvent@4
                      ; - java.awt.EventDispatchThread::pumpOneEventForFilters@20
  0x0000020851c434e0: 7c7e e9ff 

  0x0000020851c434e4: ;   {other}
  0x0000020851c434e4: 0f1f 8400 | d424 0011 | 4c8b 5c24 | 7848 8d84 | 24e8 0000 | 0048 8338 | 000f 8479 | 0000 004d 
  0x0000020851c43504: 8b13 41f6 | c202 0f84 | 6200 0000 | 4983 ba86 | 0000 0000 | 7409 49ff | 8a86 0000 | 00eb 4b49 
  0x0000020851c43524: 8b82 9600 | 0000 490b | 828e 0000 | 0075 0a49 | c742 3e00 | 0000 00eb | 3d49 83ba | 9e00 0000 
  0x0000020851c43544: 0074 2248 | 33c0 49c7 | 423e 0000 | 0000 f083 | 0424 0049 | 83ba 9e00 | 0000 0075 | 0df0 4d0f 
  0x0000020851c43564: b17a 3e75 | 0583 c801 | eb0c a800 | eb08 4c8b | 10f0 4d0f | b113 750a | 49ff 8f48 | 0500 0045 
  0x0000020851c43584: 33d2 0f85 | 0838 0000 | 4c8b 5c24 | 6848 8d84 | 24e0 0000 | 0048 8338 | 000f 8479 | 0000 004d 
  0x0000020851c435a4: 8b13 41f6 | c202 0f84 | 6200 0000 | 4983 ba86 | 0000 0000 | 7409 49ff | 8a86 0000 | 00eb 4b49 
  0x0000020851c435c4: 8b82 9600 | 0000 490b | 828e 0000 | 0075 0a49 | c742 3e00 | 0000 00eb | 3d49 83ba 

  0x0000020851c435e0: ;   {no_reloc}
  0x0000020851c435e0: 9e00 0000 | 0074 2248 | 33c0 49c7 | 423e 0000 | 0000 f083 | 0424 0049 | 83ba 9e00 | 0000 0075 
  0x0000020851c43600: 0df0 4d0f | b17a 3e75 | 0583 c801 | eb0c a800 | eb08 4c8b | 10f0 4d0f | b113 750a | 49ff 8f48 
  0x0000020851c43620: 0500 0045 | 33d2 0f85 | 9037 0000 | 448b 5424 | 5841 8b6a | 3044 8b5d 

  0x0000020851c43638: ;   {metadata('java/util/concurrent/locks/AbstractQueuedSynchronizer$ConditionObject')}
  0x0000020851c43638: 0841 81fb | d8e4 1a00 | 0f85 9e37 | 0000 488b | cd44 8b51 | 1445 8b42 | 0844 8b59 

  0x0000020851c43654: ;   {metadata('java/util/concurrent/locks/ReentrantLock$NonfairSync')}
  0x0000020851c43654: 0c41 81f8 | f8c7 1a00 | 0f85 be37 | 0000 418b | 6a0c 4c8b | d54c 8b44 | 2450 4d3b | d00f 8564 
  0x0000020851c43674: 3e00 0045 | 85db 741c | 4d8b c348 | 8bd1 41b9 | 0100 0000 

  0x0000020851c43688: ;   {optimized virtual_call}
  0x0000020851c43688: 6666 90e8 

  0x0000020851c4368c: ; ImmutableOopMap {[32]=Oop [40]=Oop [48]=NarrowOop [52]=NarrowOop [56]=Oop [64]=Oop [72]=Oop [80]=Oop [88]=NarrowOop }
                      ;*invokevirtual doSignal {reexecute=0 rethrow=0 return_oop=0}
                      ; - java.util.concurrent.locks.AbstractQueuedSynchronizer$ConditionObject::signalAll@30
                      ; - java.awt.EventQueue::postEvent@109
                      ; - java.awt.EventQueue::postEventPrivate@76
                      ; - java.awt.EventQueue::postEvent@9
                      ; - sun.awt.PostEventQueue::flush@87
                      ; - sun.awt.SunToolkit::flushPendingEvents@15
                      ; - java.awt.EventQueue::getNextEvent@4
                      ; - java.awt.EventDispatchThread::pumpOneEventForFilters@20
  0x0000020851c4368c: f0b7 90ff 

  0x0000020851c43690: ;   {other}
  0x0000020851c43690: 0f1f 8400 | 8026 0012 | 448b 5c24 | 5841 8b6b | 2c44 8b5d 

  0x0000020851c436a4: ;   {metadata('java/util/concurrent/locks/ReentrantLock')}
  0x0000020851c436a4: 0841 81fb | 10d6 1700 | 0f85 1633 | 0000 4c8b | d541 8b5a | 0c44 8b53 | 108b 6b0c | 4c8b dd4c 
  0x0000020851c436c4: 8b44 2450 | 4d3b d80f | 8573 3c00 | 0041 8d7a | ff41 83fa | 010f 85c6 | 1500 0041 | 807f 4000 
  0x0000020851c436e4: 0f85 f51e | 0000 4489 | 630c 41ba | 0100 0000 | 897b 10f0 | 8344 24c0 | 0045 85d2 | 0f84 8e00 
  0x0000020851c43704: 0000 448b | 5b14 4585 | db0f 8481 | 0000 0045 | 8b53 1445 | 85d2 7478 | 458b 5a0c | 4585 db74 
  0x0000020851c43724: 6f41 8b42 | 0c44 8bc0 | 4183 e0fe | f045 0fb1 | 420c 400f | 94c5 400f | b6ed 85ed | 0f84 fe55 
  0x0000020851c43744: 0000 418b | 6a18 448b | 5508 49bb | 0000 0000 | 0802 0000 | 4d03 da4d 

  0x0000020851c4375c: ;   {metadata('java/lang/BaseVirtualThread')}
  0x0000020851c4375c: 8b53 4049 | bb10 9802 | 0008 0200 | 004d 3bd3 | 0f84 b752 | 0000 4c8b 

  0x0000020851c43774: ;   {oop(a 'jdk/internal/misc/Unsafe'{0x00000000c0370cc0})}
  0x0000020851c43774: c548 bac0 | 0c37 c000 | 0000 0048 | 8b6c 2428 

  0x0000020851c43784: ;   {optimized virtual_call}
  0x0000020851c43784: 6666 90e8 

  0x0000020851c43788: ; ImmutableOopMap {rbp=Oop [40]=Oop [48]=NarrowOop [52]=NarrowOop [56]=Oop [64]=Oop [72]=Oop [80]=Oop }
                      ;*invokevirtual unpark {reexecute=0 rethrow=0 return_oop=0}
                      ; - java.util.concurrent.locks.LockSupport::unpark@22
                      ; - java.util.concurrent.locks.AbstractQueuedSynchronizer::signalNext@30
                      ; - java.util.concurrent.locks.AbstractQueuedSynchronizer::release@12
                      ; - java.util.concurrent.locks.ReentrantLock::unlock@5
                      ; - java.awt.EventQueue::postEventPrivate@83
                      ; - java.awt.EventQueue::postEvent@9
                      ; - sun.awt.PostEventQueue::flush@87
                      ; - sun.awt.SunToolkit::flushPendingEvents@15
                      ; - java.awt.EventQueue::getNextEvent@4
                      ; - java.awt.EventDispatchThread::pumpOneEventForFilters@20
  0x0000020851c43788: f4b6 90ff 

  0x0000020851c4378c: ;   {other}
  0x0000020851c4378c: 0f1f 8400 | 7c27 0013 | 4d8b 9750 | 0400 004c | 8b5c 2448 

  0x0000020851c437a0: ; ImmutableOopMap {r11=NarrowOop [40]=Oop [48]=NarrowOop [52]=NarrowOop [56]=Oop [64]=Oop [80]=Oop }
                      ;*goto {reexecute=1 rethrow=0 return_oop=0}
                      ; - (reexecute) sun.awt.PostEventQueue::flush@95
                      ; - sun.awt.SunToolkit::flushPendingEvents@15
                      ; - java.awt.EventQueue::getNextEvent@4
                      ; - java.awt.EventDispatchThread::pumpOneEventForFilters@20
  0x0000020851c437a0: 458b 5b10 

  0x0000020851c437a4: ;   {poll}
  0x0000020851c437a4: 4185 0245 | 85db 0f84 | 44e5 ffff | 4d8b d34c | 8954 2448 | 4c8b 5424 | 4045 8b52 | 1444 8954 
  0x0000020851c437c4: 2458 4c8b | 5424 4845 | 8b52 0c44 | 8954 245c | 448b 5424 | 5845 8b5a | 4445 85db | 0f84 fe30 
  0x0000020851c437e4: 0000 498b | d34c 8954 

  0x0000020851c437ec: ;   {oop("PostEventQueue"{0x00000000c01c3998})}
  0x0000020851c437ec: 2420 49b8 | 9839 1cc0 | 0000 0000 

  0x0000020851c437f8: ;   {optimized virtual_call}
  0x0000020851c437f8: 6666 90e8 

  0x0000020851c437fc: ; ImmutableOopMap {[32]=Oop [40]=Oop [48]=NarrowOop [52]=NarrowOop [56]=Oop [64]=Oop [72]=Oop [80]=Oop [88]=NarrowOop [92]=NarrowOop }
                      ;*invokevirtual get {reexecute=0 rethrow=0 return_oop=1}
                      ; - sun.awt.SunToolkit::flushPendingEvents@3
                      ; - java.awt.EventQueue::postEvent@4
                      ; - sun.awt.PostEventQueue::flush@87
                      ; - sun.awt.SunToolkit::flushPendingEvents@15
                      ; - java.awt.EventQueue::getNextEvent@4
                      ; - java.awt.EventDispatchThread::pumpOneEventForFilters@20
  0x0000020851c437fc: 206d f2ff 

  0x0000020851c43800: ;   {other}
  0x0000020851c43800: 0f1f 8400 | f027 0015 

  0x0000020851c43808: ; implicit exception: dispatches to 0x0000020851c49984
  0x0000020851c43808: 448b 5808 

  0x0000020851c4380c: ;   {metadata('sun/awt/PostEventQueue')}
  0x0000020851c4380c: 4181 fb58 | 5402 010f | 85eb 5d00 | 0048 8944 | 2460 4c8b | 5c24 6048 | 8d9c 24e0 | 0000 0049 
  0x0000020851c4382c: 8b03 a802 | 0f85 2300 | 0000 4883 | c801 4889 | 03f0 490f | b11b 0f84 | 3700 0000 | 482b c448 
  0x0000020851c4384c: 2507 f0ff | ff48 8903 | e924 0000 | 004c 8bd0 | 4833 c0f0 | 4d0f b17a | 3e48 c703 | 0300 0000 
  0x0000020851c4386c: 7411 4c3b | f875 1549 | ff82 8600 | 0000 4833 | c075 0949 | ff87 4805 | 0000 33c0 | 0f85 da30 
  0x0000020851c4388c: 0000 4c8b | 5424 6041 | 8b6a 184c | 8bd5 4c8b | 5c24 504d | 3bda 0f84 | 3af5 ffff | 85ed 0f85 
  0x0000020851c438ac: e044 0000 | 4c8b 5424 | 6045 3b62 | 0c0f 85c8 | 0000 004c | 8b5c 2460 | 488d 8424 | e000 0000 
  0x0000020851c438cc: 4883 3800 | 0f84 7900 | 0000 4d8b | 1341 f6c2 | 020f 8462 | 0000 0049 | 83ba 8600 | 0000 0074 
  0x0000020851c438ec: 0949 ff8a | 8600 0000 | eb4b 498b | 8296 0000 | 0049 0b82 | 8e00 0000 | 750a 49c7 

  0x0000020851c43908: ;   {no_reloc}
  0x0000020851c43908: 423e 0000 | 0000 eb3d | 4983 ba9e | 0000 0000 | 7422 4833 | c049 c742 | 3e00 0000 | 00f0 8304 
  0x0000020851c43928: 2400 4983 | ba9e 0000 | 0000 750d | f04d 0fb1 | 7a3e 7505 | 83c8 01eb | 0ca8 00eb | 084c 8b10 
  0x0000020851c43948: f04d 0fb1 | 1375 0a49 | ff8f 4805 | 0000 4533 | d20f 8423 | f5ff ff49 | 8bcb 488d | 9424 e000 
  0x0000020851c43968: 0000 4d8b | c749 ba70 | 2fb8 55fd | 7f00 0041 

  0x0000020851c43978: ;   {other}
  0x0000020851c43978: ffd2 0f1f | 8400 0000 | 0000 e9fb | f4ff ff41 | 807f 4000 | 0f85 6421 | 0000 4c8b | 5424 6044 
  0x0000020851c43998: 8b44 2434 | 4589 4218 | 4c8b 5424 | 504c 8b5c | 2460 4d33 | d349 c1ea | 144d 85d2 | 741a 49c1 
  0x0000020851c439b8: eb09 48b9 | 0000 f058 | 0802 0000 | 4903 cb80 | 3902 0f85 | 0122 0000 | 4180 7f40 | 000f 854e 
  0x0000020851c439d8: 2100 0041 | 807f 4000 | 0f85 7b21 | 0000 4c8b | 5424 6045 | 8962 1041 | 8b5a 0c45 | 8962 0c4c 
  0x0000020851c439f8: 8b5c 2460 | 488d 8424 | e000 0000 | 4883 3800 | 0f84 7900 | 0000 4d8b | 1341 f6c2 | 020f 8462 
  0x0000020851c43a18: 0000 0049 | 83ba 8600 | 0000 0074 | 0949 ff8a | 8600 0000 | eb4b 498b | 8296 0000 | 0049 0b82 
  0x0000020851c43a38: 8e00 0000 | 750a 49c7 | 423e 0000 | 0000 eb3d | 4983 ba9e | 0000 0000 | 7422 4833 | c049 c742 
  0x0000020851c43a58: 3e00 0000 | 00f0 8304 | 2400 4983 | ba9e 0000 | 0000 750d | f04d 0fb1 | 7a3e 7505 | 83c8 01eb 
  0x0000020851c43a78: ;   {no_reloc}
  0x0000020851c43a78: 0ca8 00eb | 084c 8b10 | f04d 0fb1 | 1375 0a49 | ff8f 4805 | 0000 4533 | d20f 85cd | 3d00 0085 
  0x0000020851c43a98: db0f 84d1 | 0700 004c | 8bd3 4c89 | 5424 68e9 | 2909 0000 | 448b 5424 | 6441 81c2 | 09fe ffff 
  0x0000020851c43ab8: 4181 fa2b | 0100 000f | 8200 1b00 | 0044 8b5c 

  0x0000020851c43ac8: ;   {metadata('sun/awt/PeerEvent')}
  0x0000020851c43ac8: 2460 4181 | fbb0 4913 | 010f 856c | 0d00 0041 | bb04 0000 | 0044 895c | 2474 e9aa | f5ff ff41 
  0x0000020851c43ae8: beff ffff | ffe9 53e6 | ffff 41ba | 0200 0000 | 4489 9424 | 9c00 0000 | 4c8b 9424 | 9000 0000 
  0x0000020851c43b08: 4489 9424 | 8000 0000 | 448b 9c24 | 9c00 0000 | 4183 fbff | 0f84 c700 | 0000 448b | 9424 b000 
  0x0000020851c43b28: 0000 458b | 5208 49bb | 0000 0000 | 0802 0000 | 4d03 da4d 

  0x0000020851c43b3c: ;   {metadata('java/awt/Component')}
  0x0000020851c43b3c: 8b53 3849 | bb70 2d04 | 0108 0200 | 004d 3bd3 | 0f85 9700 | 0000 448b | 9c24 b000 | 0000 4d8b 
  0x0000020851c43b5c: d34c 8994 | 24a0 0000 | 0041 8baa | c400 0000 | 85ed 0f84 | e724 0000 | 448b 550c | 448b 9c24 
  0x0000020851c43b7c: 9c00 0000 | 453b da0f | 83b7 4900 | 004c 8bd5 | 4a8d 5c9d | 1041 807f | 4000 0f85 | fc23 0000 
  0x0000020851c43b9c: 448b 9424 | 8000 0000 | 4489 134c | 8b94 2490 | 0000 004c | 8bdb 4d33 | d349 c1ea | 144d 85d2 
  0x0000020851c43bbc: 741a 49c1 | eb09 48b9 | 0000 f058 | 0802 0000 | 4903 cb80 | 3902 0f85 | f223 0000 | 448b 5c24 
  0x0000020851c43bdc: 7445 8b5b | 1044 899c | 2484 0000 | 0044 8b54 | 2470 418b | 6a0c 448b | 9c24 8400 | 0000 443b 
  0x0000020851c43bfc: dd0f 84b1 | 4400 0041 | 8b6a 2044 | 8b55 0c44 | 8b84 2498 | 0000 0045 | 3bc2 0f83 | 583b 0000 
  0x0000020851c43c1c: 468b 6c85 | 1041 8b7d | 1045 3b65 | 0c0f 856b | 0c00 0045 | 85d2 0f86 | 683e 0000 | 4183 fa02 
  0x0000020851c43c3c: ;   {no_reloc}
  0x0000020851c43c3c: 0f86 5e3e | 0000 448b | 4510 4585 | c00f 84fc | 3c00 0045 | 3b60 0c0f | 85bf 2300 | 0041 83fa 
  0x0000020851c43c5c: 030f 86b1 | 3e00 0044 | 8b55 1445 | 85d2 0f84 | db3c 0000 | 453b 620c | 0f85 9e23 | 0000 448b 
  0x0000020851c43c7c: 5d18 4585 | db0f 84c4 | 3c00 0045 | 3b63 0c0f | 8587 2300 | 0044 8b55 | 1c45 85d2 | 0f84 ad3c 
  0x0000020851c43c9c: 0000 453b | 620c 0f85 | 7023 0000 | bb01 0000 | 0041 807f | 4000 0f85 | 2120 0000 | 448b 9c24 
  0x0000020851c43cbc: 8000 0000 | 4589 5d10 | 498b fd4c | 8b94 2490 | 0000 004c | 8bdf 4d33 | d349 c1ea | 144d 85d2 
  0x0000020851c43cdc: 741a 49c1 | eb09 48b9 | 0000 f058 | 0802 0000 | 4903 cb80 | 3902 0f85 | 6220 0000 | 4180 7f40 
  0x0000020851c43cfc: 000f 85a3 | 1f00 0044 | 8b94 2480 | 0000 0045 | 8955 0c4c | 8b94 2490 | 0000 004c | 8bdf 4d33 
  0x0000020851c43d1c: d349 c1ea | 144d 85d2 | 741a 49c1 | eb09 48b9 | 0000 f058 | 0802 0000 | 4903 cb80 | 3902 0f85 
  0x0000020851c43d3c: ;   {no_reloc}
  0x0000020851c43d3c: cc1f 0000 | 85db 0f84 | 1004 0000 | 448b 5c24 | 7441 8b6b 

  0x0000020851c43d50: ;   {oop(a 'sun/awt/AWTAutoShutdown'{0x00000000c01e1370})}
  0x0000020851c43d50: 0c81 fd70 | 131e c00f | 84bf 4500 | 0044 8b54 | 2470 458b | 5234 4489 | 5424 7445 | 85d2 0f84 
  0x0000020851c43d70: 1846 0000 

  0x0000020851c43d74: ;   {oop(a 'sun/awt/AWTAutoShutdown'{0x00000000c01e1370})}
  0x0000020851c43d74: 41ba 7013 | 1ec0 458b | 5a14 4489 | 9c24 8000 | 0000 4585 | db0f 8419 | 3c00 004d | 8bd3 4c89 
  0x0000020851c43d94: 9424 8800 | 0000 448b | 5c24 744d | 8bd3 4c89 | 9424 9000 | 0000 4c8b | 9c24 8800 | 0000 488d 
  0x0000020851c43db4: 9c24 e000 | 0000 498b | 03a8 020f | 8523 0000 | 0048 83c8 | 0148 8903 | f049 0fb1 | 1b0f 8437 
  0x0000020851c43dd4: 0000 0048 | 2bc4 4825 | 07f0 ffff | 4889 03e9 | 2400 0000 | 4c8b d048 | 33c0 f04d | 0fb1 7a3e 
  0x0000020851c43df4: 48c7 0303 | 0000 0074 | 114c 3bf8 | 7515 49ff | 8286 0000 | 0048 33c0 | 7509 49ff | 8748 0500 
  0x0000020851c43e14: 0033 c00f | 8567 3d00 

  0x0000020851c43e1c: ;   {oop(a 'sun/awt/AWTAutoShutdown'{0x00000000c01e1370})}
  0x0000020851c43e1c: 0041 ba70 | 131e c045 | 8b52 1044 | 8994 2484 | 0000 0045 | 85d2 0f84 | e43b 0000 | 4c89 9424 
  0x0000020851c43e3c: 9800 0000 | 4c8b 9c24 | 9800 0000 | 488d 9c24 | e800 0000 | 498b 03a8 | 020f 8523 | 0000 0048 
  0x0000020851c43e5c: 83c8 0148 | 8903 f049 | 0fb1 1b0f | 8437 0000 | 0048 2bc4 | 4825 07f0 | ffff 4889 | 03e9 2400 
  0x0000020851c43e7c: 0000 4c8b | d048 33c0 | f04d 0fb1 | 7a3e 48c7 | 0303 0000 | 0074 114c | 3bf8 7515 | 49ff 8286 
  0x0000020851c43e9c: 0000 0048 | 33c0 7509 | 49ff 8748 | 0500 0033 | c00f 85f6 

  0x0000020851c43eb0: ;   {oop(a 'sun/awt/AWTAutoShutdown'{0x00000000c01e1370})}
  0x0000020851c43eb0: 3c00 0041 | bb70 131e | c041 8b6b | 2085 ed0f | 8447 4500 

  0x0000020851c43ec4: ;   {oop(a 'sun/awt/AWTAutoShutdown'{0x00000000c01e1370})}
  0x0000020851c43ec4: 0041 ba70 | 131e c045 | 0fb6 5a0c | 4585 db75 

  0x0000020851c43ed4: ;   {oop(a 'sun/awt/AWTAutoShutdown'{0x00000000c01e1370})}
  0x0000020851c43ed4: 2b41 bb70 | 131e c041 | 8b6b 1c44 

  0x0000020851c43ee0: ;   {metadata('java/util/IdentityHashMap')}
  0x0000020851c43ee0: 8b5d 0841 | 81fb 28e6 | 1000 0f85 | f03e 0000 | 4c8b d545 | 8b52 1445 | 85d2 0f84 | a045 0000 
  0x0000020851c43f00: ;   {oop(a 'sun/awt/AWTAutoShutdown'{0x00000000c01e1370})}
  0x0000020851c43f00: 41bb 7013 | 1ec0 418b | 6b18 448b 

  0x0000020851c43f0c: ;   {metadata('java/util/HashSet')}
  0x0000020851c43f0c: 5508 4181 | fa78 de0d | 000f 85b2 | 3c00 004c | 8bd5 418b | 6a0c 448b | 5d08 448b | 5424 744d 
  0x0000020851c43f2c: 8b02 4c8b | d54d 8bc8 | 49c1 e908 | 4983 e003 | 418b c125 | ffff ff7f 

  0x0000020851c43f44: ;   {metadata('java/util/HashMap')}
  0x0000020851c43f44: 4181 fbd0 | c508 000f | 855c 0d00 | 0049 8bea | 4983 f801 | 0f85 4a1e | 0000 85c0 | 0f84 421e 
  0x0000020851c43f64: 0000 448b | c041 c1e8 | 1044 33c0 | 488b d54c | 8b8c 2490 

  0x0000020851c43f78: ;   {oop(a 'java/lang/Object'{0x00000000c03917a0})}
  0x0000020851c43f78: 0000 0048 | bfa0 1739 | c000 0000 | 0033 f6b9 | 0100 0000 | 488b ac24 | 9800 0000 

  0x0000020851c43f94: ;   {optimized virtual_call}
  0x0000020851c43f94: 6666 90e8 

  0x0000020851c43f98: ; ImmutableOopMap {rbp=Oop [32]=Oop [40]=Oop [48]=NarrowOop [52]=NarrowOop [56]=Oop [64]=Oop [72]=Oop [80]=Oop [88]=NarrowOop [92]=NarrowOop [96]=Oop [104]=Oop [112]=NarrowOop [120]=Oop [136]=Oop [152]=Oop }
                      ;*invokevirtual putVal {reexecute=0 rethrow=0 return_oop=1}
                      ; - java.util.HashMap::put@9
                      ; - java.util.HashSet::add@8
                      ; - sun.awt.AWTAutoShutdown::notifyThreadBusy@57
                      ; - java.awt.EventQueue::postEvent@102
                      ; - java.awt.EventQueue::postEventPrivate@76
                      ; - java.awt.EventQueue::postEvent@9
                      ; - sun.awt.PostEventQueue::flush@87
                      ; - sun.awt.SunToolkit::flushPendingEvents@15
                      ; - java.awt.EventQueue::postEvent@4
                      ; - sun.awt.PostEventQueue::flush@87
                      ; - sun.awt.SunToolkit::flushPendingEvents@15
                      ; - java.awt.EventQueue::getNextEvent@4
                      ; - java.awt.EventDispatchThread::pumpOneEventForFilters@20
  0x0000020851c43f98: e4ae 90ff 

  0x0000020851c43f9c: ;   {other}
  0x0000020851c43f9c: 0f1f 8400 | 8c2f 0016 | 4c8b 9c24 | 9800 0000 | 488d 8424 | e800 0000 | 4883 3800 | 0f84 7900 
  0x0000020851c43fbc: 0000 4d8b | 1341 f6c2 | 020f 8462 | 0000 0049 | 83ba 8600 | 0000 0074 | 0949 ff8a | 8600 0000 
  0x0000020851c43fdc: eb4b 498b | 8296 0000 | 0049 0b82 | 8e00 0000 | 750a 49c7 | 423e 0000 | 0000 eb3d | 4983 ba9e 
  0x0000020851c43ffc: 0000 0000 | 7422 4833 | c049 c742 | 3e00 0000 | 00f0 8304 | 2400 4983 | ba9e 0000 | 0000 750d 
  0x0000020851c4401c: f04d 0fb1 | 7a3e 7505 | 83c8 01eb | 0ca8 00eb | 084c 8b10 | f04d 0fb1 | 1375 0a49 | ff8f 4805 
  0x0000020851c4403c: 0000 4533 | d20f 8515 | 3c00 004c | 8b9c 2488 | 0000 0048 | 8d84 24e0 | 0000 0048 | 8338 000f 
  0x0000020851c4405c: 8479 0000 | 004d 8b13 | 41f6 c202 | 0f84 6200 | 0000 4983 | ba86 0000 | 0000 7409 | 49ff 8a86 
  0x0000020851c4407c: 0000 00eb | 4b49 8b82 | 9600 0000 | 490b 828e | 0000 0075 | 0a49 c742 | 3e00 0000 

  0x0000020851c44098: ;   {no_reloc}
  0x0000020851c44098: 00eb 3d49 | 83ba 9e00 | 0000 0074 | 2248 33c0 | 49c7 423e | 0000 0000 | f083 0424 | 0049 83ba 
  0x0000020851c440b8: 9e00 0000 | 0075 0df0 | 4d0f b17a | 3e75 0583 | c801 eb0c | a800 eb08 | 4c8b 10f0 | 4d0f b113 
  0x0000020851c440d8: 750a 49ff | 8f48 0500 | 0045 33d2 | 0f85 9a3b | 0000 448b | 5c24 7041 | 8b6b 3044 

  0x0000020851c440f4: ;   {metadata('java/util/concurrent/locks/AbstractQueuedSynchronizer$ConditionObject')}
  0x0000020851c440f4: 8b55 0841 | 81fa d8e4 | 1a00 0f85 | a83b 0000 | 488b cd44 | 8b51 1445 | 8b4a 0844 

  0x0000020851c44110: ;   {metadata('java/util/concurrent/locks/ReentrantLock$NonfairSync')}
  0x0000020851c44110: 8b59 0c41 | 81f9 f8c7 | 1a00 0f85 | f03b 0000 | 418b 6a0c | 4c8b d54c | 8b44 2450 | 4d3b d00f 
  0x0000020851c44130: 8585 4100 | 0045 85db | 741e 4d8b | c348 8bd1 | 41b9 0100 | 0000 488b 

  0x0000020851c44148: ;   {optimized virtual_call}
  0x0000020851c44148: 6c24 50e8 

  0x0000020851c4414c: ; ImmutableOopMap {rbp=Oop [32]=Oop [40]=Oop [48]=NarrowOop [52]=NarrowOop [56]=Oop [64]=Oop [72]=Oop [80]=Oop [88]=NarrowOop [92]=NarrowOop [96]=Oop [104]=Oop [112]=NarrowOop [120]=Oop }
                      ;*invokevirtual doSignal {reexecute=0 rethrow=0 return_oop=0}
                      ; - java.util.concurrent.locks.AbstractQueuedSynchronizer$ConditionObject::signalAll@30
                      ; - java.awt.EventQueue::postEvent@109
                      ; - java.awt.EventQueue::postEventPrivate@76
                      ; - java.awt.EventQueue::postEvent@9
                      ; - sun.awt.PostEventQueue::flush@87
                      ; - sun.awt.SunToolkit::flushPendingEvents@15
                      ; - java.awt.EventQueue::postEvent@4
                      ; - sun.awt.PostEventQueue::flush@87
                      ; - sun.awt.SunToolkit::flushPendingEvents@15
                      ; - java.awt.EventQueue::getNextEvent@4
                      ; - java.awt.EventDispatchThread::pumpOneEventForFilters@20
  0x0000020851c4414c: 30ad 90ff 

  0x0000020851c44150: ;   {other}
  0x0000020851c44150: 0f1f 8400 | 4031 0017 | 448b 5424 | 7041 8b6a | 2c44 8b55 

  0x0000020851c44164: ;   {metadata('java/util/concurrent/locks/ReentrantLock')}
  0x0000020851c44164: 0841 81fa | 10d6 1700 | 0f85 aa35 | 0000 4c8b | d541 8b5a | 0c44 8b5b | 108b 6b0c | 4c8b d54c 
  0x0000020851c44184: 8b44 2450 | 4d3b d00f | 85cf 3e00 | 0041 8d73 | ff41 83fb | 010f 854b | 0e00 0041 | 807f 4000 
  0x0000020851c441a4: 0f85 9818 | 0000 4489 | 630c 41bb | 0100 0000 | 8973 10f0 | 8344 24c0 | 0045 85db | 0f84 8e00 
  0x0000020851c441c4: 0000 448b | 5314 4585 | d20f 8481 | 0000 0045 | 8b4a 1445 | 85c9 7478 | 458b 590c | 4585 db74 
  0x0000020851c441e4: 6f41 8b41 | 0c44 8bd0 | 4183 e2fe | f045 0fb1 | 510c 400f | 94c5 400f | b6ed 85ed | 0f84 4e4e 
  0x0000020851c44204: 0000 418b | 6918 448b | 5d08 49ba | 0000 0000 | 0802 0000 | 4d03 d34d 

  0x0000020851c4421c: ;   {metadata('java/lang/BaseVirtualThread')}
  0x0000020851c4421c: 8b52 4049 | bb10 9802 | 0008 0200 | 004d 3bd3 | 0f84 524b | 0000 4c8b 

  0x0000020851c44234: ;   {oop(a 'jdk/internal/misc/Unsafe'{0x00000000c0370cc0})}
  0x0000020851c44234: c548 bac0 | 0c37 c000 | 0000 0048 | 8b6c 2428 

  0x0000020851c44244: ;   {optimized virtual_call}
  0x0000020851c44244: 6666 90e8 

  0x0000020851c44248: ; ImmutableOopMap {rbp=Oop [32]=Oop [40]=Oop [48]=NarrowOop [52]=NarrowOop [56]=Oop [64]=Oop [72]=Oop [80]=Oop [88]=NarrowOop [92]=NarrowOop [96]=Oop [104]=Oop }
                      ;*invokevirtual unpark {reexecute=0 rethrow=0 return_oop=0}
                      ; - java.util.concurrent.locks.LockSupport::unpark@22
                      ; - java.util.concurrent.locks.AbstractQueuedSynchronizer::signalNext@30
                      ; - java.util.concurrent.locks.AbstractQueuedSynchronizer::release@12
                      ; - java.util.concurrent.locks.ReentrantLock::unlock@5
                      ; - java.awt.EventQueue::postEventPrivate@83
                      ; - java.awt.EventQueue::postEvent@9
                      ; - sun.awt.PostEventQueue::flush@87
                      ; - sun.awt.SunToolkit::flushPendingEvents@15
                      ; - java.awt.EventQueue::postEvent@4
                      ; - sun.awt.PostEventQueue::flush@87
                      ; - sun.awt.SunToolkit::flushPendingEvents@15
                      ; - java.awt.EventQueue::getNextEvent@4
                      ; - java.awt.EventDispatchThread::pumpOneEventForFilters@20
  0x0000020851c44248: 34ac 90ff 

  0x0000020851c4424c: ;   {other}
  0x0000020851c4424c: 0f1f 8400 | 3c32 0018 | 4d8b 9750 | 0400 004c | 8b5c 2468 

  0x0000020851c44260: ; ImmutableOopMap {r8=NarrowOop [32]=Oop [40]=Oop [48]=NarrowOop [52]=NarrowOop [56]=Oop [64]=Oop [72]=Oop [80]=Oop [88]=NarrowOop [92]=NarrowOop [96]=Oop }
                      ;*goto {reexecute=1 rethrow=0 return_oop=0}
                      ; - (reexecute) sun.awt.PostEventQueue::flush@95
                      ; - sun.awt.SunToolkit::flushPendingEvents@15
                      ; - java.awt.EventQueue::postEvent@4
                      ; - sun.awt.PostEventQueue::flush@87
                      ; - sun.awt.SunToolkit::flushPendingEvents@15
                      ; - java.awt.EventQueue::getNextEvent@4
                      ; - java.awt.EventDispatchThread::pumpOneEventForFilters@20
  0x0000020851c44260: 458b 4310 

  0x0000020851c44264: ;   {poll}
  0x0000020851c44264: 4185 0245 | 85c0 0f85 | 5d01 0000 | 4c8b 5c24 | 6048 8d9c | 24e0 0000 | 0049 8b03 | a802 0f85 
  0x0000020851c44284: 2300 0000 | 4883 c801 | 4889 03f0 | 490f b11b | 0f84 3700 | 0000 482b | c448 2507 | f0ff ff48 
  0x0000020851c442a4: 8903 e924 | 0000 004c | 8bd0 4833 | c0f0 4d0f | b17a 3e48 | c703 0300 | 0000 7411 | 4c3b f875 
  0x0000020851c442c4: 1549 ff82 | 8600 0000 | 4833 c075 | 0949 ff87 | 4805 0000 | 33c0 0f85 | ac35 0000 | 4180 7f40 
  0x0000020851c442e4: 000f 85ae | 1800 004c | 8b54 2460 | 4589 6218 | 498b d248 

  0x0000020851c442f8: ;   {optimized virtual_call}
  0x0000020851c442f8: 8bea 90e8 

  0x0000020851c442fc: ; ImmutableOopMap {rbp=Oop [32]=Oop [40]=Oop [48]=NarrowOop [52]=NarrowOop [56]=Oop [64]=Oop [72]=Oop [80]=Oop [88]=NarrowOop [92]=NarrowOop }
                      ;*invokevirtual notifyAll {reexecute=0 rethrow=0 return_oop=0}
                      ; - sun.awt.PostEventQueue::flush@108
                      ; - sun.awt.SunToolkit::flushPendingEvents@15
                      ; - java.awt.EventQueue::postEvent@4
                      ; - sun.awt.PostEventQueue::flush@87
                      ; - sun.awt.SunToolkit::flushPendingEvents@15
                      ; - java.awt.EventQueue::getNextEvent@4
                      ; - java.awt.EventDispatchThread::pumpOneEventForFilters@20
  0x0000020851c442fc: 80ab 90ff 

  0x0000020851c44300: ;   {other}
  0x0000020851c44300: 0f1f 8400 | f032 001a | 488d 8424 | e000 0000 | 4883 3800 | 0f84 7b00 | 0000 4c8b | 5500 41f6 
  0x0000020851c44320: c202 0f84 | 6200 0000 | 4983 ba86 | 0000 0000 | 7409 49ff | 8a86 0000 | 00eb 4b49 | 8b82 9600 
  0x0000020851c44340: 0000 490b | 828e 0000 | 0075 0a49 | c742 3e00 | 0000 00eb | 3e49 83ba | 9e00 0000 | 0074 2248 
  0x0000020851c44360: 33c0 49c7 | 423e 0000 | 0000 f083 | 0424 0049 | 83ba 9e00 | 0000 0075 | 0df0 4d0f | b17a 3e75 
  0x0000020851c44380: 0583 c801 | eb0d a800 | eb09 4c8b | 10f0 4c0f | b155 0075 | 0a49 ff8f | 4805 0000 | 4533 d20f 
  0x0000020851c443a0: 84dd eaff | ff48 8bcd | 488d 9424 | e000 0000 | 4d8b c749 | ba70 2fb8 | 55fd 7f00 | 0041 ffd2 
  0x0000020851c443c0: ;   {other}
  0x0000020851c443c0: 0f1f 8400 | 0000 0000 | e9b5 eaff | ff4d 8bd0 | 4c89 5424 | 684c 8b54 | 2460 458b | 5a14 4489 
  0x0000020851c443e0: 5c24 704c | 8b54 2468 | 458b 520c | 4489 5424 | 7445 8b5b | 4449 8bd3 | 448b 5c24 | 704d 8bd3 
  0x0000020851c44400: 4c89 5424 | 7848 8b6c 

  0x0000020851c44408: ;   {static_call}
  0x0000020851c44408: 2450 90e8 

  0x0000020851c4440c: ; ImmutableOopMap {rbp=Oop [32]=Oop [40]=Oop [48]=NarrowOop [52]=NarrowOop [56]=Oop [64]=Oop [72]=Oop [80]=Oop [88]=NarrowOop [92]=NarrowOop [96]=Oop [104]=Oop [112]=NarrowOop [116]=NarrowOop [120]=Oop }
                      ;*invokestatic flushPendingEvents {reexecute=0 rethrow=0 return_oop=0}
                      ; - java.awt.EventQueue::postEvent@4
                      ; - sun.awt.PostEventQueue::flush@87
                      ; - sun.awt.SunToolkit::flushPendingEvents@15
                      ; - java.awt.EventQueue::postEvent@4
                      ; - sun.awt.PostEventQueue::flush@87
                      ; - sun.awt.SunToolkit::flushPendingEvents@15
                      ; - java.awt.EventQueue::getNextEvent@4
                      ; - java.awt.EventDispatchThread::pumpOneEventForFilters@20
  0x0000020851c4440c: 70b4 90ff 

  0x0000020851c44410: ;   {other}
  0x0000020851c44410: 0f1f 8400 | 0034 001b | 448b 5424 | 7445 8b5a | 0844 899c | 2480 0000 | 0041 c642 | 1601 448b 
  0x0000020851c44430: 5424 7041 | 8b6a 2c44 

  0x0000020851c44438: ;   {metadata('java/util/concurrent/locks/ReentrantLock')}
  0x0000020851c44438: 8b55 0841 | 81fa 10d6 | 1700 0f85 | 7032 0000 | 4c8b d541 | 8b5a 0c85 | db0f 84d9 | 3100 0033 
  0x0000020851c44458: c041 bb01 | 0000 00f0 | 440f b15b | 1041 0f94 | c345 0fb6 | db44 8b54 | 2474 4c89 | 9424 8800 
  0x0000020851c44478: 0000 488b | fb45 85db | 0f84 340b | 0000 4180 | 7f40 000f | 85e4 1500 | 0044 8b54 | 2434 4489 
  0x0000020851c44498: 530c 4c8b | 5424 504c | 8bdf 4d33 | d349 c1ea | 144d 85d2 | 741a 49c1 | eb09 48b9 | 0000 f058 
  0x0000020851c444b8: 0802 0000 | 4903 cb80 | 3902 0f85 | e015 0000 | 448b 5424 | 7041 8b6a | 2485 ed0f | 85c1 3a00 
  0x0000020851c444d8: 0045 8bda | 418b 6b34 | 85ed 0f84 | 143b 0000 | 448b 9424 | 8000 0000 

  0x0000020851c444f0: ;   {metadata('sun/awt/PeerEvent')}
  0x0000020851c444f0: 4181 fab0 | 4913 010f | 8570 0300 | 004c 8b94 | 2488 0000 | 004d 8b52 | 4041 f6c2 | 020f 8401 
  0x0000020851c44510: 0600 0041 | bb03 0000 | 0044 899c | 2498 0000 | 0044 8b54 | 2474 458b | 520c 4489 | 9424 b000 
  0x0000020851c44530: 0000 458b | 5208 448b | 4424 7445 | 8b58 1044 | 899c 2484 | 0000 0049 | bb00 0000 | 0008 0200 
  0x0000020851c44550: 004d 03da | 4d8b 5338 

  0x0000020851c44558: ;   {metadata('java/awt/Component')}
  0x0000020851c44558: 49bb 702d | 0401 0802 | 0000 4d3b | d375 5f44 | 8b94 2480 

  0x0000020851c4456c: ;   {metadata('sun/awt/PeerEvent')}
  0x0000020851c4456c: 0000 0041 | 81fa b049 | 1301 0f85 | 5404 0000 | 4c8b 8424 | 8800 0000 | 488b 5424 | 7848 8bea 
  0x0000020851c4458c: ;   {optimized virtual_call}
  0x0000020851c4458c: 6666 90e8 

  0x0000020851c44590: ; ImmutableOopMap {rbp=Oop [32]=Oop [40]=Oop [48]=NarrowOop [52]=NarrowOop [56]=Oop [64]=Oop [72]=Oop [80]=Oop [88]=NarrowOop [92]=NarrowOop [96]=Oop [104]=Oop [112]=NarrowOop [116]=NarrowOop [120]=Oop [136]=Oop }
                      ;*invokevirtual coalescePeerEvent {reexecute=0 rethrow=0 return_oop=0}
                      ; - java.awt.EventQueue::coalesceEvent@24
                      ; - java.awt.EventQueue::postEvent@3
                      ; - java.awt.EventQueue::postEventPrivate@76
                      ; - java.awt.EventQueue::postEvent@9
                      ; - sun.awt.PostEventQueue::flush@87
                      ; - sun.awt.SunToolkit::flushPendingEvents@15
                      ; - java.awt.EventQueue::postEvent@4
                      ; - sun.awt.PostEventQueue::flush@87
                      ; - sun.awt.SunToolkit::flushPendingEvents@15
                      ; - java.awt.EventQueue::getNextEvent@4
                      ; - java.awt.EventDispatchThread::pumpOneEventForFilters@20
  0x0000020851c44590: eca8 90ff 

  0x0000020851c44594: ;   {other}
  0x0000020851c44594: 0f1f 8400 | 8435 001c | 85c0 0f85 | b4fb ffff | 448b 5c24 | 7445 8b5b | 1044 899c | 2484 0000 
  0x0000020851c445b4: 0044 8b54 | 2474 458b | 5a0c 4489 | 9c24 b000 | 0000 4d8b | 97b8 0100 | 004d 8bc2 | 4d8b d049 
  0x0000020851c445d4: 83c2 184d | 3b97 c801 | 0000 0f83 | ad1c 0000 | 4d89 97b8 | 0100 0041 | 0f0d 8ac0 | 0000 0049 
  0x0000020851c445f4: c700 0100 | 0000 4d8b | d049 83c2 

  0x0000020851c44600: ;   {metadata('sun/awt/EventQueueItem')}
  0x0000020851c44600: 1041 c740 | 0810 5913 | 0145 8960 | 0cc5 fdef | c0c4 c179 | d602 4c89 | 8424 9000 | 0000 4d8b 
  0x0000020851c44620: d044 8b44 | 2474 4589 | 420c 448b | 9424 8400 | 0000 4181 | faf7 0100 | 000f 84b3 | f4ff ff44 
  0x0000020851c44640: 8b9c 2484 | 0000 0041 | 81c3 09fe | ffff 4181 | fb2b 0100 | 000f 82ca | 1300 0044 | 8b94 2480 
  0x0000020851c44660: ;   {metadata('sun/awt/PeerEvent')}
  0x0000020851c44660: 0000 0041 | 81fa b049 | 1301 0f85 | 9104 0000 | 41bb 0400 | 0000 4489 | 9c24 9c00 | 0000 e97d 
  0x0000020851c44680: f4ff ff44 | 8b54 245c | 458b 5210 | 4181 c2e0 | fcff ff41 | 83fa 020f | 82b1 1900 | 0041 bb01 
  0x0000020851c446a0: 0000 0044 | 895c 2470 | e9d7 e8ff | ff85 ff0f | 840c 3b00 | 0041 807f | 4000 0f85 | f117 0000 
  0x0000020851c446c0: 448b 5424 | 6044 8957 | 104c 8bd7 | 4c8b 5c24 | 784d 33da | 49c1 eb14 | 4d85 db74 | 1a49 c1ea 
  0x0000020851c446e0: 0948 b900 | 00f0 5808 | 0200 0049 | 03ca 8039 | 020f 8520 | 1800 0044 | 8b55 0c44 | 8b5c 2470 
  0x0000020851c44700: 453b da0f | 83ef 3a00 | 0042 8b7c | 9d10 85ff | 0f84 323b | 0000 4180 | 7f40 000f | 85c3 1700 
  0x0000020851c44720: 0044 8b54 | 2460 4489 | 5710 4c8b | 5424 784c | 8bdf 4d33 | d349 c1ea | 144d 85d2 | 0f84 56ef 
  0x0000020851c44740: ffff 49c1 | eb09 48b9 | 0000 f058 | 0802 0000 | 4903 cb80 | 3902 0f84 | 3cef ffff | 4d8b 5748 
  0x0000020851c44760: ;   {no_reloc}
  0x0000020851c44760: 4d8b 5f58 | f083 4424 | c000 8039 | 000f 8425 | efff ff44 | 8821 4d85 | d275 1d49 | 8bd7 49ba 
  0x0000020851c44780: 4012 7755 | fd7f 0000 

  0x0000020851c44788: ;   {other}
  0x0000020851c44788: 41ff d20f | 1f84 0000 | 0000 00e9 | 00ef ffff | 4b89 4c13 | f849 83c2 | f84d 8957 | 48e9 eeee 
  0x0000020851c447a8: ffff 448b | 9c24 8800 | 0000 4d8b | d341 0fb6 | 6a3e 85ed | 0f85 b63f | 0000 448b | 5c24 6049 
  0x0000020851c447c8: ba00 0000 | 0008 0200 | 004d 03d3 | 4d8b 5a50 

  0x0000020851c447d8: ;   {metadata('java/awt/event/PaintEvent')}
  0x0000020851c447d8: 49b8 80bc | 1c01 0802 | 0000 4d3b | d80f 854d | 0300 0044 | 8b5c 2460 

  0x0000020851c447f0: ;   {metadata('sun/awt/event/IgnorePaintEvent')}
  0x0000020851c447f0: 4181 fbb8 | 0222 010f | 85b7 4e00 | 004c 8b44 | 2468 488b | 5424 2048 | 8b6c 2428 

  0x0000020851c4480c: ;   {optimized virtual_call}
  0x0000020851c4480c: 6666 90e8 

  0x0000020851c44810: ; ImmutableOopMap {rbp=Oop [32]=Oop [40]=Oop [48]=NarrowOop [52]=NarrowOop [56]=Oop [64]=Oop [72]=Oop [80]=Oop [88]=NarrowOop [92]=NarrowOop [104]=Oop }
                      ;*invokevirtual coalescePaintEvent {reexecute=0 rethrow=0 return_oop=0}
                      ; - java.awt.EventQueue::coalesceEvent@64
                      ; - java.awt.EventQueue::postEvent@3
                      ; - java.awt.EventQueue::postEventPrivate@76
                      ; - java.awt.EventQueue::postEvent@9
                      ; - sun.awt.PostEventQueue::flush@87
                      ; - sun.awt.SunToolkit::flushPendingEvents@15
                      ; - java.awt.EventQueue::getNextEvent@4
                      ; - java.awt.EventDispatchThread::pumpOneEventForFilters@20
  0x0000020851c44810: 6ca6 90ff 

  0x0000020851c44814: ;   {other}
  0x0000020851c44814: 0f1f 8400 | 0438 001d | 85c0 0f85 | 74ee ffff | 448b 5424 | 5c45 8b5a | 0c44 899c | 2488 0000 
  0x0000020851c44834: 0045 8b52 | 1044 8954 | 2464 e9d3 | e7ff ff41 | baff ffff | ff44 8954 | 2474 e93e | e8ff ff41 
  0x0000020851c44854: f6c2 010f | 8447 0600 | 0041 ba02 | 0000 0044 | 8954 2470 | e917 e7ff | ff44 8b5c | 2474 458b 
  0x0000020851c44874: 5b10 4181 | c3e0 fcff | ff41 83fb | 020f 824a | 1a00 0041 | bb01 0000 | 0044 899c | 2498 0000 
  0x0000020851c44894: 00e9 87fc | ffff 85ff | 0f84 533f | 0000 4180 | 7f40 000f | 857c 1800 | 0044 8b9c | 2480 0000 
  0x0000020851c448b4: 0044 895f | 104c 8bd7 | 4c8b 9c24 | 9000 0000 | 4d33 da49 | c1eb 144d | 85db 741a | 49c1 ea09 
  0x0000020851c448d4: 48b9 0000 | f058 0802 | 0000 4903 | ca80 3902 | 0f85 a518 | 0000 448b | 5d0c 448b | 8424 9800 
  0x0000020851c448f4: 0000 453b | c30f 835d | 3f00 0042 | 8b5c 8510 | 85db 0f84 | c03f 0000 | 4180 7f40 

  0x0000020851c44910: ;   {no_reloc}
  0x0000020851c44910: 000f 8545 | 1800 0044 | 8b9c 2480 | 0000 0044 | 895b 104c | 8b94 2490 | 0000 004c | 8bdb 4d33 
  0x0000020851c44930: d349 c1ea | 144d 85d2 | 0f84 1af8 | ffff 49c1 | eb09 48b9 | 0000 f058 | 0802 0000 | 4903 cb80 
  0x0000020851c44950: 3902 0f84 | 00f8 ffff | 4d8b 5748 | 4d8b 5f58 | f083 4424 | c000 8039 | 000f 84e9 | f7ff ff44 
  0x0000020851c44970: 8821 4d85 | d275 1d49 | 8bd7 49ba | 4012 7755 | fd7f 0000 

  0x0000020851c44984: ;   {other}
  0x0000020851c44984: 41ff d20f | 1f84 0000 | 0000 00e9 | c4f7 ffff | 4b89 4c13 | f849 83c2 | f84d 8957 | 48e9 b2f7 
  0x0000020851c449a4: ffff 8b4e | 0c4c 8bd1 | 4d3b d10f | 8565 0300 | 008b 6e10 | ffc5 85ed | 0f8c 9242 | 0000 896e 
  0x0000020851c449c4: 10f0 8344 | 24c0 00e9 | c8d6 ffff | 448b 9c24 | b000 0000 | 4d8b d341 | 0fb6 6a3e | 85ed 0f85 
  0x0000020851c449e4: fc41 0000 | 448b 8424 | 8000 0000 | 49ba 0000 | 0000 0802 | 0000 4d03 | d04d 8b5a 

  0x0000020851c44a00: ;   {metadata('java/awt/event/PaintEvent')}
  0x0000020851c44a00: 5049 b880 | bc1c 0108 | 0200 004d | 3bd8 0f85 | 5703 0000 | 448b 9424 | 8000 0000 

  0x0000020851c44a1c: ;   {metadata('sun/awt/event/IgnorePaintEvent')}
  0x0000020851c44a1c: 4181 fab8 | 0222 010f | 8517 4c00 | 004c 8b84 | 2488 0000 | 0048 8b54 | 2478 488b 

  0x0000020851c44a38: ;   {optimized virtual_call}
  0x0000020851c44a38: 6c24 28e8 

  0x0000020851c44a3c: ; ImmutableOopMap {rbp=Oop [32]=Oop [40]=Oop [48]=NarrowOop [52]=NarrowOop [56]=Oop [64]=Oop [72]=Oop [80]=Oop [88]=NarrowOop [92]=NarrowOop [96]=Oop [104]=Oop [112]=NarrowOop [116]=NarrowOop [120]=Oop [136]=Oop }
                      ;*invokevirtual coalescePaintEvent {reexecute=0 rethrow=0 return_oop=0}
                      ; - java.awt.EventQueue::coalesceEvent@64
                      ; - java.awt.EventQueue::postEvent@3
                      ; - java.awt.EventQueue::postEventPrivate@76
                      ; - java.awt.EventQueue::postEvent@9
                      ; - sun.awt.PostEventQueue::flush@87
                      ; - sun.awt.SunToolkit::flushPendingEvents@15
                      ; - java.awt.EventQueue::postEvent@4
                      ; - sun.awt.PostEventQueue::flush@87
                      ; - sun.awt.SunToolkit::flushPendingEvents@15
                      ; - java.awt.EventQueue::getNextEvent@4
                      ; - java.awt.EventDispatchThread::pumpOneEventForFilters@20
  0x0000020851c44a3c: 40a4 90ff 

  0x0000020851c44a40: ;   {other}
  0x0000020851c44a40: 0f1f 8400 | 303a 001e | 85c0 0f85 | 08f7 ffff | 448b 5c24 | 7445 8b53 | 0c44 8994 | 24b0 0000 
  0x0000020851c44a60: 0045 8bd3 | 458b 5210 | 4489 9424 | 8400 0000 | e951 fbff | ff48 8954 | 2420 458b | c348 b8ff 
  0x0000020851c44a80: ffff ffff 

  0x0000020851c44a84: ;   {virtual_call}
  0x0000020851c44a84: ffff ffe8 

  0x0000020851c44a88: ; ImmutableOopMap {rbp=NarrowOop [32]=Oop [40]=Oop [56]=Oop [76]=NarrowOop [80]=Oop [88]=Oop [100]=NarrowOop [120]=Oop }
                      ;*invokevirtual tryRelease {reexecute=0 rethrow=0 return_oop=0}
                      ; - java.util.concurrent.locks.AbstractQueuedSynchronizer::release@2
                      ; - java.util.concurrent.locks.AbstractQueuedSynchronizer$ConditionObject::enableWait@62
                      ; - java.util.concurrent.locks.AbstractQueuedSynchronizer$ConditionObject::await@26
                      ; - java.awt.EventQueue::getNextEvent@52
                      ; - java.awt.EventDispatchThread::pumpOneEventForFilters@20
  0x0000020851c44a88: f4a8 90ff 

  0x0000020851c44a8c: ;   {other}
  0x0000020851c44a8c: 0f1f 8400 | 7c3a 001f | e9ab dfff | ff45 33d2 | e951 d7ff 

  0x0000020851c44aa0: ;   {metadata('java/util/LinkedHashMap')}
  0x0000020851c44aa0: ff41 81fa | 68ca 0f00 | 0f85 ae3f | 0000 4d8b | d049 8bea | 4983 fb01 | 0f85 fa17 | 0000 85c0 
  0x0000020851c44ac0: 0f84 f217 | 0000 448b | c041 c1e8 | 1044 33c0 | 488b d54c | 8b4c 2470 

  0x0000020851c44ad8: ;   {oop(a 'java/lang/Object'{0x00000000c03917a0})}
  0x0000020851c44ad8: 48bf a017 | 39c0 0000 | 0000 33f6 | b901 0000 | 0048 8b6c 

  0x0000020851c44aec: ;   {optimized virtual_call}
  0x0000020851c44aec: 2428 90e8 

  0x0000020851c44af0: ; ImmutableOopMap {rbp=Oop [32]=Oop [40]=Oop [48]=NarrowOop [52]=NarrowOop [56]=Oop [64]=Oop [72]=Oop [80]=Oop [88]=NarrowOop [104]=Oop [120]=Oop }
                      ;*invokevirtual putVal {reexecute=0 rethrow=0 return_oop=1}
                      ; - java.util.HashMap::put@9
                      ; - java.util.HashSet::add@8
                      ; - sun.awt.AWTAutoShutdown::notifyThreadBusy@57
                      ; - java.awt.EventQueue::postEvent@102
                      ; - java.awt.EventQueue::postEventPrivate@76
                      ; - java.awt.EventQueue::postEvent@9
                      ; - sun.awt.PostEventQueue::flush@87
                      ; - sun.awt.SunToolkit::flushPendingEvents@15
                      ; - java.awt.EventQueue::getNextEvent@4
                      ; - java.awt.EventDispatchThread::pumpOneEventForFilters@20
  0x0000020851c44af0: 8ca3 90ff 

  0x0000020851c44af4: ;   {other}
  0x0000020851c44af4: 0f1f 8400 | e43a 0020 | e9eb e9ff | ff41 baff | ffff ff44 | 8994 249c | 0000 00e9 | ecef ffff 
  0x0000020851c44b14: 41f6 c201 | 0f84 b405 | 0000 41ba | 0200 0000 | 4489 9424 | 9800 0000 | e9f0 f9ff | ff33 c0e9 
  0x0000020851c44b34: 03df ffff | 4d8b 5258 

  0x0000020851c44b3c: ;   {metadata('java/awt/event/MouseEvent')}
  0x0000020851c44b3c: 49bb 0099 | 1101 0802 | 0000 4d3b | d30f 85c7 | e4ff ff4c | 8b54 2468 | 498b da41 | 8b6a 0c44 
  0x0000020851c44b5c: 8b5d 0849 | ba00 0000 | 0008 0200 | 004d 03d3 | 4d8b 5238 

  0x0000020851c44b70: ;   {metadata('java/awt/Component')}
  0x0000020851c44b70: 49bb 702d | 0401 0802 | 0000 4d3b | d30f 8585 | 4100 004c | 8bd5 458b | 9ac4 0000 | 0045 8bc3 
  0x0000020851c44b90: ; implicit exception: dispatches to 0x0000020851c4a3cc
  0x0000020851c44b90: 458b 5b0c | 4c8b d341 | 8b6a 1081 | fdf7 0100 | 0075 07bd | 0200 0000 | eb19 448d | 8d09 feff 
  0x0000020851c44bb0: ff41 81f9 | 2b01 0000 | 0f82 2317 | 0000 bdff | ffff ff83 | fdff 0f84 | 4ae4 ffff | 413b eb0f 
  0x0000020851c44bd0: 83cf 4000 | 0045 8bd8 | 418b 74ab | 1085 f60f | 8431 e4ff | ff41 807f | 4000 0f85 | 451f 0000 
  0x0000020851c44bf0: 4c8b d34d | 8bda 4489 | 5e0c 4c8b | d64c 8bdb | 4d33 da49 | c1eb 144d | 85db 0f84 | 88ea ffff 
  0x0000020851c44c10: 49c1 ea09 | 48b9 0000 | f058 0802 | 0000 4903 | ca80 3902 | 0f84 6eea | ffff 4d8b | 5748 4d8b 
  0x0000020851c44c30: 5f58 f083 | 4424 c000 | 8039 000f | 8457 eaff | ff44 8821 | 4d85 d275 | 1d49 8bd7 | 49ba 4012 
  0x0000020851c44c50: 7755 fd7f | 0000 41ff 

  0x0000020851c44c58: ;   {other}
  0x0000020851c44c58: d20f 1f84 | 0000 0000 | 00e9 32ea | ffff 4b89 | 4c13 f849 | 83c2 f84d | 8957 48e9 | 20ea ffff 
  0x0000020851c44c78: 448b 530c | 4c8b 5c24 | 504d 3bd3 | 0f85 1304 | 0000 8b6b | 10ff c585 | ed0f 8cd1 | 4100 0089 
  0x0000020851c44c98: 6b10 f083 | 4424 c000 | e98f e2ff | ff45 33d2 | e947 eaff 

  0x0000020851c44cac: ;   {metadata('java/util/LinkedHashMap')}
  0x0000020851c44cac: ff41 81fb | 68ca 0f00 | 0f85 2241 | 0000 498b | ea49 83f8 | 010f 852d | 1600 0085 | c00f 8425 
  0x0000020851c44ccc: 1600 0044 | 8bc0 41c1 | e810 4433 | c048 8bd5 | 4c8b 8c24 | 9000 0000 

  0x0000020851c44ce4: ;   {oop(a 'java/lang/Object'{0x00000000c03917a0})}
  0x0000020851c44ce4: 48bf a017 | 39c0 0000 | 0000 33f6 | b901 0000 | 0048 8b6c 

  0x0000020851c44cf8: ;   {optimized virtual_call}
  0x0000020851c44cf8: 2428 90e8 

  0x0000020851c44cfc: ; ImmutableOopMap {rbp=Oop [32]=Oop [40]=Oop [48]=NarrowOop [52]=NarrowOop [56]=Oop [64]=Oop [72]=Oop [80]=Oop [88]=NarrowOop [92]=NarrowOop [96]=Oop [104]=Oop [112]=NarrowOop [120]=Oop [136]=Oop [152]=Oop }
                      ;*invokevirtual putVal {reexecute=0 rethrow=0 return_oop=1}
                      ; - java.util.HashMap::put@9
                      ; - java.util.HashSet::add@8
                      ; - sun.awt.AWTAutoShutdown::notifyThreadBusy@57
                      ; - java.awt.EventQueue::postEvent@102
                      ; - java.awt.EventQueue::postEventPrivate@76
                      ; - java.awt.EventQueue::postEvent@9
                      ; - sun.awt.PostEventQueue::flush@87
                      ; - sun.awt.SunToolkit::flushPendingEvents@15
                      ; - java.awt.EventQueue::postEvent@4
                      ; - sun.awt.PostEventQueue::flush@87
                      ; - sun.awt.SunToolkit::flushPendingEvents@15
                      ; - java.awt.EventQueue::getNextEvent@4
                      ; - java.awt.EventDispatchThread::pumpOneEventForFilters@20
  0x0000020851c44cfc: 80a1 90ff 

  0x0000020851c44d00: ;   {other}
  0x0000020851c44d00: 0f1f 8400 | f03c 0021 | e997 f2ff | ff89 5c24 | 3089 7424 | 20e9 a3d5 | ffff 897c | 2444 4489 
  0x0000020851c44d20: 4424 4048 | 8954 2430 | 4489 5c24 | 2489 5c24 | 2049 8be9 | 488b d041 | b801 0000 

  0x0000020851c44d3c: ;   {optimized virtual_call}
  0x0000020851c44d3c: 0066 90e8 

  0x0000020851c44d40: ; ImmutableOopMap {rbp=Oop [32]=NarrowOop [36]=NarrowOop [40]=Oop [56]=Oop }
                      ;*invokevirtual acquire {reexecute=0 rethrow=0 return_oop=0}
                      ; - java.util.concurrent.locks.ReentrantLock$Sync::lock@9
                      ; - java.util.concurrent.locks.ReentrantLock::lock@4
                      ; - java.awt.EventQueue::getNextEvent@11
                      ; - java.awt.EventDispatchThread::pumpOneEventForFilters@20
  0x0000020851c44d40: 3ca1 90ff 

  0x0000020851c44d44: ;   {other}
  0x0000020851c44d44: 0f1f 8400 | 343d 0022 | 4c8b cd8b | 5c24 2044 | 8b5c 2424 | 488b 5424 | 3044 8b44 | 2440 8b7c 
  0x0000020851c44d64: 2444 e92d | d3ff ff4d 

  0x0000020851c44d6c: ;   {metadata('java/awt/event/MouseEvent')}
  0x0000020851c44d6c: 8b52 5849 | bb00 9911 | 0108 0200 | 004d 3bd3 | 0f85 44f8 | ffff 4c8b | 9424 8800 | 0000 498b 
  0x0000020851c44d8c: da41 8b6a | 0c44 8b55 | 0849 bb00 | 0000 0008 | 0200 004d | 03da 4d8b 

  0x0000020851c44da4: ;   {metadata('java/awt/Component')}
  0x0000020851c44da4: 5338 49bb | 702d 0401 | 0802 0000 | 4d3b d30f | 85ef 4100 | 004c 8bd5 | 458b 9ac4 | 0000 0045 
  0x0000020851c44dc4: 8bc3 458b | 530c 8b6b | 1081 fdf7 | 0100 0075 | 07bd 0200 | 0000 eb19 | 448d 9d09 | feff ff41 
  0x0000020851c44de4: 81fb 2b01 | 0000 0f82 | 2115 0000 | bdff ffff | ff83 fdff | 0f84 c8f7 | ffff 413b | ea0f 8319 
  0x0000020851c44e04: 4100 0041 | 8b7c a810 | 85ff 0f84 | b2f7 ffff | 4180 7f40 | 000f 85f9 | 2a00 004c | 8bd3 4489 
  0x0000020851c44e24: 570c 4c8b | d74c 8bdb | 4d33 da49 | c1eb 144d | 85db 0f84 | 1cf3 ffff | 49c1 ea09 | 48b9 0000 
  0x0000020851c44e44: f058 0802 | 0000 4903 | ca80 3902 | 0f84 02f3 | ffff 4d8b | 5748 4d8b | 5f58 f083 | 4424 c000 
  0x0000020851c44e64: 8039 000f | 84eb f2ff | ff44 8821 | 4d85 d275 | 1d49 8bd7 | 49ba 4012 | 7755 fd7f | 0000 41ff 
  0x0000020851c44e84: ;   {other}
  0x0000020851c44e84: d20f 1f84 | 0000 0000 | 00e9 c6f2 | ffff 4b89 | 4c13 f849 | 83c2 f84d | 8957 48e9 | b4f2 ffff 
  0x0000020851c44ea4: 41f6 c204 | 0f84 d5f7 | ffff 4533 | db44 895c | 2470 e9c9 | e0ff ff4d | 8bc2 488b | 5424 6048 
  0x0000020851c44ec4: 8b6c 2428 

  0x0000020851c44ec8: ;   {optimized virtual_call}
  0x0000020851c44ec8: 6666 90e8 

  0x0000020851c44ecc: ; ImmutableOopMap {rbp=Oop [32]=Oop [40]=Oop [48]=NarrowOop [56]=Oop [76]=NarrowOop [80]=NarrowOop [84]=NarrowOop [88]=NarrowOop [92]=NarrowOop [96]=Oop [104]=Oop [112]=Oop [120]=Oop [128]=Oop [144]=Derived_oop_[128] [152]=NarrowOop [160]=Oop }
                      ;*invokevirtual equals {reexecute=0 rethrow=0 return_oop=0}
                      ; - java.util.HashMap::removeNode@68
                      ; - java.util.HashMap::remove@9
                      ; - java.util.HashSet::remove@5
                      ; - sun.awt.AWTAutoShutdown::notifyThreadFree@24
                      ; - java.awt.EventQueue::getNextEvent@45
                      ; - java.awt.EventDispatchThread::pumpOneEventForFilters@20
  0x0000020851c44ecc: b09f 90ff 

  0x0000020851c44ed0: ;   {other}
  0x0000020851c44ed0: 0f1f 8400 | c03e 0023 | 85c0 0f85 | 27d7 ffff | 448b 9424 | 9800 0000 | 458b 5218 | 4585 d20f 
  0x0000020851c44ef0: 84f7 3600 

  0x0000020851c44ef4: ;   {metadata('java/util/HashMap$TreeNode')}
  0x0000020851c44ef4: 0049 bbd8 | 0e1a 0008 | 0200 0044 | 8b84 249c | 0000 0049 | b900 0000 | 0008 0200 | 004d 03c8 
  0x0000020851c44f14: 4d8b 4148 | 4d3b c30f | 848f 3f00 | 0049 8bea | eb2c 6666 | 0f1f 8400 | 0000 0000 | 4d8b 9f50 
  0x0000020851c44f34: 0400 0044 

  0x0000020851c44f38: ; ImmutableOopMap {r10=NarrowOop rbp=Oop [32]=Oop [40]=Oop [48]=NarrowOop [56]=Oop [76]=NarrowOop [80]=NarrowOop [84]=NarrowOop [88]=NarrowOop [92]=NarrowOop [96]=Oop [104]=Oop [112]=Oop [120]=Oop [128]=Oop [144]=Derived_oop_[128] }
                      ;*ifnonnull {reexecute=1 rethrow=0 return_oop=0}
                      ; - (reexecute) java.util.HashMap::removeNode@168
                      ; - java.util.HashMap::remove@9
                      ; - java.util.HashSet::remove@5
                      ; - sun.awt.AWTAutoShutdown::notifyThreadFree@24
                      ; - java.awt.EventQueue::getNextEvent@45
                      ; - java.awt.EventDispatchThread::pumpOneEventForFilters@20
                      ;   {poll}
  0x0000020851c44f38: 8b55 1841 | 8503 4585 | d20f 84a5 | 3600 0048 | 89ac 24a0 | 0000 0049 | 8bea 448b | 5d0c 443b 
  0x0000020851c44f58: 9c24 8800 | 0000 75d0 | 448b 5d10 | 448b 5424 | 5845 3bda | 741a 4d8b | c348 8b54 

  0x0000020851c44f74: ;   {optimized virtual_call}
  0x0000020851c44f74: 2460 90e8 

  0x0000020851c44f78: ; ImmutableOopMap {rbp=Oop [32]=Oop [40]=Oop [48]=NarrowOop [56]=Oop [76]=NarrowOop [80]=NarrowOop [84]=NarrowOop [88]=NarrowOop [92]=NarrowOop [96]=Oop [104]=Oop [112]=Oop [120]=Oop [128]=Oop [144]=Derived_oop_[128] [160]=Oop }
                      ;*invokevirtual equals {reexecute=0 rethrow=0 return_oop=0}
                      ; - java.util.HashMap::removeNode@143
                      ; - java.util.HashMap::remove@9
                      ; - java.util.HashSet::remove@5
                      ; - sun.awt.AWTAutoShutdown::notifyThreadFree@24
                      ; - java.awt.EventQueue::getNextEvent@45
                      ; - java.awt.EventDispatchThread::pumpOneEventForFilters@20
  0x0000020851c44f78: 049f 90ff 

  0x0000020851c44f7c: ;   {other}
  0x0000020851c44f7c: 0f1f 8400 | 6c3f 0025 | 85c0 74a8 | 448b 5508 

  0x0000020851c44f8c: ;   {metadata('java/util/HashMap$TreeNode')}
  0x0000020851c44f8c: 4181 fad8 | 0e1a 000f | 840f 1600 | 008b 5d18 | 4c8b 9c24 | a000 0000 | 493b eb0f | 8593 1200 
  0x0000020851c44fac: 0048 89ac | 24a0 0000 | 00e9 6ad6 | ffff 448b | 5b0c 4d8b | d34c 8b5c | 2450 4d3b | d30f 85d5 
  0x0000020851c44fcc: 0500 008b | 6b10 ffc5 | 85ed 0f8c | fd40 0000 | 896b 10f0 | 8344 24c0 | 00e9 def4 | ffff 4533 
  0x0000020851c44fec: dbe9 c2f1 | ffff 498b | da89 4c24 | 584c 8944 | 2450 4489 | 5c24 4c4c | 894c 2420 | 4c8b d14c 
  0x0000020851c4500c: 8954 2460 | 488d 6914 | 443b 6500 | 0f85 1b09 | 0000 4885 | db0f 848b | 0900 0048 | 8bfb 4833 
  0x0000020851c4502c: c0f0 0fb1 | 7d00 410f | 94c5 450f | b6ed 4585 | ed74 2c4c | 8bd3 4c8b | dd4d 33d3 | 49c1 ea14 
  0x0000020851c4504c: 4d85 d274 | 1a49 c1eb | 0948 b900 | 00f0 5808 | 0200 0049 | 03cb 8039 | 020f 85ec | 1200 004d 
  0x0000020851c4506c: 8b97 5004 

  0x0000020851c45070: ; ImmutableOopMap {rbx=Oop rdi=NarrowOop [32]=Oop [40]=Oop [48]=NarrowOop [56]=Oop [76]=NarrowOop [80]=Oop [88]=NarrowOop [96]=Oop rbp=Derived_oop_[96] }
                      ;*ifeq {reexecute=1 rethrow=0 return_oop=0}
                      ; - (reexecute) java.util.concurrent.locks.AbstractQueuedSynchronizer::tryInitializeHead@56
                      ; - java.util.concurrent.locks.AbstractQueuedSynchronizer$ConditionObject::newConditionNode@4
                      ; - java.util.concurrent.locks.AbstractQueuedSynchronizer$ConditionObject::await@15
                      ; - java.awt.EventQueue::getNextEvent@52
                      ; - java.awt.EventDispatchThread::pumpOneEventForFilters@20
                      ;   {poll}
  0x0000020851c45070: 0000 4185 | 0245 85ed | 0f85 e208 | 0000 448b | 5c24 5845 | 3b63 1874 | 8b4c 8b4c | 2420 448b 
  0x0000020851c45090: 5c24 4c4c | 8b44 2450 | e9d1 d7ff | ff48 8bd7 | 41b8 0100 | 0000 488b 

  0x0000020851c450a8: ;   {optimized virtual_call}
  0x0000020851c450a8: 6c24 28e8 

  0x0000020851c450ac: ; ImmutableOopMap {rbp=Oop [32]=Oop [40]=Oop [48]=NarrowOop [52]=NarrowOop [56]=Oop [64]=Oop [72]=Oop [80]=Oop [88]=NarrowOop [92]=NarrowOop [104]=Oop }
                      ;*invokevirtual acquire {reexecute=0 rethrow=0 return_oop=0}
                      ; - java.util.concurrent.locks.ReentrantLock$Sync::lock@9
                      ; - java.util.concurrent.locks.ReentrantLock::lock@4
                      ; - java.awt.EventQueue::postEventPrivate@9
                      ; - java.awt.EventQueue::postEvent@9
                      ; - sun.awt.PostEventQueue::flush@87
                      ; - sun.awt.SunToolkit::flushPendingEvents@15
                      ; - java.awt.EventQueue::getNextEvent@4
                      ; - java.awt.EventDispatchThread::pumpOneEventForFilters@20
  0x0000020851c450ac: d09d 90ff 

  0x0000020851c450b0: ;   {other}
  0x0000020851c450b0: 0f1f 8400 | a040 0027 | e977 deff | ff41 81fa | 2003 0000 | 0f85 512e | 0000 4533 | f6e9 73d0 
  0x0000020851c450d0: ffff 41f6 | c204 0f84 | 91f7 ffff | 4533 db44 | 899c 2498 | 0000 00e9 | 35f4 ffff | 4585 c90f 
  0x0000020851c450f0: 8536 d0ff | ff44 8b56 | 0c45 3bda | 0f83 0a3f | 0000 428b | 6c9e 1085 | ed0f 8429 | 3f00 0041 
  0x0000020851c45110: 807f 4000 | 0f85 0a12 | 0000 4489 | 6510 e908 | d0ff ff44 | 8b55 0c45 | 85d2 0f84 | becf ffff 
  0x0000020851c45130: 4d8b 4728 | 498b ca4d | 85c0 0f84 | e016 0000 | 4d8b 5738 | 4b89 4c02 | f849 83c0 | f84d 8947 
  0x0000020851c45150: 28e9 98cf | ffff 4d8b | 5758 4d8b | 4748 f083 | 4424 c000 | 4180 3900 | 7438 4588 | 214d 85c0 
  0x0000020851c45170: 740f 4f89 | 4c02 f849 | 83c0 f84d | 8947 48eb | 2141 8bf3 | 498b c949 | 8bd7 49ba | 4012 7755 
  0x0000020851c45190: fd7f 0000 

  0x0000020851c45194: ;   {other}
  0x0000020851c45194: 41ff d20f | 1f84 0000 | 0000 0044 | 8bde 448b | 5710 4585 | d20f 857c | cfff ff8b | 7320 85f6 
  0x0000020851c451b4: 0f85 3bff | ffff baf6 | ffff ff48 | 8b6c 2428 | 895c 2424 | 4489 5c24 

  0x0000020851c451cc: ;   {runtime_call UncommonTrapBlob}
  0x0000020851c451cc: 2866 90e8 

  0x0000020851c451d0: ; ImmutableOopMap {rbp=Oop [36]=NarrowOop }
                      ;*aaload {reexecute=0 rethrow=0 return_oop=0}
                      ; - java.awt.EventQueue::getNextEventPrivate@53
                      ; - java.awt.EventQueue::getNextEvent@17
                      ; - java.awt.EventDispatchThread::pumpOneEventForFilters@20
  0x0000020851c451d0: 2c2b 91ff 

  0x0000020851c451d4: ;   {other}
  0x0000020851c451d4: 0f1f 8400 | c441 0028 | 458b 5d0c | 4585 db0f | 84ff cfff | ff4d 8b57 | 2849 8bcb | 4d85 d20f 
  0x0000020851c451f4: 844a 1600 | 004d 8b5f | 384b 894c | 13f8 4983 | c2f8 4d89 | 5728 e9d9 | cfff ff8b | 4e0c 85c9 
  0x0000020851c45214: 0f84 c9cc | ffff 4889 | 4424 3089 | 7c24 2045 | 8bf0 488b | ea45 8beb | 8bfb 498b | d94d 8b57 
  0x0000020851c45234: 284d 85d2 | 0f84 2216 | 0000 4d8b | 5f38 4b89 | 4c13 f849 | 83c2 f84d | 8957 284c | 8bcb 8bdf 
  0x0000020851c45254: 458b dd48 | 8bd5 458b | c68b 7c24 | 2048 8b44 | 2430 e978 | ccff ff4d | 8b57 4849 | 8b77 58f0 
  0x0000020851c45274: 8344 24c0 | 0080 3900 | 0f84 16ce | ffff 4488 | 214d 85d2 | 753f 448b | ef45 8bf0 | 488b ea41 
  0x0000020851c45294: 8bfb 8bf3 | 498b d949 | 8bd7 49ba | 4012 7755 | fd7f 0000 

  0x0000020851c452a8: ;   {other}
  0x0000020851c452a8: 41ff d20f | 1f84 0000 | 0000 004c | 8bcb 8bde | 448b df48 | 8bd5 458b | c641 8bfd | e9cf cdff 
  0x0000020851c452c8: ff4a 894c | 16f8 4983 | c2f8 4d89 | 5748 e9bd | cdff ff48 | 8b54 2460 | 488b 6c24 

  0x0000020851c452e4: ;   {optimized virtual_call}
  0x0000020851c452e4: 2866 90e8 

  0x0000020851c452e8: ; ImmutableOopMap {rbp=Oop [32]=Oop [40]=Oop [48]=NarrowOop [56]=Oop [76]=NarrowOop [80]=NarrowOop [84]=NarrowOop [88]=NarrowOop [96]=Oop [104]=Oop [112]=Oop [120]=Oop }
                      ;*invokevirtual hashCode {reexecute=0 rethrow=0 return_oop=0}
                      ; - java.util.HashMap::hash@9
                      ; - java.util.HashMap::remove@2
                      ; - java.util.HashSet::remove@5
                      ; - sun.awt.AWTAutoShutdown::notifyThreadFree@24
                      ; - java.awt.EventQueue::getNextEvent@45
                      ; - java.awt.EventDispatchThread::pumpOneEventForFilters@20
  0x0000020851c452e8: 949b 90ff 

  0x0000020851c452ec: ;   {other}
  0x0000020851c452ec: 0f1f 8400 | dc42 0029 | e96a d2ff | ff44 8b5f | 0c45 85db | 7433 498b | 5728 498b | cb48 85d2 
  0x0000020851c4530c: 0f84 931c | 0000 498b | ea41 8bf1 | 498b d84d | 8b57 3849 | 894c 12f8 | 4883 c2f8 | 4989 5728 
  0x0000020851c4532c: 4c8b c344 | 8bce 4c8b | d54c 8944 | 2478 4489 | 4c24 6449 | 8bf2 e91a | d6ff ff44 | 8b5f 1045 
  0x0000020851c4534c: 85db 0f84 | 4ad6 ffff | 4d8b 5728 | 498b cb4d | 85d2 0f84 | 241c 0000 | 4d8b 5f38 | 4b89 4c13 
  0x0000020851c4536c: f849 83c2 | f84d 8957 | 28e9 24d6 | ffff 448b | 1b45 85db | 0f84 6ad7 | ffff 4d8b | 5728 498b 
  0x0000020851c4538c: cb4d 85d2 | 0f84 351c | 0000 4d8b | 5f38 4b89 | 4c13 f849 | 83c2 f84d | 8957 28e9 | 44d7 ffff 
  0x0000020851c453ac: 4c8b 9424 | 9000 0000 | 458b 1a45 | 85db 0f84 | 84d2 ffff | 4d8b 5728 | 498b cb4d | 85d2 0f84 
  0x0000020851c453cc: 181c 0000 | 4d8b 5f38 | 4b89 4c13 | f849 83c2 | f84d 8957 | 28e9 5ed2 | ffff 498b 

  0x0000020851c453e8: ;   {no_reloc}
  0x0000020851c453e8: f24d 8b57 | 484d 8b5f | 58f0 8344 | 24c0 0080 | 3900 742f | 4488 214d | 85d2 740f | 4b89 4c13 
  0x0000020851c45408: f849 83c2 | f84d 8957 | 48eb 1849 | 8bd7 49ba | 4012 7755 | fd7f 0000 

  0x0000020851c45420: ;   {other}
  0x0000020851c45420: 41ff d20f | 1f84 0000 | 0000 004c | 8b44 2420 | 448b 4c24 | 304c 8bd6 | e9f2 d4ff | ff4d 8b57 
  0x0000020851c45440: 484d 8b5f | 58f0 8344 | 24c0 0080 | 3900 0f84 | 3fd5 ffff | 4488 214d | 85d2 751d | 498b d749 
  0x0000020851c45460: ba40 1277 | 55fd 7f00 | 0041 ffd2 

  0x0000020851c4546c: ;   {other}
  0x0000020851c4546c: 0f1f 8400 | 0000 0000 | e91a d5ff | ff4b 894c | 13f8 4983 | c2f8 4d89 | 5748 e908 | d5ff ff4d 
  0x0000020851c4548c: 8b57 484d | 8b5f 58f0 | 8344 24c0 | 0080 3900 | 742f 4488 | 214d 85d2 | 740f 4b89 | 4c13 f849 
  0x0000020851c454ac: 83c2 f84d | 8957 48eb | 1849 8bd7 | 49ba 4012 | 7755 fd7f | 0000 41ff 

  0x0000020851c454c4: ;   {other}
  0x0000020851c454c4: d20f 1f84 | 0000 0000 | 0048 8bde | e9fb d4ff | ff4d 8b57 | 484d 8b5f | 58f0 8344 | 24c0 0080 
  0x0000020851c454e4: 3900 0f84 | 60d6 ffff | 4488 214d | 85d2 751d | 498b d749 | ba40 1277 | 55fd 7f00 | 0041 ffd2 
  0x0000020851c45504: ;   {other}
  0x0000020851c45504: 0f1f 8400 | 0000 0000 | e93b d6ff | ff4b 894c | 13f8 4983 | c2f8 4d89 | 5748 e929 | d6ff ff4d 
  0x0000020851c45524: 8b57 584d | 8b5f 48f0 | 8344 24c0 | 0080 3900 | 0f84 48d1 | ffff 4488 | 214d 85db | 751d 498b 
  0x0000020851c45544: d749 ba40 | 1277 55fd | 7f00 0041 

  0x0000020851c45550: ;   {other}
  0x0000020851c45550: ffd2 0f1f | 8400 0000 | 0000 e923 | d1ff ff4b | 894c 1af8 | 4983 c3f8 | 4d89 5f48 | e911 d1ff 
  0x0000020851c45570: ff44 8b5b | 0c45 85db | 0f84 b4d4 | ffff 4d8b | 5728 498b | cb4d 85d2 | 0f84 e21b | 0000 4d8b 
  0x0000020851c45590: 5f38 4b89 | 4c13 f849 | 83c2 f84d | 8957 28e9 | 8ed4 ffff | 488b d741 | b801 0000 | 0048 8b6c 
  0x0000020851c455b0: ;   {optimized virtual_call}
  0x0000020851c455b0: 2428 90e8 

  0x0000020851c455b4: ; ImmutableOopMap {rbp=Oop [32]=Oop [40]=Oop [48]=NarrowOop [52]=NarrowOop [56]=Oop [64]=Oop [72]=Oop [80]=Oop [88]=NarrowOop [92]=NarrowOop [96]=Oop [104]=Oop [112]=NarrowOop [116]=NarrowOop [120]=Oop [136]=Oop }
                      ;*invokevirtual acquire {reexecute=0 rethrow=0 return_oop=0}
                      ; - java.util.concurrent.locks.ReentrantLock$Sync::lock@9
                      ; - java.util.concurrent.locks.ReentrantLock::lock@4
                      ; - java.awt.EventQueue::postEventPrivate@9
                      ; - java.awt.EventQueue::postEvent@9
                      ; - sun.awt.PostEventQueue::flush@87
                      ; - sun.awt.SunToolkit::flushPendingEvents@15
                      ; - java.awt.EventQueue::postEvent@4
                      ; - sun.awt.PostEventQueue::flush@87
                      ; - sun.awt.SunToolkit::flushPendingEvents@15
                      ; - java.awt.EventQueue::getNextEvent@4
                      ; - java.awt.EventDispatchThread::pumpOneEventForFilters@20
  0x0000020851c455b4: c898 90ff 

  0x0000020851c455b8: ;   {other}
  0x0000020851c455b8: 0f1f 8400 | a845 002a | e903 efff | ff41 81fb | 2003 0000 | 0f85 2c31 | 0000 4533 | d244 8954 
  0x0000020851c455d8: 2474 e9b2 | daff ff44 | 8b53 0c45 | 85d2 0f84 | fee0 ffff | 4d8b 5f28 | 498b ca4d | 85db 0f84 
  0x0000020851c455f8: 961c 0000 | 4d8b 5738 | 4b89 4c1a | f849 83c3 | f84d 895f | 28e9 d8e0 | ffff 448b | 5b0c 4585 
  0x0000020851c45618: db0f 84de | d8ff ff4d | 8b57 2849 | 8bcb 4d85 | d20f 8480 | 1c00 004d | 8b5f 384b | 894c 13f8 
  0x0000020851c45638: 4983 c2f8 | 4d89 5728 | e9b8 d8ff | ff4d 8b57 | 484d 8b5f | 58f0 8344 | 24c0 0080 | 3900 0f84 
  0x0000020851c45658: d8d8 ffff | 4488 214d | 85d2 751d | 498b d749 | ba40 1277 | 55fd 7f00 | 0041 ffd2 

  0x0000020851c45674: ;   {other}
  0x0000020851c45674: 0f1f 8400 | 0000 0000 | e9b3 d8ff | ff4b 894c | 13f8 4983 | c2f8 4d89 | 5748 e9a1 | d8ff ff44 
  0x0000020851c45694: 8b47 0c45 | 85c0 0f84 | 33d6 ffff | 4d8b 5728 | 498b c84d | 85d2 0f84 | 531d 0000 | 418b f349 
  0x0000020851c456b4: 8bd9 4d8b | 5f38 4b89 | 4c13 f849 | 83c2 f84d | 8957 284c | 8bcb 448b | dee9 01d6 | ffff 448b 
  0x0000020851c456d4: 4710 4585 | c00f 84e9 | d5ff ff4d | 8b57 2849 | 8bc8 4d85 | d20f 84f1 | 1c00 0041 | 8beb 498b 
  0x0000020851c456f4: d94d 8b5f | 384b 894c | 13f8 4983 | c2f8 4d89 | 5728 4c8b | cb44 8bdd | e9b7 d5ff | ff44 8b47 
  0x0000020851c45714: 1845 85c0 | 0f84 6fd5 | ffff 4d8b | 5728 498b | c84d 85d2 | 0f84 f81c | 0000 418b | eb49 8bd9 
  0x0000020851c45734: 4d8b 5f38 | 4b89 4c13 | f849 83c2 | f84d 8957 | 284c 8bcb | 448b dde9 | 3dd5 ffff | 8b4f 1885 
  0x0000020851c45754: c974 1e49 | 8b5f 2848 | 85db 0f84 | e51c 0000 | 498b 7738 | 4889 4c1e | f848 83c3 

  0x0000020851c45770: ;   {no_reloc}
  0x0000020851c45770: f849 895f | 2844 895c | 2434 4889 | 9424 d000 | 0000 4489 | 9424 d800 | 0000 4489 | 8424 dc00 
  0x0000020851c45790: 0000 e917 | c6ff ff46 | 8b5c b510 | 4585 db0f | 84ed c9ff | ff4d 8b57 | 2849 8bcb | 4d85 d20f 
  0x0000020851c457b0: 84cf 1c00 | 004d 8b5f | 384b 894c | 13f8 4983 | c2f8 4d89 | 5728 e9c7 | c9ff ff41 | 8bf3 498b 
  0x0000020851c457d0: d94d 8b57 | 484d 8b5f | 58f0 8344 | 24c0 0080 | 3900 742f | 4488 214d | 85d2 740f | 4b89 4c13 
  0x0000020851c457f0: f849 83c2 | f84d 8957 | 48eb 1849 | 8bd7 49ba | 4012 7755 | fd7f 0000 

  0x0000020851c45808: ;   {other}
  0x0000020851c45808: 41ff d20f | 1f84 0000 | 0000 004c | 8bcb 448b | dee9 9fd4 | ffff 448b | 5e10 4585 | db0f 8402 
  0x0000020851c45828: daff ff4d | 8b57 2849 | 8bcb 4d85 | d20f 8483 | 1c00 004d | 8b5f 384b | 894c 13f8 | 4983 c2f8 
  0x0000020851c45848: 4d89 5728 | e9dc d9ff | ff44 8b56 | 0c45 85d2 | 0f84 14da | ffff 4d8b | 5f28 498b | ca4d 85db 
  0x0000020851c45868: 0f84 331c | 0000 4d8b | 5738 4b89 | 4c1a f849 | 83c3 f84d | 895f 28e9 | eed9 ffff | 4d8b 5748 
  0x0000020851c45888: 4d8b 5f58 | f083 4424 | c000 8039 | 000f 840e | daff ff44 | 8821 4d85 | d275 1d49 | 8bd7 49ba 
  0x0000020851c458a8: 4012 7755 | fd7f 0000 

  0x0000020851c458b0: ;   {other}
  0x0000020851c458b0: 41ff d20f | 1f84 0000 | 0000 00e9 | e9d9 ffff | 4b89 4c13 | f849 83c2 | f84d 8957 | 48e9 d7d9 
  0x0000020851c458d0: ffff 4d8b | 5748 4d8b | 5f58 f083 | 4424 c000 | 8039 000f | 847e d9ff | ff44 8821 | 4d85 d275 
  0x0000020851c458f0: 1d49 8bd7 | 49ba 4012 | 7755 fd7f | 0000 41ff 

  0x0000020851c45900: ;   {other}
  0x0000020851c45900: d20f 1f84 | 0000 0000 | 00e9 59d9 | ffff 4b89 | 4c13 f849 | 83c2 f84d | 8957 48e9 | 47d9 ffff 
  0x0000020851c45920: 488b 5424 

  0x0000020851c45924: ;   {optimized virtual_call}
  0x0000020851c45924: 7066 90e8 

  0x0000020851c45928: ; ImmutableOopMap {rbp=Oop [32]=Oop [40]=Oop [48]=NarrowOop [52]=NarrowOop [56]=Oop [64]=Oop [72]=Oop [80]=Oop [88]=NarrowOop [104]=Oop [112]=Oop [120]=Oop }
                      ;*invokevirtual hashCode {reexecute=0 rethrow=0 return_oop=0}
                      ; - java.util.HashMap::hash@9
                      ; - java.util.HashMap::put@2
                      ; - java.util.HashSet::add@8
                      ; - sun.awt.AWTAutoShutdown::notifyThreadBusy@57
                      ; - java.awt.EventQueue::postEvent@102
                      ; - java.awt.EventQueue::postEventPrivate@76
                      ; - java.awt.EventQueue::postEvent@9
                      ; - sun.awt.PostEventQueue::flush@87
                      ; - sun.awt.SunToolkit::flushPendingEvents@15
                      ; - java.awt.EventQueue::getNextEvent@4
                      ; - java.awt.EventDispatchThread::pumpOneEventForFilters@20
  0x0000020851c45928: 5495 90ff 

  0x0000020851c4592c: ;   {other}
  0x0000020851c4592c: 0f1f 8400 | 1c49 002b | e97e dbff | fff3 904d | 8b9f 5004 

  0x0000020851c45940: ; ImmutableOopMap {rbx=Oop [32]=Oop [40]=Oop [48]=NarrowOop [56]=Oop [76]=NarrowOop [80]=Oop [88]=NarrowOop [96]=Oop }
                      ;*goto {reexecute=1 rethrow=0 return_oop=0}
                      ; - (reexecute) java.util.concurrent.locks.AbstractQueuedSynchronizer::tryInitializeHead@23
                      ; - java.util.concurrent.locks.AbstractQueuedSynchronizer$ConditionObject::newConditionNode@4
                      ; - java.util.concurrent.locks.AbstractQueuedSynchronizer$ConditionObject::await@15
                      ; - java.awt.EventQueue::getNextEvent@52
                      ; - java.awt.EventDispatchThread::pumpOneEventForFilters@20
                      ;   {poll}
  0x0000020851c45940: 0000 4185 | 034c 8b4c | 2420 448b | 5c24 4c4c | 8b44 2450 | 8b4c 2458 | 4c8b d3e9 | 04cf ffff 
  0x0000020851c45960: 4180 7f40 | 000f 85a1 | 1800 0044 | 8b5c 2458 | 4189 7b18 | 4c8b 5424 | 604c 8bdb | 4d33 da49 
  0x0000020851c45980: c1eb 144d | 85db 741a | 49c1 ea09 | 48b9 0000 | f058 0802 | 0000 4903 | ca80 3902 | 0f85 a218 
  0x0000020851c459a0: 0000 f083 | 4424 c000 | 4c8b 4424 | 50e9 c6ce | ffff 4d8b | 97b8 0100 | 004d 8bda | 4983 c320 
  0x0000020851c459c0: 4d3b 9fc8 | 0100 000f | 838f 2f00 | 004d 899f | b801 0000 | 410f 0d8b | c000 0000 | 49c7 0201 
  0x0000020851c459e0: 0000 004d | 8bda 4983 

  0x0000020851c459e8: ;   {metadata('java/util/concurrent/locks/AbstractQueuedSynchronizer$ExclusiveNode')}
  0x0000020851c459e8: c310 41c7 | 4208 c0ad | 1b00 4589 | 620c c5fd | efc0 62d1 | fe08 7f03 | 498b dae9 | 1ff6 ffff 
  0x0000020851c45a08: f390 4d8b | 8750 0400 

  0x0000020851c45a10: ; ImmutableOopMap {r11=Oop r9=Oop [40]=Oop [56]=Oop [76]=NarrowOop [80]=Oop [100]=NarrowOop }
                      ;*goto {reexecute=1 rethrow=0 return_oop=0}
                      ; - (reexecute) java.util.concurrent.locks.AbstractQueuedSynchronizer$ConditionObject::await@131
                      ; - java.awt.EventQueue::getNextEvent@52
                      ; - java.awt.EventDispatchThread::pumpOneEventForFilters@20
                      ;   {poll}
  0x0000020851c45a10: 0041 8500 | 33ed 4c89 | 4c24 784c | 895c 2458 | e932 d1ff | ff41 81fa | 2003 0000 | 0f85 0a31 
  0x0000020851c45a30: 0000 4533 | d244 8994 | 249c 0000 | 00e9 bee0 | ffff 448b | 5b0c 4585 | db0f 845b | e7ff ff4d 
  0x0000020851c45a50: 8b57 2849 | 8bcb 4d85 | d20f 8401 | 2500 004d | 8b5f 384b | 894c 13f8 | 4983 c2f8 | 4d89 5728 
  0x0000020851c45a70: e935 e7ff | ff44 8b53 | 0c45 85d2 | 0f84 0fea | ffff 4d8b | 5f28 498b | ca4d 85db | 0f84 eb24 
  0x0000020851c45a90: 0000 4d8b | 5738 4b89 | 4c1a f849 | 83c3 f84d | 895f 28e9 | e9e9 ffff | 4d8b 5748 | 4d8b 5f58 
  0x0000020851c45ab0: f083 4424 | c000 8039 | 000f 8409 | eaff ff44 | 8821 4d85 | d275 1d49 | 8bd7 49ba | 4012 7755 
  0x0000020851c45ad0: fd7f 0000 

  0x0000020851c45ad4: ;   {other}
  0x0000020851c45ad4: 41ff d20f | 1f84 0000 | 0000 00e9 | e4e9 ffff | 4b89 4c13 | f849 83c2 | f84d 8957 | 48e9 d2e9 
  0x0000020851c45af4: ffff 458b | 5a18 4585 | db0f 848f | deff ff4d | 8b57 2849 | 8bcb 4d85 | d20f 843a | 2600 004d 
  0x0000020851c45b14: 8b5f 384b | 894c 13f8 | 4983 c2f8 | 4d89 5728 | e969 deff | ff4c 8b54 | 2460 458b | 5a10 4585 
  0x0000020851c45b34: db0f 84a0 | deff ff4d | 8b57 2849 | 8bcb 4d85 | d20f 84e5 | 2500 004d | 8b5f 384b | 894c 13f8 
  0x0000020851c45b54: 4983 c2f8 | 4d89 5728 | e97a deff | ff4c 8b54 | 2460 458b | 5a0c 4585 | db0f 8473 | deff ff4d 
  0x0000020851c45b74: 8b57 2849 | 8bcb 4d85 | d20f 84e7 | 2500 004d | 8b5f 384b | 894c 13f8 | 4983 c2f8 | 4d89 5728 
  0x0000020851c45b94: e94d deff | ff4c 8b54 | 2460 458b | 5218 4585 | d20f 8440 | e7ff ff4d | 8b5f 2849 | 8bca 4d85 
  0x0000020851c45bb4: db0f 84cc | 2500 004d | 8b57 384b | 894c 1af8 | 4983 c3f8 | 4d89 5f28 | e91a e7ff | ff4d 8b57 
  0x0000020851c45bd4: ;   {no_reloc}
  0x0000020851c45bd4: 484d 8b5f | 58f0 8344 | 24c0 0080 | 3900 0f84 | e8dd ffff | 4488 214d | 85d2 751d | 498b d749 
  0x0000020851c45bf4: ba40 1277 | 55fd 7f00 | 0041 ffd2 

  0x0000020851c45c00: ;   {other}
  0x0000020851c45c00: 0f1f 8400 | 0000 0000 | e9c3 ddff | ff4b 894c | 13f8 4983 | c2f8 4d89 | 5748 e9b1 | ddff ff44 
  0x0000020851c45c20: 8b1b 4585 | db0f 84f6 | d4ff ff4d | 8b57 2849 | 8bcb 4d85 | d20f 8469 | 2500 004d | 8b5f 384b 
  0x0000020851c45c40: 894c 13f8 | 4983 c2f8 | 4d89 5728 | e9d0 d4ff | ff4d 8b57 | 484d 8b5f | 58f0 8344 | 24c0 0080 
  0x0000020851c45c60: 3900 0f84 | efd4 ffff | 4488 214d | 85d2 751d | 498b d749 | ba40 1277 | 55fd 7f00 | 0041 ffd2 
  0x0000020851c45c80: ;   {other}
  0x0000020851c45c80: 0f1f 8400 | 0000 0000 | e9ca d4ff | ff4b 894c | 13f8 4983 | c2f8 4d89 | 5748 e9b8 | d4ff ff33 
  0x0000020851c45ca0: dbe9 7cd5 | ffff 458b | 5d0c 4585 | db0f 8450 | e0ff ff4d | 8b57 2849 | 8bcb 4d85 | d20f 84da 
  0x0000020851c45cc0: 2500 004d | 8b5f 384b | 894c 13f8 | 4983 c2f8 | 4d89 5728 | e92a e0ff | ff45 8b55 | 1045 85d2 
  0x0000020851c45ce0: 0f84 d2df | ffff 4d8b | 5f28 498b | ca4d 85db | 0f84 8a25 | 0000 4d8b | 5738 4b89 | 4c1a f849 
  0x0000020851c45d00: 83c3 f84d | 895f 28e9 | acdf ffff | 4d8b 5748 | 4d8b 5f58 | f083 4424 | c000 8039 | 000f 841d 
  0x0000020851c45d20: e0ff ff44 | 8821 4d85 | d275 1d49 | 8bd7 49ba | 4012 7755 | fd7f 0000 

  0x0000020851c45d38: ;   {other}
  0x0000020851c45d38: 41ff d20f | 1f84 0000 | 0000 00e9 | f8df ffff | 4b89 4c13 | f849 83c2 | f84d 8957 | 48e9 e6df 
  0x0000020851c45d58: ffff 4d8b | 5748 4d8b | 5f58 f083 | 4424 c000 | 8039 000f | 8487 dfff | ff44 8821 | 4d85 d275 
  0x0000020851c45d78: 1d49 8bd7 | 49ba 4012 | 7755 fd7f | 0000 41ff 

  0x0000020851c45d88: ;   {other}
  0x0000020851c45d88: d20f 1f84 | 0000 0000 | 00e9 62df | ffff 4b89 | 4c13 f849 | 83c2 f84d | 8957 48e9 | 50df ffff 
  0x0000020851c45da8: 488b 9424 | 9000 0000 

  0x0000020851c45db0: ;   {optimized virtual_call}
  0x0000020851c45db0: 6666 90e8 

  0x0000020851c45db4: ; ImmutableOopMap {rbp=Oop [32]=Oop [40]=Oop [48]=NarrowOop [52]=NarrowOop [56]=Oop [64]=Oop [72]=Oop [80]=Oop [88]=NarrowOop [92]=NarrowOop [96]=Oop [104]=Oop [112]=NarrowOop [120]=Oop [136]=Oop [144]=Oop [152]=Oop }
                      ;*invokevirtual hashCode {reexecute=0 rethrow=0 return_oop=0}
                      ; - java.util.HashMap::hash@9
                      ; - java.util.HashMap::put@2
                      ; - java.util.HashSet::add@8
                      ; - sun.awt.AWTAutoShutdown::notifyThreadBusy@57
                      ; - java.awt.EventQueue::postEvent@102
                      ; - java.awt.EventQueue::postEventPrivate@76
                      ; - java.awt.EventQueue::postEvent@9
                      ; - sun.awt.PostEventQueue::flush@87
                      ; - sun.awt.SunToolkit::flushPendingEvents@15
                      ; - java.awt.EventQueue::postEvent@4
                      ; - sun.awt.PostEventQueue::flush@87
                      ; - sun.awt.SunToolkit::flushPendingEvents@15
                      ; - java.awt.EventQueue::getNextEvent@4
                      ; - java.awt.EventDispatchThread::pumpOneEventForFilters@20
  0x0000020851c45db4: c890 90ff 

  0x0000020851c45db8: ;   {other}
  0x0000020851c45db8: 0f1f 8400 | a84d 002e | e9a1 e1ff | ff4d 8b97 | b801 0000 | 4d8b da49 | 83c3 284d | 3b9f c801 
  0x0000020851c45dd8: 0000 0f83 | 982e 0000 | 4d89 9fb8 | 0100 0041 | 0f0d 8bc0 | 0000 0049 | c702 0100 | 0000 410f 
  0x0000020851c45df8: 0d8b 0001 

  0x0000020851c45dfc: ;   {metadata('sun/awt/EventQueueItem'[])}
  0x0000020851c45dfc: 0000 41c7 | 4208 4073 | 1301 410f | 0d8b 4001 | 0000 41c7 | 420c 0500 | 0000 410f | 0d8b 8001 
  0x0000020851c45e1c: 0000 4d8b | da49 83c3 | 10c5 fdef | c041 b907 | 0000 00c4 | c178 92f9 | 62d1 fe2f | 7f03 498b 
  0x0000020851c45e3c: da41 807f | 4000 0f85 | 3020 0000 | 4c8b 9424 | 8000 0000 | 4c8b c34c | 8b9c 2480 | 0000 0045 
  0x0000020851c45e5c: 8983 c400 | 0000 4c8b | db4d 33da | 49c1 eb14 | 4d85 db74 | 1a49 c1ea | 0948 b900 | 00f0 5808 
  0x0000020851c45e7c: 0200 0049 | 03ca 8039 | 020f 852b | 2000 0048 | 8beb e969 

  0x0000020851c45e90: ;   {metadata('java/util/concurrent/locks/AbstractQueuedSynchronizer$ConditionNode')}
  0x0000020851c45e90: d2ff ff48 | bab8 b71b | 0008 0200 

  0x0000020851c45e9c: ;   {runtime_call _new_instance_Java}
  0x0000020851c45e9c: 0066 90e8 

  0x0000020851c45ea0: ; ImmutableOopMap {rbp=NarrowOop [32]=Oop [40]=Oop [48]=NarrowOop [56]=Oop [76]=NarrowOop [80]=Oop }
                      ;*new {reexecute=0 rethrow=0 return_oop=1}
                      ; - java.util.concurrent.locks.AbstractQueuedSynchronizer$ConditionObject::newConditionNode@10
                      ; - java.util.concurrent.locks.AbstractQueuedSynchronizer$ConditionObject::await@15
                      ; - java.awt.EventQueue::getNextEvent@52
                      ; - java.awt.EventDispatchThread::pumpOneEventForFilters@20
  0x0000020851c45ea0: dc92 9eff 

  0x0000020851c45ea4: ;   {other}
  0x0000020851c45ea4: 0f1f 8400 | 944e 002f | e91d caff | ff44 8b5f | 1045 85db | 0f84 02e8 | ffff 4d8b | 5728 498b 
  0x0000020851c45ec4: cb4d 85d2 | 0f84 5627 | 0000 4d8b | 5f38 4b89 | 4c13 f849 | 83c2 f84d | 8957 28e9 | dce7 ffff 
  0x0000020851c45ee4: 448b 5710 | 4585 d20f | 8430 e8ff | ff4d 8b5f | 2849 8bca | 4d85 db0f | 8440 2700 | 004d 8b57 
  0x0000020851c45f04: 384b 894c | 1af8 4983 | c3f8 4d89 | 5f28 e90a | e8ff ff4d | 8b57 484d | 8b5f 58f0 | 8344 24c0 
  0x0000020851c45f24: 0080 3900 | 742f 4488 | 214d 85d2 | 740f 4b89 | 4c13 f849 | 83c2 f84d | 8957 48eb | 1849 8bd7 
  0x0000020851c45f44: 49ba 4012 | 7755 fd7f | 0000 41ff 

  0x0000020851c45f50: ;   {other}
  0x0000020851c45f50: d20f 1f84 | 0000 0000 | 0044 8b5c | 2458 418b | 6b20 85ed | 0f85 8de7 | ffff baf6 | ffff ff48 
  0x0000020851c45f70: 8b6c 2428 | 448b 5c24 | 3044 895c | 2424 4c8b | 5424 404c | 8954 2428 

  0x0000020851c45f88: ;   {runtime_call UncommonTrapBlob}
  0x0000020851c45f88: 6666 90e8 

  0x0000020851c45f8c: ; ImmutableOopMap {rbp=Oop [36]=NarrowOop [40]=Oop [72]=Oop [80]=Oop [88]=NarrowOop }
                      ;*aaload {reexecute=0 rethrow=0 return_oop=0}
                      ; - java.awt.EventQueue::postEvent@152
                      ; - java.awt.EventQueue::postEventPrivate@76
                      ; - java.awt.EventQueue::postEvent@9
                      ; - sun.awt.PostEventQueue::flush@87
                      ; - sun.awt.SunToolkit::flushPendingEvents@15
                      ; - java.awt.EventQueue::getNextEvent@4
                      ; - java.awt.EventDispatchThread::pumpOneEventForFilters@20
  0x0000020851c45f8c: 701d 91ff 

  0x0000020851c45f90: ;   {other}
  0x0000020851c45f90: 0f1f 8400 | 804f 0030 | 448b 1345 | 85d2 0f84 | f8db ffff | 4d8b 5f28 | 498b ca4d | 85db 0f84 
  0x0000020851c45fb0: 2428 0000 | 4d8b 5738 | 4b89 4c1a | f849 83c3 | f84d 895f | 28e9 d2db | ffff 4d8b | 5748 4d8b 
  0x0000020851c45fd0: 5f58 f083 | 4424 c000 | 8039 000f | 84f7 dbff | ff44 8821 | 4d85 d275 | 1d49 8bd7 | 49ba 4012 
  0x0000020851c45ff0: 7755 fd7f | 0000 41ff 

  0x0000020851c45ff8: ;   {other}
  0x0000020851c45ff8: d20f 1f84 | 0000 0000 | 00e9 d2db | ffff 4b89 | 4c13 f849 | 83c2 f84d | 8957 48e9 | c0db ffff 
  0x0000020851c46018: 33db e98e 

  0x0000020851c4601c: ;   {metadata('sun/awt/EventQueueItem')}
  0x0000020851c4601c: dcff ff48 | ba10 5913 | 0108 0200 | 0048 8b6c 

  0x0000020851c4602c: ;   {runtime_call _new_instance_Java}
  0x0000020851c4602c: 2428 90e8 

  0x0000020851c46030: ; ImmutableOopMap {rbp=Oop [32]=Oop [40]=Oop [48]=NarrowOop [52]=NarrowOop [56]=Oop [64]=Oop [72]=Oop [80]=Oop [88]=NarrowOop [92]=NarrowOop [104]=Oop [136]=NarrowOop }
                      ;*new {reexecute=0 rethrow=0 return_oop=1}
                      ; - java.awt.EventQueue::postEvent@10
                      ; - java.awt.EventQueue::postEventPrivate@76
                      ; - java.awt.EventQueue::postEvent@9
                      ; - sun.awt.PostEventQueue::flush@87
                      ; - sun.awt.SunToolkit::flushPendingEvents@15
                      ; - java.awt.EventQueue::getNextEvent@4
                      ; - java.awt.EventDispatchThread::pumpOneEventForFilters@20
  0x0000020851c46030: 4c91 9eff 

  0x0000020851c46034: ;   {other}
  0x0000020851c46034: 0f1f 8400 | 2450 0031 | 4c8b d8e9 | 1fd0 ffff | 4c8b 5c24 | 20e9 d9be | ffff 4533 | db44 895c 
  0x0000020851c46054: 2470 e929 | cfff ff4d | 8b97 b801 | 0000 4d8b | da49 83c3 | 284d 3b9f | c801 0000 | 0f83 7e2e 
  0x0000020851c46074: 0000 4d89 | 9fb8 0100 | 0041 0f0d | 8bc0 0000 | 0049 c702 | 0100 0000 | 410f 0d8b | 0001 0000 
  0x0000020851c46094: ;   {metadata('sun/awt/EventQueueItem'[])}
  0x0000020851c46094: 41c7 4208 | 4073 1301 | 410f 0d8b | 4001 0000 | 41c7 420c | 0500 0000 | 410f 0d8b | 8001 0000 
  0x0000020851c460b4: 4d8b da49 | 83c3 10c5 | fdef c041 | b807 0000 | 00c4 c178 | 92f8 62d1 | fe2f 7f03 | 498b da41 
  0x0000020851c460d4: 807f 4000 | 0f85 8025 | 0000 4c8b | 9424 a000 | 0000 4c8b | db4c 8b84 | 24a0 0000 | 0045 8998 
  0x0000020851c460f4: c400 0000 | 4c8b db4d | 33da 49c1 | eb14 4d85 | db74 1a49 | c1ea 0948 | b900 00f0 | 5808 0200 
  0x0000020851c46114: 0049 03ca | 8039 020f | 857b 2500 | 0048 8beb | e94b daff | ff44 8b57 | 1045 85d2 | 0f84 77e7 
  0x0000020851c46134: ffff 4d8b | 5f28 498b | ca4d 85db | 0f84 7a29 | 0000 4d8b | 5738 4b89 | 4c1a f849 | 83c3 f84d 
  0x0000020851c46154: 895f 28e9 | 51e7 ffff | 448b 5b10 | 4585 db0f | 84ae e7ff | ff4d 8b57 | 2849 8bcb | 4d85 d20f 
  0x0000020851c46174: 8464 2900 | 004d 8b5f | 384b 894c | 13f8 4983 | c2f8 4d89 | 5728 e988 | e7ff ff4d 

  0x0000020851c46190: ;   {no_reloc}
  0x0000020851c46190: 8b57 484d | 8b5f 58f0 | 8344 24c0 | 0080 3900 | 742f 4488 | 214d 85d2 | 740f 4b89 | 4c13 f849 
  0x0000020851c461b0: 83c2 f84d | 8957 48eb | 1849 8bd7 | 49ba 4012 | 7755 fd7f | 0000 41ff 

  0x0000020851c461c8: ;   {other}
  0x0000020851c461c8: d20f 1f84 | 0000 0000 | 0044 8b54 | 2470 418b | 6a20 85ed | 0f85 08e7 | ffff baf6 | ffff ff48 
  0x0000020851c461e8: 8b6c 2428 | 448b 5c24 | 3044 895c | 2424 4c8b | 5424 404c | 8954 2428 | 4c8b 5424 | 504c 8954 
  0x0000020851c46208: 2430 4c8b | 5424 484c | 8954 2438 | 448b 5c24 | 5844 895c | 2440 448b | 5424 5c44 | 8954 2444 
  0x0000020851c46228: 4c8b 5424 | 604c 8954 

  0x0000020851c46230: ;   {runtime_call UncommonTrapBlob}
  0x0000020851c46230: 2450 90e8 

  0x0000020851c46234: ; ImmutableOopMap {rbp=Oop [36]=NarrowOop [40]=Oop [48]=Oop [56]=Oop [64]=NarrowOop [68]=NarrowOop [80]=Oop [104]=Oop [112]=NarrowOop }
                      ;*aaload {reexecute=0 rethrow=0 return_oop=0}
                      ; - java.awt.EventQueue::postEvent@152
                      ; - java.awt.EventQueue::postEventPrivate@76
                      ; - java.awt.EventQueue::postEvent@9
                      ; - sun.awt.PostEventQueue::flush@87
                      ; - sun.awt.SunToolkit::flushPendingEvents@15
                      ; - java.awt.EventQueue::postEvent@4
                      ; - sun.awt.PostEventQueue::flush@87
                      ; - sun.awt.SunToolkit::flushPendingEvents@15
                      ; - java.awt.EventQueue::getNextEvent@4
                      ; - java.awt.EventDispatchThread::pumpOneEventForFilters@20
  0x0000020851c46234: c81a 91ff 

  0x0000020851c46238: ;   {other}
  0x0000020851c46238: 0f1f 8400 | 2852 0032 | 4180 7f40 | 000f 855d | 2700 004c | 8b94 24a0 | 0000 0041 | 895a 184c 
  0x0000020851c46258: 8bdb 4d33 | da49 c1eb | 144d 85db | 741e 85db | 741a 49c1 | ea09 48b9 | 0000 f058 | 0802 0000 
  0x0000020851c46278: 4903 ca80 | 3902 0f85 | 5727 0000 | 4889 ac24 | a000 0000 | e9f1 c3ff 

  0x0000020851c46290: ;   {metadata('sun/awt/EventQueueItem')}
  0x0000020851c46290: ff48 ba10 | 5913 0108 | 0200 0048 | 8b6c 2428 

  0x0000020851c462a0: ;   {runtime_call _new_instance_Java}
  0x0000020851c462a0: 6666 90e8 

  0x0000020851c462a4: ; ImmutableOopMap {rbp=Oop [32]=Oop [40]=Oop [48]=NarrowOop [52]=NarrowOop [56]=Oop [64]=Oop [72]=Oop [80]=Oop [88]=NarrowOop [92]=NarrowOop [96]=Oop [104]=Oop [112]=NarrowOop [116]=NarrowOop [120]=Oop [136]=Oop [176]=NarrowOop }
                      ;*new {reexecute=0 rethrow=0 return_oop=1}
                      ; - java.awt.EventQueue::postEvent@10
                      ; - java.awt.EventQueue::postEventPrivate@76
                      ; - java.awt.EventQueue::postEvent@9
                      ; - sun.awt.PostEventQueue::flush@87
                      ; - sun.awt.SunToolkit::flushPendingEvents@15
                      ; - java.awt.EventQueue::postEvent@4
                      ; - sun.awt.PostEventQueue::flush@87
                      ; - sun.awt.SunToolkit::flushPendingEvents@15
                      ; - java.awt.EventQueue::getNextEvent@4
                      ; - java.awt.EventDispatchThread::pumpOneEventForFilters@20
  0x0000020851c462a4: d88e 9eff 

  0x0000020851c462a8: ;   {other}
  0x0000020851c462a8: 0f1f 8400 | 9852 0033 | 4c8b c0e9 | 5ee3 ffff | 488b 5424 

  0x0000020851c462bc: ;   {optimized virtual_call}
  0x0000020851c462bc: 7066 90e8 

  0x0000020851c462c0: ; ImmutableOopMap {rbp=Oop [32]=Oop [40]=Oop [48]=NarrowOop [52]=NarrowOop [56]=Oop [64]=Oop [72]=Oop [80]=Oop [88]=NarrowOop [104]=Oop [112]=Oop [120]=Oop }
                      ;*invokevirtual hashCode {reexecute=0 rethrow=0 return_oop=0}
                      ; - java.util.HashMap::hash@9
                      ; - java.util.HashMap::put@2
                      ; - java.util.HashSet::add@8
                      ; - sun.awt.AWTAutoShutdown::notifyThreadBusy@57
                      ; - java.awt.EventQueue::postEvent@102
                      ; - java.awt.EventQueue::postEventPrivate@76
                      ; - java.awt.EventQueue::postEvent@9
                      ; - sun.awt.PostEventQueue::flush@87
                      ; - sun.awt.SunToolkit::flushPendingEvents@15
                      ; - java.awt.EventQueue::getNextEvent@4
                      ; - java.awt.EventDispatchThread::pumpOneEventForFilters@20
  0x0000020851c462c0: bc8b 90ff 

  0x0000020851c462c4: ;   {other}
  0x0000020851c462c4: 0f1f 8400 | b452 0034 | e9f5 e7ff | ff45 33db | 4489 9c24 | 9800 0000 | e940 e2ff | ff81 fd20 
  0x0000020851c462e4: 0300 000f | 855f 2e00 | 0033 ede9 | cfe8 ffff | 488b 9424 | 9000 0000 

  0x0000020851c462fc: ;   {optimized virtual_call}
  0x0000020851c462fc: 6666 90e8 

  0x0000020851c46300: ; ImmutableOopMap {rbp=Oop [32]=Oop [40]=Oop [48]=NarrowOop [52]=NarrowOop [56]=Oop [64]=Oop [72]=Oop [80]=Oop [88]=NarrowOop [92]=NarrowOop [96]=Oop [104]=Oop [112]=NarrowOop [120]=Oop [136]=Oop [144]=Oop [152]=Oop }
                      ;*invokevirtual hashCode {reexecute=0 rethrow=0 return_oop=0}
                      ; - java.util.HashMap::hash@9
                      ; - java.util.HashMap::put@2
                      ; - java.util.HashSet::add@8
                      ; - sun.awt.AWTAutoShutdown::notifyThreadBusy@57
                      ; - java.awt.EventQueue::postEvent@102
                      ; - java.awt.EventQueue::postEventPrivate@76
                      ; - java.awt.EventQueue::postEvent@9
                      ; - sun.awt.PostEventQueue::flush@87
                      ; - sun.awt.SunToolkit::flushPendingEvents@15
                      ; - java.awt.EventQueue::postEvent@4
                      ; - sun.awt.PostEventQueue::flush@87
                      ; - sun.awt.SunToolkit::flushPendingEvents@15
                      ; - java.awt.EventQueue::getNextEvent@4
                      ; - java.awt.EventDispatchThread::pumpOneEventForFilters@20
  0x0000020851c46300: 7c8b 90ff 

  0x0000020851c46304: ;   {other}
  0x0000020851c46304: 0f1f 8400 | f452 0035 | e9be e9ff | ff81 fd20 | 0300 000f | 85d7 2e00 | 0033 ede9 | d1ea ffff 
  0x0000020851c46324: 448b 5d10 | 4585 db0f | 84e9 edff | ff4d 8b57 | 2849 8bcb | 4d85 d20f | 847b 2d00 | 004d 8b5f 
  0x0000020851c46344: 384b 894c | 13f8 4983 | c2f8 4d89 | 5728 e9c3 | edff ff4d | 8b57 484d | 8b5f 58f0 | 8344 24c0 
  0x0000020851c46364: 0080 3900 | 0f84 fdec | ffff 4488 | 214d 85d2 | 751d 498b | d749 ba40 | 1277 55fd | 7f00 0041 
  0x0000020851c46384: ;   {other}
  0x0000020851c46384: ffd2 0f1f | 8400 0000 | 0000 e9d8 | ecff ff4b | 894c 13f8 | 4983 c2f8 | 4d89 5748 | e9c6 ecff 
  0x0000020851c463a4: ffba 76ff | ffff 488b | 6c24 2889 | 5c24 2489 

  0x0000020851c463b4: ;   {runtime_call UncommonTrapBlob}
  0x0000020851c463b4: 5c24 28e8 

  0x0000020851c463b8: ; ImmutableOopMap {rbp=Oop [36]=NarrowOop [40]=NarrowOop }
                      ;*iflt {reexecute=1 rethrow=0 return_oop=0}
                      ; - (reexecute) java.awt.EventQueue::getNextEventPrivate@3
                      ; - java.awt.EventQueue::getNextEvent@17
                      ; - java.awt.EventDispatchThread::pumpOneEventForFilters@20
  0x0000020851c463b8: 4419 91ff 

  0x0000020851c463bc: ;   {other}
  0x0000020851c463bc: 0f1f 8400 | ac53 0036 | bae4 ffff | ff48 8b6c | 2428 895c | 2424 895c | 2428 8974 

  0x0000020851c463d8: ;   {runtime_call UncommonTrapBlob}
  0x0000020851c463d8: 242c 90e8 

  0x0000020851c463dc: ; ImmutableOopMap {rbp=Oop [36]=NarrowOop [40]=NarrowOop [44]=NarrowOop }
                      ;*aaload {reexecute=0 rethrow=0 return_oop=0}
                      ; - java.awt.EventQueue::getNextEventPrivate@11
                      ; - java.awt.EventQueue::getNextEvent@17
                      ; - java.awt.EventDispatchThread::pumpOneEventForFilters@20
  0x0000020851c463dc: 2019 91ff 

  0x0000020851c463e0: ;   {other}
  0x0000020851c463e0: 0f1f 8400 | d053 0037 | baf6 ffff | ff89 7c24 

  0x0000020851c463f0: ;   {runtime_call UncommonTrapBlob}
  0x0000020851c463f0: 2466 90e8 

  0x0000020851c463f4: ; ImmutableOopMap {rbp=Oop [36]=NarrowOop }
                      ;*invokevirtual get {reexecute=0 rethrow=0 return_oop=0}
                      ; - sun.awt.SunToolkit::flushPendingEvents@3
                      ; - java.awt.EventQueue::getNextEvent@4
                      ; - java.awt.EventDispatchThread::pumpOneEventForFilters@20
  0x0000020851c463f4: 0819 91ff 

  0x0000020851c463f8: ;   {other}
  0x0000020851c463f8: 0f1f 8400 | e853 0038 | baf6 ffff | ff48 8b6c | 2428 895c 

  0x0000020851c4640c: ;   {runtime_call UncommonTrapBlob}
  0x0000020851c4640c: 2424 90e8 

  0x0000020851c46410: ; ImmutableOopMap {rbp=Oop [36]=NarrowOop [48]=NarrowOop }
                      ;*invokevirtual lock {reexecute=0 rethrow=0 return_oop=0}
                      ; - java.util.concurrent.locks.ReentrantLock::lock@4
                      ; - java.awt.EventQueue::getNextEvent@11
                      ; - java.awt.EventDispatchThread::pumpOneEventForFilters@20
  0x0000020851c46410: ec18 91ff 

  0x0000020851c46414: ;   {other}
  0x0000020851c46414: 0f1f 8400 | 0454 0039 | 4889 7424 | 384c 8d84 | 24e0 0000 

  0x0000020851c46428: ;   {runtime_call _complete_monitor_locking_Java}
  0x0000020851c46428: 0066 90e8 

  0x0000020851c4642c: ; ImmutableOopMap {rbp=Oop [56]=Oop }
                      ;*synchronization entry
                      ; - java.awt.EventDispatchThread::getEventQueue@-1
                      ; - java.awt.EventDispatchThread::pumpOneEventForFilters@8
  0x0000020851c4642c: 50fd 9eff 

  0x0000020851c46430: ;   {other}
  0x0000020851c46430: 0f1f 8400 | 2054 003a | 488b 7424 | 38e9 79b6 | ffff 488b | cd48 8d94 | 24e0 0000 | 004d 8bc7 
  0x0000020851c46450: 49ba 702f | b855 fd7f | 0000 41ff 

  0x0000020851c4645c: ;   {other}
  0x0000020851c4645c: d20f 1f84 | 0000 0000 | 00e9 f1b6 | ffff 488b | ef48 8bd7 | 4c8d 8424 | e000 0000 

  0x0000020851c46478: ;   {runtime_call _complete_monitor_locking_Java}
  0x0000020851c46478: 6666 90e8 

  0x0000020851c4647c: ; ImmutableOopMap {rbp=Oop [32]=Oop [40]=Oop [48]=NarrowOop [56]=Oop }
                      ;*monitorenter {reexecute=0 rethrow=0 return_oop=0}
                      ; - sun.awt.PostEventQueue::flush@7
                      ; - sun.awt.SunToolkit::flushPendingEvents@15
                      ; - java.awt.EventQueue::getNextEvent@4
                      ; - java.awt.EventDispatchThread::pumpOneEventForFilters@20
  0x0000020851c4647c: 00fd 9eff 

  0x0000020851c46480: ;   {other}
  0x0000020851c46480: 0f1f 8400 | 7054 003b | 488b fde9 | 97b7 ffff | bade ffff | ff48 8b6c | 2428 895c | 2424 4489 
  0x0000020851c464a0: ;   {runtime_call UncommonTrapBlob}
  0x0000020851c464a0: 5424 28e8 

  0x0000020851c464a4: ; ImmutableOopMap {rbp=Oop [36]=NarrowOop [40]=NarrowOop [48]=NarrowOop }
                      ;*invokeinterface lock {reexecute=0 rethrow=0 return_oop=0}
                      ; - java.awt.EventQueue::getNextEvent@11
                      ; - java.awt.EventDispatchThread::pumpOneEventForFilters@20
  0x0000020851c464a4: 5818 91ff 

  0x0000020851c464a8: ;   {other}
  0x0000020851c464a8: 0f1f 8400 | 9854 003c | bade ffff | ff48 8b6c | 2428 895c | 2420 8974 | 2424 4489 

  0x0000020851c464c4: ;   {runtime_call UncommonTrapBlob}
  0x0000020851c464c4: 5c24 28e8 

  0x0000020851c464c8: ; ImmutableOopMap {rbp=Oop [32]=NarrowOop [36]=NarrowOop [40]=NarrowOop }
                      ;*invokeinterface unlock {reexecute=0 rethrow=0 return_oop=0}
                      ; - java.awt.EventQueue::getNextEvent@31
                      ; - java.awt.EventDispatchThread::pumpOneEventForFilters@20
  0x0000020851c464c8: 3418 91ff 

  0x0000020851c464cc: ;   {other}
  0x0000020851c464cc: 0f1f 8400 | bc54 003d | baf6 ffff | ff48 8b6c | 2428 895c | 2424 4489 

  0x0000020851c464e4: ;   {runtime_call UncommonTrapBlob}
  0x0000020851c464e4: 5c24 28e8 

  0x0000020851c464e8: ; ImmutableOopMap {rbp=Oop [36]=NarrowOop [40]=NarrowOop }
                      ;*monitorenter {reexecute=0 rethrow=0 return_oop=0}
                      ; - sun.awt.AWTAutoShutdown::notifyThreadFree@11
                      ; - java.awt.EventQueue::getNextEvent@45
                      ; - java.awt.EventDispatchThread::pumpOneEventForFilters@20
  0x0000020851c464e8: 1418 91ff 

  0x0000020851c464ec: ;   {other}
  0x0000020851c464ec: 0f1f 8400 | dc54 003e | baf6 ffff | ff48 8b6c | 2428 448b | 5c24 4c44 | 895c 2424 | 448b 5424 
  0x0000020851c4650c: 5044 8954 

  0x0000020851c46510: ;   {runtime_call UncommonTrapBlob}
  0x0000020851c46510: 2430 90e8 

  0x0000020851c46514: ; ImmutableOopMap {rbp=Oop [36]=NarrowOop [48]=NarrowOop [76]=NarrowOop [80]=NarrowOop [88]=NarrowOop }
                      ;*monitorenter {reexecute=0 rethrow=0 return_oop=0}
                      ; - sun.awt.AWTAutoShutdown::notifyThreadFree@18
                      ; - java.awt.EventQueue::getNextEvent@45
                      ; - java.awt.EventDispatchThread::pumpOneEventForFilters@20
  0x0000020851c46514: e817 91ff 

  0x0000020851c46518: ;   {other}
  0x0000020851c46518: 0f1f 8400 | 0855 003f | baf6 ffff | ff48 8b6c | 2428 4489 | 5c24 244c | 8944 2430 

  0x0000020851c46534: ;   {runtime_call UncommonTrapBlob}
  0x0000020851c46534: 6666 90e8 

  0x0000020851c46538: ; ImmutableOopMap {rbp=Oop [36]=NarrowOop [48]=Oop [76]=NarrowOop }
                      ;*invokevirtual tryInitializeHead {reexecute=0 rethrow=0 return_oop=0}
                      ; - java.util.concurrent.locks.AbstractQueuedSynchronizer$ConditionObject::newConditionNode@4
                      ; - java.util.concurrent.locks.AbstractQueuedSynchronizer$ConditionObject::await@15
                      ; - java.awt.EventQueue::getNextEvent@52
                      ; - java.awt.EventDispatchThread::pumpOneEventForFilters@20
  0x0000020851c46538: c417 91ff 

  0x0000020851c4653c: ;   {other}
  0x0000020851c4653c: 0f1f 8400 | 2c55 0040 | ba45 ffff | ff48 8b6c | 2428 4c8b | 5424 584c | 8954 2438 

  0x0000020851c46558: ;   {runtime_call UncommonTrapBlob}
  0x0000020851c46558: 6666 90e8 

  0x0000020851c4655c: ; ImmutableOopMap {rbp=Oop [56]=Oop [76]=NarrowOop [80]=Oop [88]=Oop }
                      ;*ifeq {reexecute=1 rethrow=0 return_oop=0}
                      ; - (reexecute) java.util.concurrent.locks.AbstractQueuedSynchronizer$ConditionObject::enableWait@65
                      ; - java.util.concurrent.locks.AbstractQueuedSynchronizer$ConditionObject::await@26
                      ; - java.awt.EventQueue::getNextEvent@52
                      ; - java.awt.EventDispatchThread::pumpOneEventForFilters@20
  0x0000020851c4655c: a017 91ff 

  0x0000020851c46560: ;   {other}
  0x0000020851c46560: 0f1f 8400 | 5055 0041 | ba76 ffff | ff48 8b6c 

  0x0000020851c46570: ;   {runtime_call UncommonTrapBlob}
  0x0000020851c46570: 2428 90e8 

  0x0000020851c46574: ; ImmutableOopMap {rbp=Oop [76]=NarrowOop [80]=Oop [88]=Oop }
                      ;*aload_0 {reexecute=0 rethrow=0 return_oop=0}
                      ; - java.util.concurrent.locks.AbstractQueuedSynchronizer$ConditionObject::await@42
                      ; - java.awt.EventQueue::getNextEvent@52
                      ; - java.awt.EventDispatchThread::pumpOneEventForFilters@20
  0x0000020851c46574: 8817 91ff 

  0x0000020851c46578: ;   {other}
  0x0000020851c46578: 0f1f 8400 | 6855 0042 | baf6 ffff | ff4c 8b5c | 2428 4c89 | 5c24 204c | 8b54 2458 | 4c89 5424 
  0x0000020851c46598: ;   {runtime_call UncommonTrapBlob}
  0x0000020851c46598: 4066 90e8 

  0x0000020851c4659c: ; ImmutableOopMap {[32]=Oop [64]=Oop [76]=NarrowOop [80]=Oop [88]=Oop }
                      ;*invokevirtual acquire {reexecute=0 rethrow=0 return_oop=0}
                      ; - java.util.concurrent.locks.AbstractQueuedSynchronizer$ConditionObject::await@152
                      ; - java.awt.EventQueue::getNextEvent@52
                      ; - java.awt.EventDispatchThread::pumpOneEventForFilters@20
  0x0000020851c4659c: 6017 91ff 

  0x0000020851c465a0: ;   {other}
  0x0000020851c465a0: 0f1f 8400 | 9055 0043 | 4889 ac24 | a000 0000 | ba45 ffff | ff48 8b6c | 2428 448b | 5c24 4c44 
  0x0000020851c465c0: 895c 2424 | 448b 5c24 | 5044 8b54 | 2454 4489 | 5c24 3044 | 8954 2434 

  0x0000020851c465d8: ;   {runtime_call UncommonTrapBlob}
  0x0000020851c465d8: 6666 90e8 

  0x0000020851c465dc: ; ImmutableOopMap {rbp=Oop [36]=NarrowOop [48]=NarrowOop [52]=NarrowOop [80]=NarrowOop [84]=NarrowOop [92]=NarrowOop [120]=Oop [160]=Oop }
                      ;*ifeq {reexecute=1 rethrow=0 return_oop=0}
                      ; - (reexecute) java.util.HashMap::removeNode@211
                      ; - java.util.HashMap::remove@9
                      ; - java.util.HashSet::remove@5
                      ; - sun.awt.AWTAutoShutdown::notifyThreadFree@24
                      ; - java.awt.EventQueue::getNextEvent@45
                      ; - java.awt.EventDispatchThread::pumpOneEventForFilters@20
  0x0000020851c465dc: 2017 91ff 

  0x0000020851c465e0: ;   {other}
  0x0000020851c465e0: 0f1f 8400 | d055 0044 | 498b d34c | 8d84 24e0 | 0000 0048 | 8b6c 2428 

  0x0000020851c465f8: ;   {runtime_call _complete_monitor_locking_Java}
  0x0000020851c465f8: 6666 90e8 

  0x0000020851c465fc: ; ImmutableOopMap {rbp=Oop [32]=Oop [40]=Oop [48]=NarrowOop [56]=Oop [76]=NarrowOop [80]=NarrowOop [88]=NarrowOop [96]=Oop [104]=Oop }
                      ;*monitorenter {reexecute=0 rethrow=0 return_oop=0}
                      ; - sun.awt.AWTAutoShutdown::notifyThreadFree@11
                      ; - java.awt.EventQueue::getNextEvent@45
                      ; - java.awt.EventDispatchThread::pumpOneEventForFilters@20
  0x0000020851c465fc: 80fb 9eff 

  0x0000020851c46600: ;   {other}
  0x0000020851c46600: 0f1f 8400 | f055 0045 | e95f beff | ff48 8bd5 | 4c8d 8424 | e800 0000 | 488b 6c24 

  0x0000020851c4661c: ;   {runtime_call _complete_monitor_locking_Java}
  0x0000020851c4661c: 2866 90e8 

  0x0000020851c46620: ; ImmutableOopMap {rbp=Oop [32]=Oop [40]=Oop [48]=NarrowOop [56]=Oop [76]=NarrowOop [80]=NarrowOop [84]=NarrowOop [88]=NarrowOop [96]=Oop [104]=Oop [112]=Oop }
                      ;*monitorenter {reexecute=0 rethrow=0 return_oop=0}
                      ; - sun.awt.AWTAutoShutdown::notifyThreadFree@18
                      ; - java.awt.EventQueue::getNextEvent@45
                      ; - java.awt.EventDispatchThread::pumpOneEventForFilters@20
  0x0000020851c46620: 5cfb 9eff 

  0x0000020851c46624: ;   {other}
  0x0000020851c46624: 0f1f 8400 | 1456 0046 | e9cd beff | ffba deff | ffff 488b | 6c24 2844 | 8b44 244c | 4489 4424 
  0x0000020851c46644: 2444 8b44 | 2450 448b | 5c24 5444 | 895c 242c | 4489 5424 | 3044 8944 

  0x0000020851c4665c: ;   {runtime_call UncommonTrapBlob}
  0x0000020851c4665c: 2438 90e8 

  0x0000020851c46660: ; ImmutableOopMap {rbp=Oop [36]=NarrowOop [44]=NarrowOop [48]=NarrowOop [56]=NarrowOop [76]=NarrowOop [80]=NarrowOop [88]=NarrowOop }
                      ;*invokeinterface remove {reexecute=0 rethrow=0 return_oop=0}
                      ; - sun.awt.AWTAutoShutdown::notifyThreadFree@24
                      ; - java.awt.EventQueue::getNextEvent@45
                      ; - java.awt.EventDispatchThread::pumpOneEventForFilters@20
  0x0000020851c46660: 9c16 91ff 

  0x0000020851c46664: ;   {other}
  0x0000020851c46664: 0f1f 8400 | 5456 0047 | bade ffff | ff48 8b6c | 2428 448b | 5424 4c44 | 8954 2424 | 448b 5424 
  0x0000020851c46684: 5044 8b44 | 2454 4489 | 5424 3044 | 8944 2434 | 4489 5c24 

  0x0000020851c46698: ;   {runtime_call UncommonTrapBlob}
  0x0000020851c46698: 3866 90e8 

  0x0000020851c4669c: ; ImmutableOopMap {rbp=Oop [36]=NarrowOop [48]=NarrowOop [52]=NarrowOop [56]=NarrowOop [76]=NarrowOop [80]=NarrowOop [84]=NarrowOop [88]=NarrowOop }
                      ;*invokevirtual remove {reexecute=0 rethrow=0 return_oop=0}
                      ; - java.util.HashSet::remove@5
                      ; - sun.awt.AWTAutoShutdown::notifyThreadFree@24
                      ; - java.awt.EventQueue::getNextEvent@45
                      ; - java.awt.EventDispatchThread::pumpOneEventForFilters@20
  0x0000020851c4669c: 6016 91ff 

  0x0000020851c466a0: ;   {other}
  0x0000020851c466a0: 0f1f 8400 | 9056 0048 | 4d8b d349 | 8bca 488d | 9424 e800 | 0000 4d8b | c749 ba70 | 2fb8 55fd 
  0x0000020851c466c0: 7f00 0041 

  0x0000020851c466c4: ;   {other}
  0x0000020851c466c4: ffd2 0f1f | 8400 0000 | 0000 e9b5 | c0ff ff4d | 8bd3 498b | ca48 8d94 | 24e0 0000 | 004d 8bc7 
  0x0000020851c466e4: 49ba 702f | b855 fd7f | 0000 41ff 

  0x0000020851c466f0: ;   {other}
  0x0000020851c466f0: d20f 1f84 | 0000 0000 | 00e9 2ac1 | ffff bade | ffff ff48 | 8b6c 2428 | 4489 5c24 | 2444 8944 
  0x0000020851c46710: ;   {runtime_call UncommonTrapBlob}
  0x0000020851c46710: 2428 90e8 

  0x0000020851c46714: ; ImmutableOopMap {rbp=Oop [36]=NarrowOop [40]=NarrowOop [76]=NarrowOop }
                      ;*invokeinterface await {reexecute=0 rethrow=0 return_oop=0}
                      ; - java.awt.EventQueue::getNextEvent@52
                      ; - java.awt.EventDispatchThread::pumpOneEventForFilters@20
  0x0000020851c46714: e815 91ff 

  0x0000020851c46718: ;   {other}
  0x0000020851c46718: 0f1f 8400 | 0857 0049 | bade ffff | ff4c 8b5c | 2428 4c89 | 5c24 2044 | 8b5c 244c | 4489 5c24 
  0x0000020851c46738: 2c4c 8b5c | 2450 4c89 | 5c24 404c | 8954 2448 

  0x0000020851c46748: ;   {runtime_call UncommonTrapBlob}
  0x0000020851c46748: 6666 90e8 

  0x0000020851c4674c: ; ImmutableOopMap {rbp=NarrowOop [32]=Oop [44]=NarrowOop [64]=Oop [72]=Oop [80]=Oop }
                      ;*invokevirtual isHeldExclusively {reexecute=0 rethrow=0 return_oop=0}
                      ; - java.util.concurrent.locks.AbstractQueuedSynchronizer$ConditionObject::enableWait@4
                      ; - java.util.concurrent.locks.AbstractQueuedSynchronizer$ConditionObject::await@26
                      ; - java.awt.EventQueue::getNextEvent@52
                      ; - java.awt.EventDispatchThread::pumpOneEventForFilters@20
  0x0000020851c4674c: b015 91ff 

  0x0000020851c46750: ;   {other}
  0x0000020851c46750: 0f1f 8400 | 4057 004a | bad6 ffff | ff48 8b6c | 2428 448b | 5c24 4c44 | 895c 2424 | 448b 5424 
  0x0000020851c46770: 5044 8954 | 2428 448b | 5424 5444 | 8954 2434 | 895c 2450 

  0x0000020851c46784: ;   {runtime_call UncommonTrapBlob}
  0x0000020851c46784: 6666 90e8 

  0x0000020851c46788: ; ImmutableOopMap {rbp=Oop [36]=NarrowOop [40]=NarrowOop [52]=NarrowOop [80]=NarrowOop [84]=NarrowOop [92]=NarrowOop [120]=Oop [160]=Oop }
                      ;*aastore {reexecute=1 rethrow=0 return_oop=0}
                      ; - (reexecute) java.util.HashMap::removeNode@246
                      ; - java.util.HashMap::remove@9
                      ; - java.util.HashSet::remove@5
                      ; - sun.awt.AWTAutoShutdown::notifyThreadFree@24
                      ; - java.awt.EventQueue::getNextEvent@45
                      ; - java.awt.EventDispatchThread::pumpOneEventForFilters@20
  0x0000020851c46788: 7415 91ff 

  0x0000020851c4678c: ;   {other}
  0x0000020851c4678c: 0f1f 8400 | 7c57 004b | bade ffff | ff48 8b6c | 2428 4489 

  0x0000020851c467a0: ;   {runtime_call UncommonTrapBlob}
  0x0000020851c467a0: 5424 28e8 

  0x0000020851c467a4: ; ImmutableOopMap {rbp=Oop [40]=NarrowOop [76]=NarrowOop }
                      ;*invokeinterface unlock {reexecute=0 rethrow=0 return_oop=0}
                      ; - java.awt.EventQueue::getNextEvent@61
                      ; - java.awt.EventDispatchThread::pumpOneEventForFilters@20
  0x0000020851c467a4: 5815 91ff 

  0x0000020851c467a8: ;   {other}
  0x0000020851c467a8: 0f1f 8400 | 9857 004c | bade ffff | ff48 8b6c | 2428 4489 

  0x0000020851c467bc: ;   {runtime_call UncommonTrapBlob}
  0x0000020851c467bc: 5c24 28e8 

  0x0000020851c467c0: ; ImmutableOopMap {rbp=Oop [40]=NarrowOop [76]=NarrowOop }
                      ;*invokeinterface lock {reexecute=0 rethrow=0 return_oop=0}
                      ; - java.awt.EventQueue::getNextEvent@11
                      ; - java.awt.EventDispatchThread::pumpOneEventForFilters@20
  0x0000020851c467c0: 3c15 91ff 

  0x0000020851c467c4: ;   {other}
  0x0000020851c467c4: 0f1f 8400 | b457 004d | bade ffff | ff48 8b6c | 2428 448b | 4424 4c44 | 8944 2424 | 448b 4424 
  0x0000020851c467e4: 5044 8b54 | 2454 4489 | 4424 3044 | 8954 2434 | 4489 5c24 

  0x0000020851c467f8: ;   {runtime_call UncommonTrapBlob}
  0x0000020851c467f8: 3866 90e8 

  0x0000020851c467fc: ; ImmutableOopMap {rbp=Oop [36]=NarrowOop [48]=NarrowOop [52]=NarrowOop [56]=NarrowOop [76]=NarrowOop [80]=NarrowOop [84]=NarrowOop }
                      ;*invokeinterface isEmpty {reexecute=0 rethrow=0 return_oop=0}
                      ; - sun.awt.AWTAutoShutdown::isReadyToShutdown@11
                      ; - sun.awt.AWTAutoShutdown::notifyThreadFree@31
                      ; - java.awt.EventQueue::getNextEvent@45
                      ; - java.awt.EventDispatchThread::pumpOneEventForFilters@20
  0x0000020851c467fc: 0015 91ff 

  0x0000020851c46800: ;   {other}
  0x0000020851c46800: 0f1f 8400 | f057 004e | ba45 ffff | ff89 7c24 

  0x0000020851c46810: ;   {runtime_call UncommonTrapBlob}
  0x0000020851c46810: 2466 90e8 

  0x0000020851c46814: ; ImmutableOopMap {rbp=Oop [36]=NarrowOop }
                      ;*if_icmpne {reexecute=1 rethrow=0 return_oop=0}
                      ; - (reexecute) java.awt.EventDispatchThread::pumpOneEventForFilters@15
  0x0000020851c46814: e814 91ff 

  0x0000020851c46818: ;   {other}
  0x0000020851c46818: 0f1f 8400 | 0858 004f | 458b f349 | 8bd7 49ba | 6012 7755 | fd7f 0000 

  0x0000020851c46830: ;   {other}
  0x0000020851c46830: 41ff d20f | 1f84 0000 | 0000 0045 | 8bde e9ab | b8ff ff49 | 8bd7 49ba | 6012 7755 | fd7f 0000 
  0x0000020851c46850: ;   {other}
  0x0000020851c46850: 41ff d20f | 1f84 0000 | 0000 00e9 | 88b9 ffff | 498b d749 | ba60 1277 | 55fd 7f00 | 0041 ffd2 
  0x0000020851c46870: ;   {other}
  0x0000020851c46870: 0f1f 8400 | 0000 0000 | e9d2 e9ff | ffba 45ff | ffff 488b | 6c24 2889 | 5c24 2089 | 7424 2444 
  0x0000020851c46890: 896c 2428 | 4489 4c24 | 2c4c 8944 

  0x0000020851c4689c: ;   {runtime_call UncommonTrapBlob}
  0x0000020851c4689c: 2430 90e8 

  0x0000020851c468a0: ; ImmutableOopMap {rbp=Oop [32]=NarrowOop [36]=NarrowOop [40]=NarrowOop [44]=NarrowOop [48]=Oop }
                      ;*if_acmpeq {reexecute=1 rethrow=0 return_oop=0}
                      ; - (reexecute) java.util.concurrent.locks.ReentrantLock$Sync::tryRelease@14
                      ; - java.util.concurrent.locks.AbstractQueuedSynchronizer::release@2
                      ; - java.util.concurrent.locks.ReentrantLock::unlock@5
                      ; - java.awt.EventQueue::getNextEvent@31
                      ; - java.awt.EventDispatchThread::pumpOneEventForFilters@20
  0x0000020851c468a0: 5c14 91ff 

  0x0000020851c468a4: ;   {other}
  0x0000020851c468a4: 0f1f 8400 | 9458 0050 | ba45 ffff | ff48 8b6c | 2428 8944 

  0x0000020851c468b8: ;   {runtime_call UncommonTrapBlob}
  0x0000020851c468b8: 242c 90e8 

  0x0000020851c468bc: ; ImmutableOopMap {rbp=Oop [32]=NarrowOop [48]=NarrowOop }
                      ;*ifne {reexecute=1 rethrow=0 return_oop=0}
                      ; - (reexecute) java.awt.EventDispatchThread::pumpOneEventForFilters@40
  0x0000020851c468bc: 4014 91ff 

  0x0000020851c468c0: ;   {other}
  0x0000020851c468c0: 0f1f 8400 | b058 0051 | ba45 ffff | ff48 8b6c | 2428 8944 

  0x0000020851c468d4: ;   {runtime_call UncommonTrapBlob}
  0x0000020851c468d4: 2428 90e8 

  0x0000020851c468d8: ; ImmutableOopMap {rbp=Oop [32]=NarrowOop [48]=NarrowOop }
                      ;*ifeq {reexecute=1 rethrow=0 return_oop=0}
                      ; - (reexecute) java.awt.EventDispatchThread::pumpOneEventForFilters@60
  0x0000020851c468d8: 2414 91ff 

  0x0000020851c468dc: ;   {other}
  0x0000020851c468dc: 0f1f 8400 | cc58 0052 | baf6 ffff | ff48 8b6c | 2428 448b | 5424 3044 | 8954 2424 

  0x0000020851c468f8: ;   {runtime_call UncommonTrapBlob}
  0x0000020851c468f8: 6666 90e8 

  0x0000020851c468fc: ; ImmutableOopMap {rbp=Oop [36]=NarrowOop [64]=Oop [72]=Oop [80]=Oop }
                      ;*invokevirtual get {reexecute=0 rethrow=0 return_oop=0}
                      ; - sun.awt.SunToolkit::flushPendingEvents@3
                      ; - java.awt.EventQueue::postEvent@4
                      ; - sun.awt.PostEventQueue::flush@87
                      ; - sun.awt.SunToolkit::flushPendingEvents@15
                      ; - java.awt.EventQueue::getNextEvent@4
                      ; - java.awt.EventDispatchThread::pumpOneEventForFilters@20
  0x0000020851c468fc: 0014 91ff 

  0x0000020851c46900: ;   {other}
  0x0000020851c46900: 0f1f 8400 | f058 0053 | baf6 ffff | ff48 8b6c | 2428 448b | 5424 3044 | 8954 2424 | 4c8b 5424 
  0x0000020851c46920: 404c 8954 

  0x0000020851c46924: ;   {runtime_call UncommonTrapBlob}
  0x0000020851c46924: 2428 90e8 

  0x0000020851c46928: ; ImmutableOopMap {rbp=Oop [36]=NarrowOop [40]=Oop [72]=Oop [80]=Oop [88]=NarrowOop [92]=NarrowOop }
                      ;*invokevirtual lock {reexecute=0 rethrow=0 return_oop=0}
                      ; - java.util.concurrent.locks.ReentrantLock::lock@4
                      ; - java.awt.EventQueue::postEventPrivate@9
                      ; - java.awt.EventQueue::postEvent@9
                      ; - sun.awt.PostEventQueue::flush@87
                      ; - sun.awt.SunToolkit::flushPendingEvents@15
                      ; - java.awt.EventQueue::getNextEvent@4
                      ; - java.awt.EventDispatchThread::pumpOneEventForFilters@20
  0x0000020851c46928: d413 91ff 

  0x0000020851c4692c: ;   {other}
  0x0000020851c4692c: 0f1f 8400 | 1c59 0054 | 418b f349 | 8bd9 488b | cf48 8d94 | 24e0 0000 | 004d 8bc7 | 49ba 702f 
  0x0000020851c4694c: b855 fd7f | 0000 41ff 

  0x0000020851c46954: ;   {other}
  0x0000020851c46954: d20f 1f84 | 0000 0000 | 004c 8bcb | 448b dee9 | 72b3 ffff | 498b d34c | 8d84 24e0 | 0000 0048 
  0x0000020851c46974: 8b6c 2428 

  0x0000020851c46978: ;   {runtime_call _complete_monitor_locking_Java}
  0x0000020851c46978: 6666 90e8 

  0x0000020851c4697c: ; ImmutableOopMap {rbp=Oop [32]=Oop [40]=Oop [48]=NarrowOop [52]=NarrowOop [56]=Oop [64]=Oop [72]=Oop [80]=Oop [88]=NarrowOop [92]=NarrowOop [96]=Oop }
                      ;*monitorenter {reexecute=0 rethrow=0 return_oop=0}
                      ; - sun.awt.PostEventQueue::flush@7
                      ; - sun.awt.SunToolkit::flushPendingEvents@15
                      ; - java.awt.EventQueue::postEvent@4
                      ; - sun.awt.PostEventQueue::flush@87
                      ; - sun.awt.SunToolkit::flushPendingEvents@15
                      ; - java.awt.EventQueue::getNextEvent@4
                      ; - java.awt.EventDispatchThread::pumpOneEventForFilters@20
  0x0000020851c4697c: 00f8 9eff 

  0x0000020851c46980: ;   {other}
  0x0000020851c46980: 0f1f 8400 | 7059 0055 | e901 cfff | ffba deff | ffff 4c8b | 5424 284c | 8954 2420 | 448b 5424 
  0x0000020851c469a0: 3044 8954 | 242c 4c8b | 5424 404c | 8954 2430 | 4c8b 5424 | 484c 8954 

  0x0000020851c469b8: ;   {runtime_call UncommonTrapBlob}
  0x0000020851c469b8: 2440 90e8 

  0x0000020851c469bc: ; ImmutableOopMap {rbp=NarrowOop [32]=Oop [44]=NarrowOop [48]=Oop [64]=Oop [80]=Oop [88]=NarrowOop [92]=NarrowOop }
                      ;*invokeinterface lock {reexecute=0 rethrow=0 return_oop=0}
                      ; - java.awt.EventQueue::postEventPrivate@9
                      ; - java.awt.EventQueue::postEvent@9
                      ; - sun.awt.PostEventQueue::flush@87
                      ; - sun.awt.SunToolkit::flushPendingEvents@15
                      ; - java.awt.EventQueue::getNextEvent@4
                      ; - java.awt.EventDispatchThread::pumpOneEventForFilters@20
  0x0000020851c469bc: 4013 91ff 

  0x0000020851c469c0: ;   {other}
  0x0000020851c469c0: 0f1f 8400 | b059 0056 | bade ffff | ff4c 8b54 | 2428 4c89 | 5424 2044 | 8b54 2430 | 4489 5424 
  0x0000020851c469e0: 2c4c 8b54 | 2440 4c89 

  0x0000020851c469e8: ;   {runtime_call UncommonTrapBlob}
  0x0000020851c469e8: 5424 30e8 

  0x0000020851c469ec: ; ImmutableOopMap {rbp=NarrowOop [32]=Oop [44]=NarrowOop [48]=Oop [72]=Oop [80]=Oop }
                      ;*invokeinterface unlock {reexecute=0 rethrow=0 return_oop=0}
                      ; - java.awt.EventQueue::postEventPrivate@83
                      ; - java.awt.EventQueue::postEvent@9
                      ; - sun.awt.PostEventQueue::flush@87
                      ; - sun.awt.SunToolkit::flushPendingEvents@15
                      ; - java.awt.EventQueue::getNextEvent@4
                      ; - java.awt.EventDispatchThread::pumpOneEventForFilters@20
  0x0000020851c469ec: 1013 91ff 

  0x0000020851c469f0: ;   {other}
  0x0000020851c469f0: 0f1f 8400 | e059 0057 | bae4 ffff | ff4c 8b54 | 2428 4c89 | 5424 2044 | 8b54 2430 | 4489 5424 
  0x0000020851c46a10: 2c4c 8b54 | 2440 4c89 | 5424 304c | 8b54 2450 | 4c89 5424 | 384c 8b54 | 2448 4c89 | 5424 4044 
  0x0000020851c46a30: 8b54 2458 | 4489 5424 | 4c44 8b5c | 245c 4489 

  0x0000020851c46a40: ;   {runtime_call UncommonTrapBlob}
  0x0000020851c46a40: 5c24 50e8 

  0x0000020851c46a44: ; ImmutableOopMap {rbp=NarrowOop [32]=Oop [44]=NarrowOop [48]=Oop [56]=Oop [64]=Oop [76]=NarrowOop [80]=NarrowOop [120]=Oop }
                      ;*aaload {reexecute=0 rethrow=0 return_oop=0}
                      ; - java.awt.EventQueue::postEvent@47
                      ; - java.awt.EventQueue::postEventPrivate@76
                      ; - java.awt.EventQueue::postEvent@9
                      ; - sun.awt.PostEventQueue::flush@87
                      ; - sun.awt.SunToolkit::flushPendingEvents@15
                      ; - java.awt.EventQueue::getNextEvent@4
                      ; - java.awt.EventDispatchThread::pumpOneEventForFilters@20
  0x0000020851c46a44: b812 91ff 

  0x0000020851c46a48: ;   {other}
  0x0000020851c46a48: 0f1f 8400 | 385a 0058 | bae4 ffff | ff4c 8b54 | 2428 4c89 | 5424 2089 | 5c24 2c89 | 7c24 3044 
  0x0000020851c46a68: 8974 2434 

  0x0000020851c46a6c: ;   {runtime_call UncommonTrapBlob}
  0x0000020851c46a6c: 6666 90e8 

  0x0000020851c46a70: ; ImmutableOopMap {rbp=NarrowOop [32]=Oop [44]=NarrowOop [48]=NarrowOop }
                      ;*aastore {reexecute=1 rethrow=0 return_oop=0}
                      ; - (reexecute) java.awt.EventQueue::uncacheEQItem@51
                      ; - java.awt.EventQueue::getNextEventPrivate@60
                      ; - java.awt.EventQueue::getNextEvent@17
                      ; - java.awt.EventDispatchThread::pumpOneEventForFilters@20
  0x0000020851c46a70: 8c12 91ff 

  0x0000020851c46a74: ;   {other}
  0x0000020851c46a74: 0f1f 8400 | 645a 0059 | 458b eb48 | 8bf7 498b | f948 8bce | 488d 9424 | e000 0000 | 4d8b c749 
  0x0000020851c46a94: ba70 2fb8 | 55fd 7f00 | 0041 ffd2 

  0x0000020851c46aa0: ;   {other}
  0x0000020851c46aa0: 0f1f 8400 | 0000 0000 | 4c8b cf48 | 8bfe 458b | dde9 c3c2 | ffff 4489 | 4424 4c44 | 8954 2448 
  0x0000020851c46ac0: 4889 5424 | 4044 895c | 2434 4889 | 7c24 2049 | 8be9 488b | d74c 8d84 | 24e0 0000 

  0x0000020851c46adc: ;   {runtime_call _complete_monitor_locking_Java}
  0x0000020851c46adc: 0066 90e8 

  0x0000020851c46ae0: ; ImmutableOopMap {rbp=Oop [32]=Oop [40]=Oop [48]=NarrowOop [52]=NarrowOop [56]=Oop }
                      ;*monitorenter {reexecute=0 rethrow=0 return_oop=0}
                      ; - sun.awt.PostEventQueue::flush@101
                      ; - sun.awt.SunToolkit::flushPendingEvents@15
                      ; - java.awt.EventQueue::getNextEvent@4
                      ; - java.awt.EventDispatchThread::pumpOneEventForFilters@20
  0x0000020851c46ae0: 9cf6 9eff 

  0x0000020851c46ae4: ;   {other}
  0x0000020851c46ae4: 0f1f 8400 | d45a 005a | 4c8b cd48 | 8b7c 2420 | 448b 5c24 | 3448 8b54 | 2440 448b | 5424 4844 
  0x0000020851c46b04: 8b44 244c | e979 b2ff | ff49 8bcb | 488d 9424 | e000 0000 | 4d8b c749 | ba70 2fb8 | 55fd 7f00 
  0x0000020851c46b24: 0041 ffd2 

  0x0000020851c46b28: ;   {other}
  0x0000020851c46b28: 0f1f 8400 | 0000 0000 | e93f b3ff | ff44 8b5e | 0c45 85db | 0f84 aee0 | ffff 4d8b | 5728 498b 
  0x0000020851c46b48: cb4d 85d2 | 0f84 4227 | 0000 4d8b | 5f38 4b89 | 4c13 f849 | 83c2 f84d | 8957 28e9 | 88e0 ffff 
  0x0000020851c46b68: baf6 ffff | ff48 8b6c | 2428 448b | 5c24 3044 | 895c 2424 | 4c8b 5424 | 404c 8954 

  0x0000020851c46b84: ;   {runtime_call UncommonTrapBlob}
  0x0000020851c46b84: 2428 90e8 

  0x0000020851c46b88: ; ImmutableOopMap {rbp=Oop [36]=NarrowOop [40]=Oop [72]=Oop [80]=Oop [88]=NarrowOop }
                      ;*getfield head {reexecute=1 rethrow=0 return_oop=0}
                      ; - (reexecute) java.awt.EventQueue::noEvents@13
                      ; - java.awt.EventQueue::postEvent@55
                      ; - java.awt.EventQueue::postEventPrivate@76
                      ; - java.awt.EventQueue::postEvent@9
                      ; - sun.awt.PostEventQueue::flush@87
                      ; - sun.awt.SunToolkit::flushPendingEvents@15
                      ; - java.awt.EventQueue::getNextEvent@4
                      ; - java.awt.EventDispatchThread::pumpOneEventForFilters@20
  0x0000020851c46b88: 7411 91ff 

  0x0000020851c46b8c: ;   {other}
  0x0000020851c46b8c: 0f1f 8400 | 7c5b 005b | baf6 ffff | ff48 8b6c | 2428 448b | 5c24 3044 | 895c 2424 | 4c8b 5424 
  0x0000020851c46bac: 404c 8954 | 2428 4c8b | 5424 484c | 8954 2438 | 448b 5c24 | 5845 8bd3 | 4489 5424 

  0x0000020851c46bc8: ;   {runtime_call UncommonTrapBlob}
  0x0000020851c46bc8: 4466 90e8 

  0x0000020851c46bcc: ; ImmutableOopMap {rbp=Oop [36]=NarrowOop [40]=Oop [56]=Oop [68]=NarrowOop [80]=Oop [88]=NarrowOop [92]=NarrowOop }
                      ;*monitorenter {reexecute=0 rethrow=0 return_oop=0}
                      ; - sun.awt.AWTAutoShutdown::notifyThreadBusy@11
                      ; - java.awt.EventQueue::postEvent@102
                      ; - java.awt.EventQueue::postEventPrivate@76
                      ; - java.awt.EventQueue::postEvent@9
                      ; - sun.awt.PostEventQueue::flush@87
                      ; - sun.awt.SunToolkit::flushPendingEvents@15
                      ; - java.awt.EventQueue::getNextEvent@4
                      ; - java.awt.EventDispatchThread::pumpOneEventForFilters@20
  0x0000020851c46bcc: 3011 91ff 

  0x0000020851c46bd0: ;   {other}
  0x0000020851c46bd0: 0f1f 8400 | c05b 005c | baf6 ffff | ff48 8b6c | 2428 448b | 5c24 3044 | 895c 2424 | 4c8b 5424 
  0x0000020851c46bf0: 404c 8954 | 2428 4c8b | 5424 504c | 8954 2430 | 4c8b 5424 | 484c 8954 | 2438 448b | 5c24 5845 
  0x0000020851c46c10: 8bd3 4489 | 5424 4444 | 8b54 2460 | 458b da44 | 895c 2450 

  0x0000020851c46c24: ;   {runtime_call UncommonTrapBlob}
  0x0000020851c46c24: 6666 90e8 

  0x0000020851c46c28: ; ImmutableOopMap {rbp=Oop [36]=NarrowOop [40]=Oop [48]=Oop [56]=Oop [68]=NarrowOop [80]=NarrowOop [88]=NarrowOop [92]=NarrowOop [96]=NarrowOop }
                      ;*monitorenter {reexecute=0 rethrow=0 return_oop=0}
                      ; - sun.awt.AWTAutoShutdown::notifyThreadBusy@18
                      ; - java.awt.EventQueue::postEvent@102
                      ; - java.awt.EventQueue::postEventPrivate@76
                      ; - java.awt.EventQueue::postEvent@9
                      ; - sun.awt.PostEventQueue::flush@87
                      ; - sun.awt.SunToolkit::flushPendingEvents@15
                      ; - java.awt.EventQueue::getNextEvent@4
                      ; - java.awt.EventDispatchThread::pumpOneEventForFilters@20
  0x0000020851c46c28: d410 91ff 

  0x0000020851c46c2c: ;   {other}
  0x0000020851c46c2c: 0f1f 8400 | 1c5c 005d | ba76 ffff | ff48 8b6c | 2428 448b | 5424 3044 | 8954 2424 | 4c8b 5424 
  0x0000020851c46c4c: 404c 8954 | 2428 4c8b | 5424 504c | 8954 2430 | 4c8b 5424 | 484c 8954 | 2438 448b | 5424 5844 
  0x0000020851c46c6c: 8954 2440 | 448b 5424 | 5c44 8954 

  0x0000020851c46c78: ;   {runtime_call UncommonTrapBlob}
  0x0000020851c46c78: 2448 90e8 

  0x0000020851c46c7c: ; ImmutableOopMap {rbp=Oop [36]=NarrowOop [40]=Oop [48]=Oop [56]=Oop [64]=NarrowOop [72]=NarrowOop [120]=Oop }
                      ;*if_icmpge {reexecute=1 rethrow=0 return_oop=0}
                      ; - (reexecute) java.awt.EventQueue::noEvents@4
                      ; - java.awt.EventQueue::postEvent@55
                      ; - java.awt.EventQueue::postEventPrivate@76
                      ; - java.awt.EventQueue::postEvent@9
                      ; - sun.awt.PostEventQueue::flush@87
                      ; - sun.awt.SunToolkit::flushPendingEvents@15
                      ; - java.awt.EventQueue::getNextEvent@4
                      ; - java.awt.EventDispatchThread::pumpOneEventForFilters@20
  0x0000020851c46c7c: 8010 91ff 

  0x0000020851c46c80: ;   {other}
  0x0000020851c46c80: 0f1f 8400 | 705c 005e | bae4 ffff | ff4c 8b54 | 2428 4c89 | 5424 2044 | 8b54 2430 | 4489 5424 
  0x0000020851c46ca0: 2c4c 8b54 | 2440 4c89 | 5424 304c | 8b54 2450 | 4c89 5424 | 384c 8b54 | 2448 4c89 | 5424 4044 
  0x0000020851c46cc0: 8b54 2458 | 4489 5424 | 4c44 8954 

  0x0000020851c46ccc: ;   {runtime_call UncommonTrapBlob}
  0x0000020851c46ccc: 2454 90e8 

  0x0000020851c46cd0: ; ImmutableOopMap {rbp=NarrowOop [32]=Oop [44]=NarrowOop [48]=Oop [56]=Oop [64]=Oop [76]=NarrowOop [84]=NarrowOop [92]=NarrowOop [120]=Oop }
                      ;*aaload {reexecute=0 rethrow=0 return_oop=0}
                      ; - java.awt.EventQueue::noEvents@12
                      ; - java.awt.EventQueue::postEvent@55
                      ; - java.awt.EventQueue::postEventPrivate@76
                      ; - java.awt.EventQueue::postEvent@9
                      ; - sun.awt.PostEventQueue::flush@87
                      ; - sun.awt.SunToolkit::flushPendingEvents@15
                      ; - java.awt.EventQueue::getNextEvent@4
                      ; - java.awt.EventDispatchThread::pumpOneEventForFilters@20
  0x0000020851c46cd0: 2c10 91ff 

  0x0000020851c46cd4: ;   {other}
  0x0000020851c46cd4: 0f1f 8400 | c45c 005f | 498b d34c | 8d84 24e0 | 0000 0048 | 8b6c 2428 

  0x0000020851c46cec: ;   {runtime_call _complete_monitor_locking_Java}
  0x0000020851c46cec: 6666 90e8 

  0x0000020851c46cf0: ; ImmutableOopMap {rbp=Oop [32]=Oop [40]=Oop [48]=NarrowOop [52]=NarrowOop [56]=Oop [64]=Oop [72]=Oop [80]=Oop [88]=NarrowOop [92]=NarrowOop [96]=NarrowOop [104]=Oop [112]=Oop }
                      ;*monitorenter {reexecute=0 rethrow=0 return_oop=0}
                      ; - sun.awt.AWTAutoShutdown::notifyThreadBusy@11
                      ; - java.awt.EventQueue::postEvent@102
                      ; - java.awt.EventQueue::postEventPrivate@76
                      ; - java.awt.EventQueue::postEvent@9
                      ; - sun.awt.PostEventQueue::flush@87
                      ; - sun.awt.SunToolkit::flushPendingEvents@15
                      ; - java.awt.EventQueue::getNextEvent@4
                      ; - java.awt.EventDispatchThread::pumpOneEventForFilters@20
  0x0000020851c46cf0: 8cf4 9eff 

  0x0000020851c46cf4: ;   {other}
  0x0000020851c46cf4: 0f1f 8400 | e45c 0060 | e976 c6ff | ff49 8bd3 | 4c8d 8424 | e800 0000 | 488b 6c24 

  0x0000020851c46d10: ;   {runtime_call _complete_monitor_locking_Java}
  0x0000020851c46d10: 2866 90e8 

  0x0000020851c46d14: ; ImmutableOopMap {rbp=Oop [32]=Oop [40]=Oop [48]=NarrowOop [52]=NarrowOop [56]=Oop [64]=Oop [72]=Oop [80]=Oop [88]=NarrowOop [92]=NarrowOop [96]=NarrowOop [100]=NarrowOop [104]=Oop [112]=Oop [120]=Oop }
                      ;*monitorenter {reexecute=0 rethrow=0 return_oop=0}
                      ; - sun.awt.AWTAutoShutdown::notifyThreadBusy@18
                      ; - java.awt.EventQueue::postEvent@102
                      ; - java.awt.EventQueue::postEventPrivate@76
                      ; - java.awt.EventQueue::postEvent@9
                      ; - sun.awt.PostEventQueue::flush@87
                      ; - sun.awt.SunToolkit::flushPendingEvents@15
                      ; - java.awt.EventQueue::getNextEvent@4
                      ; - java.awt.EventDispatchThread::pumpOneEventForFilters@20
  0x0000020851c46d14: 68f4 9eff 

  0x0000020851c46d18: ;   {other}
  0x0000020851c46d18: 0f1f 8400 | 085d 0061 | e9df c6ff | ffba deff | ffff 4c8b | 5424 284c | 8954 2420 | 448b 5c24 
  0x0000020851c46d38: 3044 895c | 242c 4c8b | 5424 404c | 8954 2430 | 4c8b 5424 | 504c 8954 | 2438 4c8b | 5424 484c 
  0x0000020851c46d58: 8954 2440 | 448b 5c24 | 5844 895c | 244c 448b | 5424 6044 | 8954 2450 | 448b 5c24 | 6444 895c 
  0x0000020851c46d78: 2454 448b | 5424 5c44 | 8954 2458 

  0x0000020851c46d84: ;   {runtime_call UncommonTrapBlob}
  0x0000020851c46d84: 6666 90e8 

  0x0000020851c46d88: ; ImmutableOopMap {rbp=NarrowOop [32]=Oop [44]=NarrowOop [48]=Oop [56]=Oop [64]=Oop [76]=NarrowOop [80]=NarrowOop [84]=NarrowOop [88]=NarrowOop }
                      ;*invokeinterface add {reexecute=0 rethrow=0 return_oop=0}
                      ; - sun.awt.AWTAutoShutdown::notifyThreadBusy@57
                      ; - java.awt.EventQueue::postEvent@102
                      ; - java.awt.EventQueue::postEventPrivate@76
                      ; - java.awt.EventQueue::postEvent@9
                      ; - sun.awt.PostEventQueue::flush@87
                      ; - sun.awt.SunToolkit::flushPendingEvents@15
                      ; - java.awt.EventQueue::getNextEvent@4
                      ; - java.awt.EventDispatchThread::pumpOneEventForFilters@20
  0x0000020851c46d88: 740f 91ff 

  0x0000020851c46d8c: ;   {other}
  0x0000020851c46d8c: 0f1f 8400 | 7c5d 0062 | 498b cb48 | 8d94 24e8 | 0000 004d | 8bc7 49ba | 702f b855 | fd7f 0000 
  0x0000020851c46dac: ;   {other}
  0x0000020851c46dac: 41ff d20f | 1f84 0000 | 0000 00e9 | d0c7 ffff | 498b cb48 | 8d94 24e0 | 0000 004d | 8bc7 49ba 
  0x0000020851c46dcc: 702f b855 | fd7f 0000 

  0x0000020851c46dd4: ;   {other}
  0x0000020851c46dd4: 41ff d20f | 1f84 0000 | 0000 00e9 | 48c8 ffff | bade ffff | ff4c 8b54 | 2428 4c89 | 5424 2044 
  0x0000020851c46df4: 8b5c 2430 | 4489 5c24 | 2c4c 8b54 | 2440 4c89 | 5424 304c | 8b54 2448 | 4c89 5424 

  0x0000020851c46e10: ;   {runtime_call UncommonTrapBlob}
  0x0000020851c46e10: 4066 90e8 

  0x0000020851c46e14: ; ImmutableOopMap {rbp=NarrowOop [32]=Oop [44]=NarrowOop [48]=Oop [64]=Oop [80]=Oop [88]=NarrowOop }
                      ;*invokeinterface signalAll {reexecute=0 rethrow=0 return_oop=0}
                      ; - java.awt.EventQueue::postEvent@109
                      ; - java.awt.EventQueue::postEventPrivate@76
                      ; - java.awt.EventQueue::postEvent@9
                      ; - sun.awt.PostEventQueue::flush@87
                      ; - sun.awt.SunToolkit::flushPendingEvents@15
                      ; - java.awt.EventQueue::getNextEvent@4
                      ; - java.awt.EventDispatchThread::pumpOneEventForFilters@20
  0x0000020851c46e14: e80e 91ff 

  0x0000020851c46e18: ;   {other}
  0x0000020851c46e18: 0f1f 8400 | 085e 0063 | bade ffff | ff48 8b6c | 2428 448b | 4424 3044 | 8944 2424 | 4c8b 4424 
  0x0000020851c46e38: 404c 8944 | 2428 4c8b | 4424 504c | 8944 2430 | 4c8b 4424 | 484c 8944 | 2438 4889 | 4c24 4844 
  0x0000020851c46e58: 895c 2444 | 4489 5424 

  0x0000020851c46e60: ;   {runtime_call UncommonTrapBlob}
  0x0000020851c46e60: 5066 90e8 

  0x0000020851c46e64: ; ImmutableOopMap {rbp=Oop [36]=NarrowOop [40]=Oop [48]=Oop [56]=Oop [68]=NarrowOop [72]=Oop [80]=NarrowOop [88]=NarrowOop }
                      ;*invokevirtual isHeldExclusively {reexecute=0 rethrow=0 return_oop=0}
                      ; - java.util.concurrent.locks.AbstractQueuedSynchronizer$ConditionObject::signalAll@9
                      ; - java.awt.EventQueue::postEvent@109
                      ; - java.awt.EventQueue::postEventPrivate@76
                      ; - java.awt.EventQueue::postEvent@9
                      ; - sun.awt.PostEventQueue::flush@87
                      ; - sun.awt.SunToolkit::flushPendingEvents@15
                      ; - java.awt.EventQueue::getNextEvent@4
                      ; - java.awt.EventDispatchThread::pumpOneEventForFilters@20
  0x0000020851c46e64: 980e 91ff 

  0x0000020851c46e68: ;   {other}
  0x0000020851c46e68: 0f1f 8400 | 585e 0064 | ba45 ffff | ff48 8b6c | 2428 448b | 5c24 3044 | 895c 2424 | 4c89 4c24 
  0x0000020851c46e88: 3048 897c | 2438 4489 | 5424 4048 | 897c 2448 

  0x0000020851c46e98: ;   {runtime_call UncommonTrapBlob}
  0x0000020851c46e98: 6666 90e8 

  0x0000020851c46e9c: ; ImmutableOopMap {rbp=Oop [36]=NarrowOop [48]=Oop [56]=Oop [64]=NarrowOop [72]=Oop }
                      ;*ifnull {reexecute=1 rethrow=0 return_oop=0}
                      ; - (reexecute) sun.awt.PostEventQueue::flush@23
                      ; - sun.awt.SunToolkit::flushPendingEvents@15
                      ; - java.awt.EventQueue::getNextEvent@4
                      ; - java.awt.EventDispatchThread::pumpOneEventForFilters@20
  0x0000020851c46e9c: 600e 91ff 

  0x0000020851c46ea0: ;   {other}
  0x0000020851c46ea0: 0f1f 8400 | 905e 0065 | ba45 ffff | ff48 8b6c | 2428 448b | 4424 4c44 | 8944 2424 | 448b 4424 
  0x0000020851c46ec0: 5044 8b5c | 2454 4489 | 4424 3044 | 895c 2434 | 4489 5424 

  0x0000020851c46ed4: ;   {runtime_call UncommonTrapBlob}
  0x0000020851c46ed4: 3866 90e8 

  0x0000020851c46ed8: ; ImmutableOopMap {rbp=Oop [36]=NarrowOop [48]=NarrowOop [52]=NarrowOop [76]=NarrowOop [80]=NarrowOop [84]=NarrowOop }
                      ;*ifle {reexecute=1 rethrow=0 return_oop=0}
                      ; - (reexecute) java.util.HashMap::removeNode@16
                      ; - java.util.HashMap::remove@9
                      ; - java.util.HashSet::remove@5
                      ; - sun.awt.AWTAutoShutdown::notifyThreadFree@24
                      ; - java.awt.EventQueue::getNextEvent@45
                      ; - java.awt.EventDispatchThread::pumpOneEventForFilters@20
  0x0000020851c46ed8: 240e 91ff 

  0x0000020851c46edc: ;   {other}
  0x0000020851c46edc: 0f1f 8400 | cc5e 0066 | 498b ebeb | 0233 edba | 45ff ffff | 4c8b 5424 | 284c 8954 | 2420 448b 
  0x0000020851c46efc: 5424 4c44 | 8954 242c | 448b 5424 | 5044 8b5c | 2454 4489 | 5424 3844 | 895c 243c 

  0x0000020851c46f18: ;   {runtime_call UncommonTrapBlob}
  0x0000020851c46f18: 6666 90e8 

  0x0000020851c46f1c: ; ImmutableOopMap {rbp=Oop [32]=Oop [44]=NarrowOop [56]=NarrowOop [60]=NarrowOop [76]=NarrowOop [80]=NarrowOop [84]=NarrowOop }
                      ;*if_acmpne {reexecute=1 rethrow=0 return_oop=0}
                      ; - (reexecute) java.util.HashSet::remove@11
                      ; - sun.awt.AWTAutoShutdown::notifyThreadFree@24
                      ; - java.awt.EventQueue::getNextEvent@45
                      ; - java.awt.EventDispatchThread::pumpOneEventForFilters@20
  0x0000020851c46f1c: e00d 91ff 

  0x0000020851c46f20: ;   {other}
  0x0000020851c46f20: 0f1f 8400 | 105f 0067 | ba45 ffff | ff48 8b6c | 2428 4c8b | 4c24 504c | 894c 2438 | 4c89 5424 
  0x0000020851c46f40: 4044 895c | 2448 4c89 

  0x0000020851c46f48: ;   {runtime_call UncommonTrapBlob}
  0x0000020851c46f48: 4424 50e8 

  0x0000020851c46f4c: ; ImmutableOopMap {rbp=Oop [56]=Oop [64]=Oop [72]=NarrowOop [76]=NarrowOop [80]=Oop }
                      ;*if_acmpne {reexecute=1 rethrow=0 return_oop=0}
                      ; - (reexecute) java.util.concurrent.locks.ReentrantLock$Sync::isHeldExclusively@7
                      ; - java.util.concurrent.locks.AbstractQueuedSynchronizer$ConditionObject::enableWait@4
                      ; - java.util.concurrent.locks.AbstractQueuedSynchronizer$ConditionObject::await@26
                      ; - java.awt.EventQueue::getNextEvent@52
                      ; - java.awt.EventDispatchThread::pumpOneEventForFilters@20
  0x0000020851c46f4c: b00d 91ff 

  0x0000020851c46f50: ;   {other}
  0x0000020851c46f50: 0f1f 8400 | 405f 0068 | ba45 ffff | ff48 8b6c | 2428 448b | 4424 4c44 | 8944 2424 | 4889 7c24 
  0x0000020851c46f70: 384c 8954 | 2440 4489 

  0x0000020851c46f78: ;   {runtime_call UncommonTrapBlob}
  0x0000020851c46f78: 5c24 4ce8 

  0x0000020851c46f7c: ; ImmutableOopMap {rbp=Oop [36]=NarrowOop [56]=Oop [64]=Oop [76]=NarrowOop [80]=Oop }
                      ;*ifnonnull {reexecute=1 rethrow=0 return_oop=0}
                      ; - (reexecute) java.util.concurrent.locks.AbstractQueuedSynchronizer$ConditionObject::enableWait@28
                      ; - java.util.concurrent.locks.AbstractQueuedSynchronizer$ConditionObject::await@26
                      ; - java.awt.EventQueue::getNextEvent@52
                      ; - java.awt.EventDispatchThread::pumpOneEventForFilters@20
  0x0000020851c46f7c: 800d 91ff 

  0x0000020851c46f80: ;   {other}
  0x0000020851c46f80: 0f1f 8400 | 705f 0069 | 498b d749 | ba60 1277 | 55fd 7f00 | 0041 ffd2 

  0x0000020851c46f98: ;   {other}
  0x0000020851c46f98: 0f1f 8400 | 0000 0000 | e9f9 b9ff | ff49 8bea | 418b f149 | 8bd8 498b | d749 ba60 | 1277 55fd 
  0x0000020851c46fb8: 7f00 0041 

  0x0000020851c46fbc: ;   {other}
  0x0000020851c46fbc: ffd2 0f1f | 8400 0000 | 0000 e961 | e3ff ff49 | 8bd7 49ba | 6012 7755 | fd7f 0000 

  0x0000020851c46fd8: ;   {other}
  0x0000020851c46fd8: 41ff d20f | 1f84 0000 | 0000 00e9 | 08bb ffff | 498b d749 | ba60 1277 | 55fd 7f00 | 0041 ffd2 
  0x0000020851c46ff8: ;   {other}
  0x0000020851c46ff8: 0f1f 8400 | 0000 0000 | e93f b6ff | ffba deff | ffff 4c8b | 5424 284c | 8954 2420 | 448b 5424 
  0x0000020851c47018: 3044 8954 | 242c 4c8b | 5424 404c | 8954 2430 | 4c8b 5424 | 504c 8954 | 2438 4c8b | 5424 484c 
  0x0000020851c47038: 8954 2440 | 448b 5424 | 5844 8954 | 244c 448b | 5c24 5c44 | 895c 2450 | 448b 5424 | 6044 8b5c 
  0x0000020851c47058: 2464 4489 | 5424 5c44 | 895c 2460 

  0x0000020851c47064: ;   {runtime_call UncommonTrapBlob}
  0x0000020851c47064: 6666 90e8 

  0x0000020851c47068: ; ImmutableOopMap {rbp=NarrowOop [32]=Oop [44]=NarrowOop [48]=Oop [56]=Oop [64]=Oop [76]=NarrowOop [80]=NarrowOop [92]=NarrowOop [96]=NarrowOop [100]=NarrowOop }
                      ;*invokeinterface isEmpty {reexecute=0 rethrow=0 return_oop=0}
                      ; - sun.awt.AWTAutoShutdown::isReadyToShutdown@11
                      ; - sun.awt.AWTAutoShutdown::notifyThreadBusy@34
                      ; - java.awt.EventQueue::postEvent@102
                      ; - java.awt.EventQueue::postEventPrivate@76
                      ; - java.awt.EventQueue::postEvent@9
                      ; - sun.awt.PostEventQueue::flush@87
                      ; - sun.awt.SunToolkit::flushPendingEvents@15
                      ; - java.awt.EventQueue::getNextEvent@4
                      ; - java.awt.EventDispatchThread::pumpOneEventForFilters@20
  0x0000020851c47068: 940c 91ff 

  0x0000020851c4706c: ;   {other}
  0x0000020851c4706c: 0f1f 8400 | 5c60 006a | ba45 ffff | ff4c 8b44 | 2428 4c89 | 4424 2044 | 8b44 244c | 4489 4424 
  0x0000020851c4708c: 2c4c 8b44 | 2450 4c89 | 4424 304c | 895c 2438 | 4489 5424 

  0x0000020851c470a0: ;   {runtime_call UncommonTrapBlob}
  0x0000020851c470a0: 5066 90e8 

  0x0000020851c470a4: ; ImmutableOopMap {[32]=Oop [44]=NarrowOop [48]=Oop [56]=Oop [120]=Oop }
                      ;*ifeq {reexecute=1 rethrow=0 return_oop=0}
                      ; - (reexecute) java.lang.Thread::getAndClearInterrupt@6
                      ; - java.lang.Thread::interrupted@3
                      ; - java.util.concurrent.locks.AbstractQueuedSynchronizer$ConditionObject::await@51
                      ; - java.awt.EventQueue::getNextEvent@52
                      ; - java.awt.EventDispatchThread::pumpOneEventForFilters@20
  0x0000020851c470a4: 580c 91ff 

  0x0000020851c470a8: ;   {other}
  0x0000020851c470a8: 0f1f 8400 | 9860 006b | ba45 ffff | ff4c 8b54 | 2428 4c89 | 5424 204c | 895c 2438 

  0x0000020851c470c4: ;   {runtime_call UncommonTrapBlob}
  0x0000020851c470c4: 6666 90e8 

  0x0000020851c470c8: ; ImmutableOopMap {[32]=Oop [56]=Oop [76]=NarrowOop [80]=Oop }
                      ;*ifeq {reexecute=1 rethrow=0 return_oop=0}
                      ; - (reexecute) java.util.concurrent.locks.AbstractQueuedSynchronizer$ConditionObject::await@57
                      ; - java.awt.EventQueue::getNextEvent@52
                      ; - java.awt.EventDispatchThread::pumpOneEventForFilters@20
  0x0000020851c470c8: 340c 91ff 

  0x0000020851c470cc: ;   {other}
  0x0000020851c470cc: 0f1f 8400 | bc60 006c | 418b eb49 | 8bd9 488b | cf48 8d94 | 24e0 0000 | 004d 8bc7 | 49ba 702f 
  0x0000020851c470ec: b855 fd7f | 0000 41ff 

  0x0000020851c470f4: ;   {other}
  0x0000020851c470f4: d20f 1f84 | 0000 0000 | 004c 8bcb | 448b dde9 | 60bb ffff | ba45 ffff | ff48 8b6c | 2428 895c 
  0x0000020851c47114: 2424 4489 

  0x0000020851c47118: ;   {runtime_call UncommonTrapBlob}
  0x0000020851c47118: 5c24 2ce8 

  0x0000020851c4711c: ; ImmutableOopMap {rbp=Oop [36]=NarrowOop [44]=NarrowOop }
                      ;*ifnonnull {reexecute=1 rethrow=0 return_oop=0}
                      ; - (reexecute) sun.awt.AWTAutoShutdown::notifyThreadFree@1
                      ; - java.awt.EventQueue::getNextEvent@45
                      ; - java.awt.EventDispatchThread::pumpOneEventForFilters@20
  0x0000020851c4711c: e00b 91ff 

  0x0000020851c47120: ;   {other}
  0x0000020851c47120: 0f1f 8400 | 1061 006d | ba45 ffff | ff48 8b6c | 2428 4489 | 5c24 244c | 8944 2428 | 4c89 4c24 
  0x0000020851c47140: 3044 8954 

  0x0000020851c47144: ;   {runtime_call UncommonTrapBlob}
  0x0000020851c47144: 243c 90e8 

  0x0000020851c47148: ; ImmutableOopMap {rbp=Oop [36]=NarrowOop [40]=Oop [48]=Oop [76]=NarrowOop }
                      ;*ifeq {reexecute=1 rethrow=0 return_oop=0}
                      ; - (reexecute) java.lang.Thread::getAndClearInterrupt@6
                      ; - java.lang.Thread::interrupted@3
                      ; - java.util.concurrent.locks.AbstractQueuedSynchronizer$ConditionObject::await@0
                      ; - java.awt.EventQueue::getNextEvent@52
                      ; - java.awt.EventDispatchThread::pumpOneEventForFilters@20
  0x0000020851c47148: b40b 91ff 

  0x0000020851c4714c: ;   {other}
  0x0000020851c4714c: 0f1f 8400 | 3c61 006e | ba45 ffff | ff4c 8b54 | 2428 4c89 

  0x0000020851c47160: ;   {runtime_call UncommonTrapBlob}
  0x0000020851c47160: 5424 20e8 

  0x0000020851c47164: ; ImmutableOopMap {[32]=Oop [76]=NarrowOop [80]=Oop [88]=Oop }
                      ;*ifeq {reexecute=1 rethrow=0 return_oop=0}
                      ; - (reexecute) java.util.concurrent.locks.AbstractQueuedSynchronizer$ConditionObject::await@157
                      ; - java.awt.EventQueue::getNextEvent@52
                      ; - java.awt.EventDispatchThread::pumpOneEventForFilters@20
  0x0000020851c47164: 980b 91ff 

  0x0000020851c47168: ;   {other}
  0x0000020851c47168: 0f1f 8400 | 5861 006f | 498b d749 | ba60 1277 | 55fd 7f00 | 0041 ffd2 

  0x0000020851c47180: ;   {other}
  0x0000020851c47180: 0f1f 8400 | 0000 0000 | e9a5 b8ff | ffba 45ff | ffff 488b | 6c24 2844 | 8b44 244c | 4489 4424 
  0x0000020851c471a0: 2448 897c | 2428 4c8b | 5c24 584c | 895c 2438 | 4889 5c24 | 4844 8954 

  0x0000020851c471b8: ;   {runtime_call UncommonTrapBlob}
  0x0000020851c471b8: 2444 90e8 

  0x0000020851c471bc: ; ImmutableOopMap {rbp=Oop [36]=NarrowOop [40]=Oop [56]=Oop [68]=NarrowOop [72]=Oop [88]=Oop [120]=Oop }
                      ;*if_acmpeq {reexecute=1 rethrow=0 return_oop=0}
                      ; - (reexecute) java.util.concurrent.locks.ReentrantLock$Sync::tryRelease@14
                      ; - java.util.concurrent.locks.AbstractQueuedSynchronizer::release@2
                      ; - java.util.concurrent.locks.AbstractQueuedSynchronizer$ConditionObject::enableWait@62
                      ; - java.util.concurrent.locks.AbstractQueuedSynchronizer$ConditionObject::await@26
                      ; - java.awt.EventQueue::getNextEvent@52
                      ; - java.awt.EventDispatchThread::pumpOneEventForFilters@20
  0x0000020851c471bc: 400b 91ff 

  0x0000020851c471c0: ;   {other}
  0x0000020851c471c0: 0f1f 8400 | b061 0070 | 33ed 4585 | d240 0f94 | c5ba 45ff | ffff 4c8b | 5424 284c | 8954 2420 
  0x0000020851c471e0: 448b 5c24 | 4c44 895c | 242c 448b | 5c24 5044 | 8b54 2454 | 4489 5c24 | 3844 8954 

  0x0000020851c471fc: ;   {runtime_call UncommonTrapBlob}
  0x0000020851c471fc: 243c 90e8 

  0x0000020851c47200: ; ImmutableOopMap {[32]=Oop [44]=NarrowOop [56]=NarrowOop [60]=NarrowOop [76]=NarrowOop [80]=NarrowOop [84]=NarrowOop }
                      ;*ifeq {reexecute=1 rethrow=0 return_oop=0}
                      ; - (reexecute) sun.awt.AWTAutoShutdown::isReadyToShutdown@16
                      ; - sun.awt.AWTAutoShutdown::notifyThreadFree@31
                      ; - java.awt.EventQueue::getNextEvent@45
                      ; - java.awt.EventDispatchThread::pumpOneEventForFilters@20
  0x0000020851c47200: fc0a 91ff 

  0x0000020851c47204: ;   {other}
  0x0000020851c47204: 0f1f 8400 | f461 0071 | 448b 5424 | 5845 8b52 | 1845 85d2 | 0f84 4de7 | ffff 4d8b | 5f28 498b 
  0x0000020851c47224: ca4d 85db | 0f84 8320 | 0000 4d8b | 5738 4b89 | 4c1a f849 | 83c3 f84d | 895f 28e9 | 27e7 ffff 
  0x0000020851c47244: 4d8b 5748 | 4d8b 5f58 | f083 4424 | c000 8039 | 000f 8447 | e7ff ff44 | 8821 4d85 | d275 1d49 
  0x0000020851c47264: 8bd7 49ba | 4012 7755 | fd7f 0000 

  0x0000020851c47270: ;   {other}
  0x0000020851c47270: 41ff d20f | 1f84 0000 | 0000 00e9 | 22e7 ffff | 4b89 4c13 | f849 83c2 | f84d 8957 | 48e9 10e7 
  0x0000020851c47290: ffff 498b | d749 ba60 | 1277 55fd | 7f00 0041 

  0x0000020851c472a0: ;   {other}
  0x0000020851c472a0: ffd2 0f1f | 8400 0000 | 0000 e93b | c4ff ff49 | 8bd7 49ba | 6012 7755 | fd7f 0000 

  0x0000020851c472bc: ;   {other}
  0x0000020851c472bc: 41ff d20f | 1f84 0000 | 0000 00e9 | 31bc ffff | ba45 ffff | ff4c 8b54 | 2428 4c89 | 5424 2044 
  0x0000020851c472dc: 8b54 2430 | 4489 5424 | 2c4c 8b54 | 2440 4c89 | 5424 304c | 8b54 2448 | 4c89 5424 

  0x0000020851c472f8: ;   {runtime_call UncommonTrapBlob}
  0x0000020851c472f8: 4066 90e8 

  0x0000020851c472fc: ; ImmutableOopMap {rbp=NarrowOop [32]=Oop [44]=NarrowOop [48]=Oop [64]=Oop [80]=Oop [88]=NarrowOop [92]=NarrowOop }
                      ;*ifnull {reexecute=1 rethrow=0 return_oop=0}
                      ; - (reexecute) java.awt.EventQueue::postEventPrivate@18
                      ; - java.awt.EventQueue::postEvent@9
                      ; - sun.awt.PostEventQueue::flush@87
                      ; - sun.awt.SunToolkit::flushPendingEvents@15
                      ; - java.awt.EventQueue::getNextEvent@4
                      ; - java.awt.EventDispatchThread::pumpOneEventForFilters@20
  0x0000020851c472fc: 000a 91ff 

  0x0000020851c47300: ;   {other}
  0x0000020851c47300: 0f1f 8400 | f062 0072 | ba45 ffff | ff4c 8b54 | 2428 4c89 | 5424 2044 | 8b5c 2430 | 4489 5c24 
  0x0000020851c47320: 2c4c 8b54 | 2440 4c89 | 5424 304c | 8b54 2448 | 4c89 5424 

  0x0000020851c47334: ;   {runtime_call UncommonTrapBlob}
  0x0000020851c47334: 4066 90e8 

  0x0000020851c47338: ; ImmutableOopMap {rbp=NarrowOop [32]=Oop [44]=NarrowOop [48]=Oop [64]=Oop [80]=Oop [88]=NarrowOop [92]=NarrowOop }
                      ;*ifnonnull {reexecute=1 rethrow=0 return_oop=0}
                      ; - (reexecute) java.awt.EventQueue::postEventPrivate@43
                      ; - java.awt.EventQueue::postEvent@9
                      ; - sun.awt.PostEventQueue::flush@87
                      ; - sun.awt.SunToolkit::flushPendingEvents@15
                      ; - java.awt.EventQueue::getNextEvent@4
                      ; - java.awt.EventDispatchThread::pumpOneEventForFilters@20
  0x0000020851c47338: c409 91ff 

  0x0000020851c4733c: ;   {other}
  0x0000020851c4733c: 0f1f 8400 | 2c63 0073 | ba45 ffff | ff4c 8b54 | 2428 4c89 | 5424 2044 | 8b54 2430 | 4489 5424 
  0x0000020851c4735c: 2c4c 8b54 | 2440 4c89 | 5424 304c | 8b54 2448 | 4c89 5424 | 404c 8944 | 2448 895c 

  0x0000020851c47378: ;   {runtime_call UncommonTrapBlob}
  0x0000020851c47378: 2450 90e8 

  0x0000020851c4737c: ; ImmutableOopMap {rbp=NarrowOop [32]=Oop [44]=NarrowOop [48]=Oop [64]=Oop [72]=Oop [80]=NarrowOop }
                      ;*if_acmpeq {reexecute=1 rethrow=0 return_oop=0}
                      ; - (reexecute) java.util.concurrent.locks.ReentrantLock$Sync::tryRelease@14
                      ; - java.util.concurrent.locks.AbstractQueuedSynchronizer::release@2
                      ; - java.util.concurrent.locks.ReentrantLock::unlock@5
                      ; - java.awt.EventQueue::postEventPrivate@83
                      ; - java.awt.EventQueue::postEvent@9
                      ; - sun.awt.PostEventQueue::flush@87
                      ; - sun.awt.SunToolkit::flushPendingEvents@15
                      ; - java.awt.EventQueue::getNextEvent@4
                      ; - java.awt.EventDispatchThread::pumpOneEventForFilters@20
  0x0000020851c4737c: 8009 91ff 

  0x0000020851c47380: ;   {other}
  0x0000020851c47380: 0f1f 8400 | 7063 0074 | ba45 ffff | ff4c 8b54 | 2428 4c89 | 5424 2044 | 8b54 2430 | 4489 5424 
  0x0000020851c473a0: 2c4c 8b54 | 2440 4c89 | 5424 304c | 8b54 2450 | 4c89 5424 | 384c 8b54 | 2448 4c89 | 5424 4044 
  0x0000020851c473c0: 8b54 2458 | 4489 5424 | 4c44 8b5c | 245c 4489 

  0x0000020851c473d0: ;   {runtime_call UncommonTrapBlob}
  0x0000020851c473d0: 5c24 50e8 

  0x0000020851c473d4: ; ImmutableOopMap {[32]=Oop [44]=NarrowOop [48]=Oop [56]=Oop [64]=Oop [76]=NarrowOop [80]=NarrowOop [120]=Oop }
                      ;*if_icmpne {reexecute=1 rethrow=0 return_oop=0}
                      ; - (reexecute) java.awt.EventQueue::postEvent@32
                      ; - java.awt.EventQueue::postEventPrivate@76
                      ; - java.awt.EventQueue::postEvent@9
                      ; - sun.awt.PostEventQueue::flush@87
                      ; - sun.awt.SunToolkit::flushPendingEvents@15
                      ; - java.awt.EventQueue::getNextEvent@4
                      ; - java.awt.EventDispatchThread::pumpOneEventForFilters@20
  0x0000020851c473d4: 2809 91ff 

  0x0000020851c473d8: ;   {other}
  0x0000020851c473d8: 0f1f 8400 | c863 0075 | 418b eb49 | 8bd9 498b | d749 ba60 | 1277 55fd | 7f00 0041 

  0x0000020851c473f4: ;   {other}
  0x0000020851c473f4: ffd2 0f1f | 8400 0000 | 0000 e903 | e3ff ff41 | 8bf3 498b | d949 8bd7 | 49ba 6012 | 7755 fd7f 
  0x0000020851c47414: 0000 41ff 

  0x0000020851c47418: ;   {other}
  0x0000020851c47418: d20f 1f84 | 0000 0000 | 00e9 a1e2 | ffff 418b | eb49 8bd9 | 498b d749 | ba60 1277 | 55fd 7f00 
  0x0000020851c47438: 0041 ffd2 

  0x0000020851c4743c: ;   {other}
  0x0000020851c4743c: 0f1f 8400 | 0000 0000 | e9fc e2ff | ff45 8be8 | 458b f248 | 8bea 418b | f349 8bd9 | 498b d749 
  0x0000020851c4745c: ba60 1277 | 55fd 7f00 | 0041 ffd2 

  0x0000020851c47468: ;   {other}
  0x0000020851c47468: 0f1f 8400 | 0000 0000 | 4c8b cb44 | 8bde 488b | d545 8bd6 | 458b c5e9 | f1e2 ffff | 498b d749 
  0x0000020851c47488: ba60 1277 | 55fd 7f00 | 0041 ffd2 

  0x0000020851c47494: ;   {other}
  0x0000020851c47494: 0f1f 8400 | 0000 0000 | e9f1 acff | ff49 8bd7 | 49ba 6012 | 7755 fd7f | 0000 41ff 

  0x0000020851c474b0: ;   {other}
  0x0000020851c474b0: d20f 1f84 | 0000 0000 | 00e9 b4bd | ffff 498b | d749 ba60 | 1277 55fd | 7f00 0041 

  0x0000020851c474cc: ;   {other}
  0x0000020851c474cc: ffd2 0f1f | 8400 0000 | 0000 e952 | bdff ffba | 45ff ffff | 4c8b 5424 | 284c 8954 | 2420 448b 
  0x0000020851c474ec: 5424 3044 | 8954 242c | 4c8b 5424 | 404c 8954 | 2430 4c8b | 5424 484c | 8954 2440 | 448b 5424 
  0x0000020851c4750c: 5844 8954 | 2448 4889 | 4c24 5844 | 895c 244c 

  0x0000020851c4751c: ;   {runtime_call UncommonTrapBlob}
  0x0000020851c4751c: 6666 90e8 

  0x0000020851c47520: ; ImmutableOopMap {rbp=NarrowOop [32]=Oop [44]=NarrowOop [48]=Oop [64]=Oop [72]=NarrowOop [76]=NarrowOop [80]=Oop [88]=Oop }
                      ;*if_acmpne {reexecute=1 rethrow=0 return_oop=0}
                      ; - (reexecute) java.util.concurrent.locks.ReentrantLock$Sync::isHeldExclusively@7
                      ; - java.util.concurrent.locks.AbstractQueuedSynchronizer$ConditionObject::signalAll@9
                      ; - java.awt.EventQueue::postEvent@109
                      ; - java.awt.EventQueue::postEventPrivate@76
                      ; - java.awt.EventQueue::postEvent@9
                      ; - sun.awt.PostEventQueue::flush@87
                      ; - sun.awt.SunToolkit::flushPendingEvents@15
                      ; - java.awt.EventQueue::getNextEvent@4
                      ; - java.awt.EventDispatchThread::pumpOneEventForFilters@20
  0x0000020851c47520: dc07 91ff 

  0x0000020851c47524: ;   {other}
  0x0000020851c47524: 0f1f 8400 | 1465 0076 | ba45 ffff | ff4c 8b54 | 2428 4c89 | 5424 2044 | 8b5c 2430 | 4489 5c24 
  0x0000020851c47544: 2c4c 8b54 | 2440 4c89 | 5424 304c | 8b54 2448 | 4c89 5424 | 4044 8b5c | 2458 458b | d344 8954 
  0x0000020851c47564: ;   {runtime_call UncommonTrapBlob}
  0x0000020851c47564: 244c 90e8 

  0x0000020851c47568: ; ImmutableOopMap {rbp=NarrowOop [32]=Oop [44]=NarrowOop [48]=Oop [64]=Oop [76]=NarrowOop [80]=Oop [88]=NarrowOop }
                      ;*if_acmpeq {reexecute=1 rethrow=0 return_oop=0}
                      ; - (reexecute) java.awt.EventQueue::postEvent@92
                      ; - java.awt.EventQueue::postEventPrivate@76
                      ; - java.awt.EventQueue::postEvent@9
                      ; - sun.awt.PostEventQueue::flush@87
                      ; - sun.awt.SunToolkit::flushPendingEvents@15
                      ; - java.awt.EventQueue::getNextEvent@4
                      ; - java.awt.EventDispatchThread::pumpOneEventForFilters@20
  0x0000020851c47568: 9407 91ff 

  0x0000020851c4756c: ;   {other}
  0x0000020851c4756c: 0f1f 8400 | 5c65 0077 | ba45 ffff | ff48 8b6c | 2428 448b | 5c24 3044 | 895c 2424 | 4c8b 5424 
  0x0000020851c4758c: 404c 8954 | 2428 4c8b | 5424 484c | 8954 2438 | 448b 5c24 | 5845 8bd3 | 4489 5424 | 4444 8b5c 
  0x0000020851c475ac: 245c 458b | d344 8954 

  0x0000020851c475b4: ;   {runtime_call UncommonTrapBlob}
  0x0000020851c475b4: 244c 90e8 

  0x0000020851c475b8: ; ImmutableOopMap {rbp=Oop [36]=NarrowOop [40]=Oop [56]=Oop [68]=NarrowOop [76]=NarrowOop [80]=Oop [88]=NarrowOop [92]=NarrowOop }
                      ;*ifnonnull {reexecute=1 rethrow=0 return_oop=0}
                      ; - (reexecute) sun.awt.AWTAutoShutdown::notifyThreadBusy@1
                      ; - java.awt.EventQueue::postEvent@102
                      ; - java.awt.EventQueue::postEventPrivate@76
                      ; - java.awt.EventQueue::postEvent@9
                      ; - sun.awt.PostEventQueue::flush@87
                      ; - sun.awt.SunToolkit::flushPendingEvents@15
                      ; - java.awt.EventQueue::getNextEvent@4
                      ; - java.awt.EventDispatchThread::pumpOneEventForFilters@20
  0x0000020851c475b8: 4407 91ff 

  0x0000020851c475bc: ;   {other}
  0x0000020851c475bc: 0f1f 8400 | ac65 0078 | ba45 ffff | ff4c 8b54 | 2428 4c89 | 5424 2044 | 8b54 2430 | 4489 5424 
  0x0000020851c475dc: 2c4c 8b54 | 2440 4c89 | 5424 304c | 8b54 2450 | 4c89 5424 | 384c 8b54 | 2448 4c89 | 5424 4044 
  0x0000020851c475fc: 8b54 2458 | 4489 5424 | 4c44 8b54 | 245c 4489 | 5424 5044 | 8b5c 2460 | 448b 5424 | 6444 895c 
  0x0000020851c4761c: 245c 4489 

  0x0000020851c47620: ;   {runtime_call UncommonTrapBlob}
  0x0000020851c47620: 5424 60e8 

  0x0000020851c47624: ; ImmutableOopMap {rbp=NarrowOop [32]=Oop [44]=NarrowOop [48]=Oop [56]=Oop [64]=Oop [76]=NarrowOop [80]=NarrowOop [92]=NarrowOop [96]=NarrowOop [100]=NarrowOop }
                      ;*ifnonnull {reexecute=1 rethrow=0 return_oop=0}
                      ; - (reexecute) sun.awt.AWTAutoShutdown::notifyThreadBusy@23
                      ; - java.awt.EventQueue::postEvent@102
                      ; - java.awt.EventQueue::postEventPrivate@76
                      ; - java.awt.EventQueue::postEvent@9
                      ; - sun.awt.PostEventQueue::flush@87
                      ; - sun.awt.SunToolkit::flushPendingEvents@15
                      ; - java.awt.EventQueue::getNextEvent@4
                      ; - java.awt.EventDispatchThread::pumpOneEventForFilters@20
  0x0000020851c47624: d806 91ff 

  0x0000020851c47628: ;   {other}
  0x0000020851c47628: 0f1f 8400 | 1866 0079 | baf6 ffff | ff48 8b6c | 2428 448b | 5c24 3044 | 895c 2424 | 4c8b 5424 
  0x0000020851c47648: 404c 8954 | 2428 4c8b | 5424 504c | 8954 2430 | 4c8b 5424 | 484c 8954 | 2438 448b | 5c24 5844 
  0x0000020851c47668: 895c 2440 | 448b 5424 | 5c44 8954 | 2444 4c8b | 5424 604c | 8954 2450 

  0x0000020851c47680: ;   {runtime_call UncommonTrapBlob}
  0x0000020851c47680: 6666 90e8 

  0x0000020851c47684: ; ImmutableOopMap {rbp=Oop [36]=NarrowOop [40]=Oop [48]=Oop [56]=Oop [64]=NarrowOop [68]=NarrowOop [80]=Oop [104]=Oop [112]=NarrowOop [116]=NarrowOop }
                      ;*invokevirtual lock {reexecute=0 rethrow=0 return_oop=0}
                      ; - java.util.concurrent.locks.ReentrantLock::lock@4
                      ; - java.awt.EventQueue::postEventPrivate@9
                      ; - java.awt.EventQueue::postEvent@9
                      ; - sun.awt.PostEventQueue::flush@87
                      ; - sun.awt.SunToolkit::flushPendingEvents@15
                      ; - java.awt.EventQueue::postEvent@4
                      ; - sun.awt.PostEventQueue::flush@87
                      ; - sun.awt.SunToolkit::flushPendingEvents@15
                      ; - java.awt.EventQueue::getNextEvent@4
                      ; - java.awt.EventDispatchThread::pumpOneEventForFilters@20
  0x0000020851c47684: 7806 91ff 

  0x0000020851c47688: ;   {other}
  0x0000020851c47688: 0f1f 8400 | 7866 007a | 498b cb48 | 8d94 24e0 | 0000 004d | 8bc7 49ba | 702f b855 | fd7f 0000 
  0x0000020851c476a8: ;   {other}
  0x0000020851c476a8: 41ff d20f | 1f84 0000 | 0000 00e9 | cab7 ffff | bade ffff | ff4c 8b54 | 2428 4c89 | 5424 2044 
  0x0000020851c476c8: 8b5c 2430 | 4489 5c24 | 2c4c 8b54 | 2440 4c89 | 5424 304c | 8b54 2448 | 4c89 5424 | 4044 8b5c 
  0x0000020851c476e8: 2458 4489 | 5c24 4844 | 8b54 245c | 4489 5424 | 4c4c 8b54 | 2460 4c89 | 5424 584c | 8b54 2468 
  0x0000020851c47708: 4c89 5424 

  0x0000020851c4770c: ;   {runtime_call UncommonTrapBlob}
  0x0000020851c4770c: 6066 90e8 

  0x0000020851c47710: ; ImmutableOopMap {rbp=NarrowOop [32]=Oop [44]=NarrowOop [48]=Oop [64]=Oop [72]=NarrowOop [76]=NarrowOop [80]=Oop [88]=Oop [96]=Oop [112]=NarrowOop [116]=NarrowOop }
                      ;*invokeinterface lock {reexecute=0 rethrow=0 return_oop=0}
                      ; - java.awt.EventQueue::postEventPrivate@9
                      ; - java.awt.EventQueue::postEvent@9
                      ; - sun.awt.PostEventQueue::flush@87
                      ; - sun.awt.SunToolkit::flushPendingEvents@15
                      ; - java.awt.EventQueue::postEvent@4
                      ; - sun.awt.PostEventQueue::flush@87
                      ; - sun.awt.SunToolkit::flushPendingEvents@15
                      ; - java.awt.EventQueue::getNextEvent@4
                      ; - java.awt.EventDispatchThread::pumpOneEventForFilters@20
  0x0000020851c47710: ec05 91ff 

  0x0000020851c47714: ;   {other}
  0x0000020851c47714: 0f1f 8400 | 0467 007b | bade ffff | ff4c 8b54 | 2428 4c89 | 5424 2044 | 8b54 2430 | 4489 5424 
  0x0000020851c47734: 2c4c 8b54 | 2440 4c89 | 5424 304c | 8b54 2448 | 4c89 5424 | 4044 8b54 | 2458 4489 | 5424 4844 
  0x0000020851c47754: 8b5c 245c | 4489 5c24 | 4c4c 8b54 | 2460 4c89 

  0x0000020851c47764: ;   {runtime_call UncommonTrapBlob}
  0x0000020851c47764: 5424 58e8 

  0x0000020851c47768: ; ImmutableOopMap {rbp=NarrowOop [32]=Oop [44]=NarrowOop [48]=Oop [64]=Oop [72]=NarrowOop [76]=NarrowOop [80]=Oop [88]=Oop [104]=Oop }
                      ;*invokeinterface unlock {reexecute=0 rethrow=0 return_oop=0}
                      ; - java.awt.EventQueue::postEventPrivate@83
                      ; - java.awt.EventQueue::postEvent@9
                      ; - sun.awt.PostEventQueue::flush@87
                      ; - sun.awt.SunToolkit::flushPendingEvents@15
                      ; - java.awt.EventQueue::postEvent@4
                      ; - sun.awt.PostEventQueue::flush@87
                      ; - sun.awt.SunToolkit::flushPendingEvents@15
                      ; - java.awt.EventQueue::getNextEvent@4
                      ; - java.awt.EventDispatchThread::pumpOneEventForFilters@20
  0x0000020851c47768: 9405 91ff 

  0x0000020851c4776c: ;   {other}
  0x0000020851c4776c: 0f1f 8400 | 5c67 007c | bae4 ffff | ff4c 8b54 | 2428 4c89 | 5424 2044 | 8b5c 2430 | 4489 5c24 
  0x0000020851c4778c: 2c4c 8b54 | 2440 4c89 | 5424 304c | 8b54 2448 | 4c89 5424 | 4044 8b5c | 2458 4489 | 5c24 4844 
  0x0000020851c477ac: 8b54 245c | 4489 5424 | 4c4c 8b54 | 2460 4c89 | 5424 584c | 8b54 2468 | 4c89 5424 | 6044 8b5c 
  0x0000020851c477cc: 2470 4489 | 5c24 6c44 | 8b5c 2474 | 4489 5c24 

  0x0000020851c477dc: ;   {runtime_call UncommonTrapBlob}
  0x0000020851c477dc: 7066 90e8 

  0x0000020851c477e0: ; ImmutableOopMap {rbp=NarrowOop [32]=Oop [44]=NarrowOop [48]=Oop [64]=Oop [72]=NarrowOop [76]=NarrowOop [80]=Oop [88]=Oop [96]=Oop [108]=NarrowOop [112]=NarrowOop [144]=Oop }
                      ;*aaload {reexecute=0 rethrow=0 return_oop=0}
                      ; - java.awt.EventQueue::postEvent@47
                      ; - java.awt.EventQueue::postEventPrivate@76
                      ; - java.awt.EventQueue::postEvent@9
                      ; - sun.awt.PostEventQueue::flush@87
                      ; - sun.awt.SunToolkit::flushPendingEvents@15
                      ; - java.awt.EventQueue::postEvent@4
                      ; - sun.awt.PostEventQueue::flush@87
                      ; - sun.awt.SunToolkit::flushPendingEvents@15
                      ; - java.awt.EventQueue::getNextEvent@4
                      ; - java.awt.EventDispatchThread::pumpOneEventForFilters@20
  0x0000020851c477e0: 1c05 91ff 

  0x0000020851c477e4: ;   {other}
  0x0000020851c477e4: 0f1f 8400 | d467 007d | 33ed 4585 | db40 0f94 | c5ba 45ff | ffff 4c8b | 5424 284c | 8954 2420 
  0x0000020851c47804: 448b 5c24 | 3044 895c | 242c 4c8b | 5424 404c | 8954 2430 | 4c8b 5424 | 504c 8954 | 2438 4c8b 
  0x0000020851c47824: 5424 484c | 8954 2440 | 448b 5c24 | 5845 8bd3 | 4489 5424 | 4c44 8b5c | 245c 4489 | 5c24 5044 
  0x0000020851c47844: 8b54 2460 | 448b 5c24 | 6444 8954 | 245c 4489 

  0x0000020851c47854: ;   {runtime_call UncommonTrapBlob}
  0x0000020851c47854: 5c24 60e8 

  0x0000020851c47858: ; ImmutableOopMap {[32]=Oop [44]=NarrowOop [48]=Oop [56]=Oop [64]=Oop [76]=NarrowOop [80]=NarrowOop [92]=NarrowOop [96]=NarrowOop [100]=NarrowOop }
                      ;*ifeq {reexecute=1 rethrow=0 return_oop=0}
                      ; - (reexecute) sun.awt.AWTAutoShutdown::isReadyToShutdown@16
                      ; - sun.awt.AWTAutoShutdown::notifyThreadBusy@34
                      ; - java.awt.EventQueue::postEvent@102
                      ; - java.awt.EventQueue::postEventPrivate@76
                      ; - java.awt.EventQueue::postEvent@9
                      ; - sun.awt.PostEventQueue::flush@87
                      ; - sun.awt.SunToolkit::flushPendingEvents@15
                      ; - java.awt.EventQueue::getNextEvent@4
                      ; - java.awt.EventDispatchThread::pumpOneEventForFilters@20
  0x0000020851c47858: a404 91ff 

  0x0000020851c4785c: ;   {other}
  0x0000020851c4785c: 0f1f 8400 | 4c68 007e | 498b cb48 | 8d94 24e0 | 0000 004d | 8bc7 49ba | 702f b855 | fd7f 0000 
  0x0000020851c4787c: ;   {other}
  0x0000020851c4787c: 41ff d20f | 1f84 0000 | 0000 00e9 | 0bc2 ffff | 498b d34c | 8d84 24e0 | 0000 0048 | 8b6c 2428 
  0x0000020851c4789c: ;   {runtime_call _complete_monitor_locking_Java}
  0x0000020851c4789c: 6666 90e8 

  0x0000020851c478a0: ; ImmutableOopMap {rbp=Oop [32]=Oop [40]=Oop [48]=NarrowOop [52]=NarrowOop [56]=Oop [64]=Oop [72]=Oop [80]=Oop [88]=NarrowOop [92]=NarrowOop [96]=Oop }
                      ;*monitorenter {reexecute=0 rethrow=0 return_oop=0}
                      ; - sun.awt.PostEventQueue::flush@101
                      ; - sun.awt.SunToolkit::flushPendingEvents@15
                      ; - java.awt.EventQueue::postEvent@4
                      ; - sun.awt.PostEventQueue::flush@87
                      ; - sun.awt.SunToolkit::flushPendingEvents@15
                      ; - java.awt.EventQueue::getNextEvent@4
                      ; - java.awt.EventDispatchThread::pumpOneEventForFilters@20
  0x0000020851c478a0: dce8 9eff 

  0x0000020851c478a4: ;   {other}
  0x0000020851c478a4: 0f1f 8400 | 9468 007f | e92f caff | ffba e4ff | ffff 4c8b | 5424 284c | 8954 2420 | 448b 5c24 
  0x0000020851c478c4: 3044 895c | 242c 4c8b | 5424 404c | 8954 2430 | 4c8b 5424 | 504c 8954 | 2438 4c8b | 5424 484c 
  0x0000020851c478e4: 8954 2440 | 448b 5c24 | 5845 8bd3 | 4489 5424 | 4c44 8b5c | 245c 4489 | 5c24 504c | 8b54 2478 
  0x0000020851c47904: 4c89 5424 

  0x0000020851c47908: ;   {runtime_call UncommonTrapBlob}
  0x0000020851c47908: 6866 90e8 

  0x0000020851c4790c: ; ImmutableOopMap {rbp=NarrowOop [32]=Oop [44]=NarrowOop [48]=Oop [56]=Oop [64]=Oop [76]=NarrowOop [80]=NarrowOop [104]=Oop [120]=Oop }
                      ;*aastore {reexecute=1 rethrow=0 return_oop=0}
                      ; - (reexecute) java.awt.EventQueue::cacheEQItem@58
                      ; - java.awt.EventQueue::postEvent@21
                      ; - java.awt.EventQueue::postEventPrivate@76
                      ; - java.awt.EventQueue::postEvent@9
                      ; - sun.awt.PostEventQueue::flush@87
                      ; - sun.awt.SunToolkit::flushPendingEvents@15
                      ; - java.awt.EventQueue::getNextEvent@4
                      ; - java.awt.EventDispatchThread::pumpOneEventForFilters@20
  0x0000020851c4790c: f003 91ff 

  0x0000020851c47910: ;   {other}
  0x0000020851c47910: 0f1f 8400 | 0069 0080 | 448b 570c | 4585 d20f | 84fa d4ff | ff4d 8b5f | 2849 8bca | 4d85 db0f 
  0x0000020851c47930: 8499 1900 | 004d 8b57 | 384b 894c | 1af8 4983 | c3f8 4d89 | 5f28 e9d4 | d4ff ffba | f6ff ffff 
  0x0000020851c47950: 488b 6c24 | 2844 8b5c | 2430 4489 | 5c24 244c | 8b54 2440 | 4c89 5424 | 284c 8b54 | 2450 4c89 
  0x0000020851c47970: 5424 304c | 8b54 2448 | 4c89 5424 | 3844 8b5c | 2458 4489 | 5c24 4044 | 8b54 245c | 4489 5424 
  0x0000020851c47990: 444c 8b54 | 2460 4c89 

  0x0000020851c47998: ;   {runtime_call UncommonTrapBlob}
  0x0000020851c47998: 5424 50e8 

  0x0000020851c4799c: ; ImmutableOopMap {rbp=Oop [36]=NarrowOop [40]=Oop [48]=Oop [56]=Oop [64]=NarrowOop [68]=NarrowOop [80]=Oop [104]=Oop [112]=NarrowOop }
                      ;*getfield head {reexecute=1 rethrow=0 return_oop=0}
                      ; - (reexecute) java.awt.EventQueue::noEvents@13
                      ; - java.awt.EventQueue::postEvent@55
                      ; - java.awt.EventQueue::postEventPrivate@76
                      ; - java.awt.EventQueue::postEvent@9
                      ; - sun.awt.PostEventQueue::flush@87
                      ; - sun.awt.SunToolkit::flushPendingEvents@15
                      ; - java.awt.EventQueue::postEvent@4
                      ; - sun.awt.PostEventQueue::flush@87
                      ; - sun.awt.SunToolkit::flushPendingEvents@15
                      ; - java.awt.EventQueue::getNextEvent@4
                      ; - java.awt.EventDispatchThread::pumpOneEventForFilters@20
  0x0000020851c4799c: 6003 91ff 

  0x0000020851c479a0: ;   {other}
  0x0000020851c479a0: 0f1f 8400 | 9069 0081 | baf6 ffff | ff48 8b6c | 2428 448b | 5424 3044 | 8954 2424 | 4c8b 5424 
  0x0000020851c479c0: 404c 8954 | 2428 4c8b | 5424 504c | 8954 2430 | 4c8b 5424 | 484c 8954 | 2438 448b | 5424 5844 
  0x0000020851c479e0: 8954 2440 | 448b 5c24 | 5c44 895c | 2444 4c8b | 5424 604c | 8954 2450 | 4c8b 5424 | 684c 8954 
  0x0000020851c47a00: 2458 448b | 5424 7045 | 8bda 4489 

  0x0000020851c47a0c: ;   {runtime_call UncommonTrapBlob}
  0x0000020851c47a0c: 5c24 64e8 

  0x0000020851c47a10: ; ImmutableOopMap {rbp=Oop [36]=NarrowOop [40]=Oop [48]=Oop [56]=Oop [64]=NarrowOop [68]=NarrowOop [80]=Oop [88]=Oop [100]=NarrowOop [112]=NarrowOop [116]=NarrowOop }
                      ;*monitorenter {reexecute=0 rethrow=0 return_oop=0}
                      ; - sun.awt.AWTAutoShutdown::notifyThreadBusy@11
                      ; - java.awt.EventQueue::postEvent@102
                      ; - java.awt.EventQueue::postEventPrivate@76
                      ; - java.awt.EventQueue::postEvent@9
                      ; - sun.awt.PostEventQueue::flush@87
                      ; - sun.awt.SunToolkit::flushPendingEvents@15
                      ; - java.awt.EventQueue::postEvent@4
                      ; - sun.awt.PostEventQueue::flush@87
                      ; - sun.awt.SunToolkit::flushPendingEvents@15
                      ; - java.awt.EventQueue::getNextEvent@4
                      ; - java.awt.EventDispatchThread::pumpOneEventForFilters@20
  0x0000020851c47a10: ec02 91ff 

  0x0000020851c47a14: ;   {other}
  0x0000020851c47a14: 0f1f 8400 | 046a 0082 | baf6 ffff | ff48 8b6c | 2428 448b | 5424 3044 | 8954 2424 | 4c8b 5424 
  0x0000020851c47a34: 404c 8954 | 2428 4c8b | 5424 504c | 8954 2430 | 4c8b 5424 | 484c 8954 | 2438 448b | 5424 5844 
  0x0000020851c47a54: 8954 2440 | 448b 5c24 | 5c44 895c | 2444 4c8b | 5424 604c | 8954 2450 | 4c8b 5424 | 684c 8954 
  0x0000020851c47a74: 2458 448b | 5424 7045 | 8bda 4489 | 5c24 6444 | 8b9c 2480 | 0000 0044 | 895c 2470 

  0x0000020851c47a90: ;   {runtime_call UncommonTrapBlob}
  0x0000020851c47a90: 6666 90e8 

  0x0000020851c47a94: ; ImmutableOopMap {rbp=Oop [36]=NarrowOop [40]=Oop [48]=Oop [56]=Oop [64]=NarrowOop [68]=NarrowOop [80]=Oop [88]=Oop [100]=NarrowOop [112]=NarrowOop [116]=NarrowOop [128]=NarrowOop }
                      ;*monitorenter {reexecute=0 rethrow=0 return_oop=0}
                      ; - sun.awt.AWTAutoShutdown::notifyThreadBusy@18
                      ; - java.awt.EventQueue::postEvent@102
                      ; - java.awt.EventQueue::postEventPrivate@76
                      ; - java.awt.EventQueue::postEvent@9
                      ; - sun.awt.PostEventQueue::flush@87
                      ; - sun.awt.SunToolkit::flushPendingEvents@15
                      ; - java.awt.EventQueue::postEvent@4
                      ; - sun.awt.PostEventQueue::flush@87
                      ; - sun.awt.SunToolkit::flushPendingEvents@15
                      ; - java.awt.EventQueue::getNextEvent@4
                      ; - java.awt.EventDispatchThread::pumpOneEventForFilters@20
  0x0000020851c47a94: 6802 91ff 

  0x0000020851c47a98: ;   {other}
  0x0000020851c47a98: 0f1f 8400 | 886a 0083 | ba76 ffff | ff48 8b6c | 2428 448b | 5c24 3044 | 895c 2424 | 4c8b 5424 
  0x0000020851c47ab8: 404c 8954 | 2428 4c8b | 5424 504c | 8954 2430 | 4c8b 5424 | 484c 8954 | 2438 448b | 5c24 5844 
  0x0000020851c47ad8: 895c 2440 | 448b 5424 | 5c44 8954 | 2444 4c8b | 5424 604c | 8954 2450 | 4c8b 5424 | 684c 8954 
  0x0000020851c47af8: 2458 448b | 5424 7045 | 8bda 4489 

  0x0000020851c47b04: ;   {runtime_call UncommonTrapBlob}
  0x0000020851c47b04: 5c24 64e8 

  0x0000020851c47b08: ; ImmutableOopMap {rbp=Oop [36]=NarrowOop [40]=Oop [48]=Oop [56]=Oop [64]=NarrowOop [68]=NarrowOop [80]=Oop [88]=Oop [100]=NarrowOop [112]=NarrowOop [116]=NarrowOop [144]=Oop }
                      ;*if_icmpge {reexecute=1 rethrow=0 return_oop=0}
                      ; - (reexecute) java.awt.EventQueue::noEvents@4
                      ; - java.awt.EventQueue::postEvent@55
                      ; - java.awt.EventQueue::postEventPrivate@76
                      ; - java.awt.EventQueue::postEvent@9
                      ; - sun.awt.PostEventQueue::flush@87
                      ; - sun.awt.SunToolkit::flushPendingEvents@15
                      ; - java.awt.EventQueue::postEvent@4
                      ; - sun.awt.PostEventQueue::flush@87
                      ; - sun.awt.SunToolkit::flushPendingEvents@15
                      ; - java.awt.EventQueue::getNextEvent@4
                      ; - java.awt.EventDispatchThread::pumpOneEventForFilters@20
  0x0000020851c47b08: f401 91ff 

  0x0000020851c47b0c: ;   {other}
  0x0000020851c47b0c: 0f1f 8400 | fc6a 0084 | bae4 ffff | ff4c 8b54 | 2428 4c89 | 5424 2044 | 8b54 2430 | 4489 5424 
  0x0000020851c47b2c: 2c4c 8b54 | 2440 4c89 | 5424 304c | 8b54 2448 | 4c89 5424 | 4044 8b54 | 2458 4489 | 5424 4844 
  0x0000020851c47b4c: 8b5c 245c | 4489 5c24 | 4c4c 8b54 | 2460 4c89 | 5424 584c | 8b54 2468 | 4c89 5424 | 6044 8b54 
  0x0000020851c47b6c: 2470 458b | da44 895c 

  0x0000020851c47b74: ;   {runtime_call UncommonTrapBlob}
  0x0000020851c47b74: 246c 90e8 

  0x0000020851c47b78: ; ImmutableOopMap {rbp=NarrowOop [32]=Oop [44]=NarrowOop [48]=Oop [64]=Oop [72]=NarrowOop [76]=NarrowOop [80]=Oop [88]=Oop [96]=Oop [108]=NarrowOop [112]=NarrowOop [116]=NarrowOop [144]=Oop }
                      ;*aaload {reexecute=0 rethrow=0 return_oop=0}
                      ; - java.awt.EventQueue::noEvents@12
                      ; - java.awt.EventQueue::postEvent@55
                      ; - java.awt.EventQueue::postEventPrivate@76
                      ; - java.awt.EventQueue::postEvent@9
                      ; - sun.awt.PostEventQueue::flush@87
                      ; - sun.awt.SunToolkit::flushPendingEvents@15
                      ; - java.awt.EventQueue::postEvent@4
                      ; - sun.awt.PostEventQueue::flush@87
                      ; - sun.awt.SunToolkit::flushPendingEvents@15
                      ; - java.awt.EventQueue::getNextEvent@4
                      ; - java.awt.EventDispatchThread::pumpOneEventForFilters@20
  0x0000020851c47b78: 8401 91ff 

  0x0000020851c47b7c: ;   {other}
  0x0000020851c47b7c: 0f1f 8400 | 6c6b 0085 | 498b d34c | 8d84 24e0 | 0000 0048 | 8b6c 2428 

  0x0000020851c47b94: ;   {runtime_call _complete_monitor_locking_Java}
  0x0000020851c47b94: 6666 90e8 

  0x0000020851c47b98: ; ImmutableOopMap {rbp=Oop [32]=Oop [40]=Oop [48]=NarrowOop [52]=NarrowOop [56]=Oop [64]=Oop [72]=Oop [80]=Oop [88]=NarrowOop [92]=NarrowOop [96]=Oop [104]=Oop [112]=NarrowOop [116]=NarrowOop [120]=Oop [128]=NarrowOop [136]=Oop [144]=Oop }
                      ;*monitorenter {reexecute=0 rethrow=0 return_oop=0}
                      ; - sun.awt.AWTAutoShutdown::notifyThreadBusy@11
                      ; - java.awt.EventQueue::postEvent@102
                      ; - java.awt.EventQueue::postEventPrivate@76
                      ; - java.awt.EventQueue::postEvent@9
                      ; - sun.awt.PostEventQueue::flush@87
                      ; - sun.awt.SunToolkit::flushPendingEvents@15
                      ; - java.awt.EventQueue::postEvent@4
                      ; - sun.awt.PostEventQueue::flush@87
                      ; - sun.awt.SunToolkit::flushPendingEvents@15
                      ; - java.awt.EventQueue::getNextEvent@4
                      ; - java.awt.EventDispatchThread::pumpOneEventForFilters@20
  0x0000020851c47b98: e4e5 9eff 

  0x0000020851c47b9c: ;   {other}
  0x0000020851c47b9c: 0f1f 8400 | 8c6b 0086 | e974 c2ff | ff49 8bd3 | 4c8d 8424 | e800 0000 | 488b 6c24 

  0x0000020851c47bb8: ;   {runtime_call _complete_monitor_locking_Java}
  0x0000020851c47bb8: 2866 90e8 

  0x0000020851c47bbc: ; ImmutableOopMap {rbp=Oop [32]=Oop [40]=Oop [48]=NarrowOop [52]=NarrowOop [56]=Oop [64]=Oop [72]=Oop [80]=Oop [88]=NarrowOop [92]=NarrowOop [96]=Oop [104]=Oop [112]=NarrowOop [116]=NarrowOop [120]=Oop [128]=NarrowOop [132]=NarrowOop [136]=Oop [144]=Oop [152]=Oop }
                      ;*monitorenter {reexecute=0 rethrow=0 return_oop=0}
                      ; - sun.awt.AWTAutoShutdown::notifyThreadBusy@18
                      ; - java.awt.EventQueue::postEvent@102
                      ; - java.awt.EventQueue::postEventPrivate@76
                      ; - java.awt.EventQueue::postEvent@9
                      ; - sun.awt.PostEventQueue::flush@87
                      ; - sun.awt.SunToolkit::flushPendingEvents@15
                      ; - java.awt.EventQueue::postEvent@4
                      ; - sun.awt.PostEventQueue::flush@87
                      ; - sun.awt.SunToolkit::flushPendingEvents@15
                      ; - java.awt.EventQueue::getNextEvent@4
                      ; - java.awt.EventDispatchThread::pumpOneEventForFilters@20
  0x0000020851c47bbc: c0e5 9eff 

  0x0000020851c47bc0: ;   {other}
  0x0000020851c47bc0: 0f1f 8400 | b06b 0087 | e9e6 c2ff | ffba deff | ffff 4c8b | 5424 284c | 8954 2420 | 448b 5424 
  0x0000020851c47be0: 3044 8954 | 242c 4c8b | 5424 404c | 8954 2430 | 4c8b 5424 | 484c 8954 | 2440 448b | 5424 5844 
  0x0000020851c47c00: 8954 2448 | 448b 5c24 | 5c44 895c | 244c 4c8b | 5424 604c | 8954 2458 | 4c8b 5424 | 684c 8954 
  0x0000020851c47c20: 2460 448b | 5424 7045 | 8bda 4489 | 5c24 6c44 | 8b94 2480 | 0000 0044 | 8b9c 2484 | 0000 0044 
  0x0000020851c47c40: 8954 247c | 4489 9c24 | 8000 0000 

  0x0000020851c47c4c: ;   {runtime_call UncommonTrapBlob}
  0x0000020851c47c4c: 6666 90e8 

  0x0000020851c47c50: ; ImmutableOopMap {rbp=NarrowOop [32]=Oop [44]=NarrowOop [48]=Oop [64]=Oop [72]=NarrowOop [76]=NarrowOop [80]=Oop [88]=Oop [96]=Oop [108]=NarrowOop [116]=NarrowOop [124]=NarrowOop [128]=NarrowOop [132]=NarrowOop }
                      ;*invokeinterface add {reexecute=0 rethrow=0 return_oop=0}
                      ; - sun.awt.AWTAutoShutdown::notifyThreadBusy@57
                      ; - java.awt.EventQueue::postEvent@102
                      ; - java.awt.EventQueue::postEventPrivate@76
                      ; - java.awt.EventQueue::postEvent@9
                      ; - sun.awt.PostEventQueue::flush@87
                      ; - sun.awt.SunToolkit::flushPendingEvents@15
                      ; - java.awt.EventQueue::postEvent@4
                      ; - sun.awt.PostEventQueue::flush@87
                      ; - sun.awt.SunToolkit::flushPendingEvents@15
                      ; - java.awt.EventQueue::getNextEvent@4
                      ; - java.awt.EventDispatchThread::pumpOneEventForFilters@20
  0x0000020851c47c50: ac00 91ff 

  0x0000020851c47c54: ;   {other}
  0x0000020851c47c54: 0f1f 8400 | 446c 0088 | 498b cb48 | 8d94 24e8 | 0000 004d | 8bc7 49ba | 702f b855 | fd7f 0000 
  0x0000020851c47c74: ;   {other}
  0x0000020851c47c74: 41ff d20f | 1f84 0000 | 0000 00e9 | c3c3 ffff | 498b cb48 | 8d94 24e0 | 0000 004d | 8bc7 49ba 
  0x0000020851c47c94: 702f b855 | fd7f 0000 

  0x0000020851c47c9c: ;   {other}
  0x0000020851c47c9c: 41ff d20f | 1f84 0000 | 0000 00e9 | 3ec4 ffff | bade ffff | ff4c 8b54 | 2428 4c89 | 5424 2044 
  0x0000020851c47cbc: 8b54 2430 | 4489 5424 | 2c4c 8b54 | 2440 4c89 | 5424 304c | 8b54 2448 | 4c89 5424 | 4044 8b54 
  0x0000020851c47cdc: 2458 4489 | 5424 4844 | 8b5c 245c | 4489 5c24 | 4c4c 8b54 | 2460 4c89 | 5424 584c | 8b54 2468 
  0x0000020851c47cfc: 4c89 5424 

  0x0000020851c47d00: ;   {runtime_call UncommonTrapBlob}
  0x0000020851c47d00: 6066 90e8 

  0x0000020851c47d04: ; ImmutableOopMap {rbp=NarrowOop [32]=Oop [44]=NarrowOop [48]=Oop [64]=Oop [72]=NarrowOop [76]=NarrowOop [80]=Oop [88]=Oop [96]=Oop [112]=NarrowOop }
                      ;*invokeinterface signalAll {reexecute=0 rethrow=0 return_oop=0}
                      ; - java.awt.EventQueue::postEvent@109
                      ; - java.awt.EventQueue::postEventPrivate@76
                      ; - java.awt.EventQueue::postEvent@9
                      ; - sun.awt.PostEventQueue::flush@87
                      ; - sun.awt.SunToolkit::flushPendingEvents@15
                      ; - java.awt.EventQueue::postEvent@4
                      ; - sun.awt.PostEventQueue::flush@87
                      ; - sun.awt.SunToolkit::flushPendingEvents@15
                      ; - java.awt.EventQueue::getNextEvent@4
                      ; - java.awt.EventDispatchThread::pumpOneEventForFilters@20
  0x0000020851c47d04: f8ff 90ff 

  0x0000020851c47d08: ;   {other}
  0x0000020851c47d08: 0f1f 8400 | f86c 0089 | bade ffff | ff48 8b6c | 2428 448b | 4424 3044 | 8944 2424 | 4c8b 4424 
  0x0000020851c47d28: 404c 8944 | 2428 4c8b | 4424 504c | 8944 2430 | 4c8b 4424 | 484c 8944 | 2438 448b | 4424 5844 
  0x0000020851c47d48: 8944 2440 | 448b 4c24 | 5c44 894c | 2444 4c8b | 4424 604c | 8944 2450 | 4c8b 4424 | 684c 8944 
  0x0000020851c47d68: 2458 448b | 4424 7044 | 8944 2460 | 4889 4c24 | 6844 895c | 2464 4489 

  0x0000020851c47d80: ;   {runtime_call UncommonTrapBlob}
  0x0000020851c47d80: 5424 70e8 

  0x0000020851c47d84: ; ImmutableOopMap {rbp=Oop [36]=NarrowOop [40]=Oop [48]=Oop [56]=Oop [64]=NarrowOop [68]=NarrowOop [80]=Oop [88]=Oop [96]=NarrowOop [100]=NarrowOop [104]=Oop [112]=NarrowOop }
                      ;*invokevirtual isHeldExclusively {reexecute=0 rethrow=0 return_oop=0}
                      ; - java.util.concurrent.locks.AbstractQueuedSynchronizer$ConditionObject::signalAll@9
                      ; - java.awt.EventQueue::postEvent@109
                      ; - java.awt.EventQueue::postEventPrivate@76
                      ; - java.awt.EventQueue::postEvent@9
                      ; - sun.awt.PostEventQueue::flush@87
                      ; - sun.awt.SunToolkit::flushPendingEvents@15
                      ; - java.awt.EventQueue::postEvent@4
                      ; - sun.awt.PostEventQueue::flush@87
                      ; - sun.awt.SunToolkit::flushPendingEvents@15
                      ; - java.awt.EventQueue::getNextEvent@4
                      ; - java.awt.EventDispatchThread::pumpOneEventForFilters@20
  0x0000020851c47d84: 78ff 90ff 

  0x0000020851c47d88: ;   {other}
  0x0000020851c47d88: 0f1f 8400 | 786d 008a | ba45 ffff | ff4c 8b54 | 2428 4c89 | 5424 2044 | 8b54 2430 | 4489 5424 
  0x0000020851c47da8: 2c4c 8b54 | 2440 4c89 | 5424 304c | 8b54 2448 | 4c89 5424 | 4044 8b54 | 2458 4489 | 5424 4844 
  0x0000020851c47dc8: 8b54 245c | 4489 5424 

  0x0000020851c47dd0: ;   {runtime_call UncommonTrapBlob}
  0x0000020851c47dd0: 4c66 90e8 

  0x0000020851c47dd4: ; ImmutableOopMap {rbp=NarrowOop [32]=Oop [44]=NarrowOop [48]=Oop [64]=Oop [72]=NarrowOop [76]=NarrowOop [80]=Oop [96]=Oop }
                      ;*ifnull {reexecute=1 rethrow=0 return_oop=0}
                      ; - (reexecute) sun.awt.PostEventQueue::flush@23
                      ; - sun.awt.SunToolkit::flushPendingEvents@15
                      ; - java.awt.EventQueue::postEvent@4
                      ; - sun.awt.PostEventQueue::flush@87
                      ; - sun.awt.SunToolkit::flushPendingEvents@15
                      ; - java.awt.EventQueue::getNextEvent@4
                      ; - java.awt.EventDispatchThread::pumpOneEventForFilters@20
  0x0000020851c47dd4: 28ff 90ff 

  0x0000020851c47dd8: ;   {other}
  0x0000020851c47dd8: 0f1f 8400 | c86d 008b | bade ffff | ff4c 8b54 | 2428 4c89 | 5424 2044 | 8b54 2430 | 4489 5424 
  0x0000020851c47df8: 2c4c 8b54 | 2440 4c89 | 5424 304c | 8b54 2448 | 4c89 5424 | 4044 8b54 | 2458 4489 | 5424 4844 
  0x0000020851c47e18: 8b5c 245c | 4489 5c24 | 4c4c 8b54 | 2460 4c89 | 5424 584c | 8b54 2468 | 4c89 5424 | 6044 8b54 
  0x0000020851c47e38: 2470 458b | da44 895c | 246c 448b | 5424 7444 | 8954 2470 | 448b 9c24 | 8000 0000 | 448b 9424 
  0x0000020851c47e58: 8400 0000 | 4489 5c24 | 7c44 8994 | 2480 0000 

  0x0000020851c47e68: ;   {runtime_call UncommonTrapBlob}
  0x0000020851c47e68: 0066 90e8 

  0x0000020851c47e6c: ; ImmutableOopMap {rbp=NarrowOop [32]=Oop [44]=NarrowOop [48]=Oop [64]=Oop [72]=NarrowOop [76]=NarrowOop [80]=Oop [88]=Oop [96]=Oop [108]=NarrowOop [112]=NarrowOop [124]=NarrowOop [128]=NarrowOop [132]=NarrowOop }
                      ;*invokeinterface isEmpty {reexecute=0 rethrow=0 return_oop=0}
                      ; - sun.awt.AWTAutoShutdown::isReadyToShutdown@11
                      ; - sun.awt.AWTAutoShutdown::notifyThreadBusy@34
                      ; - java.awt.EventQueue::postEvent@102
                      ; - java.awt.EventQueue::postEventPrivate@76
                      ; - java.awt.EventQueue::postEvent@9
                      ; - sun.awt.PostEventQueue::flush@87
                      ; - sun.awt.SunToolkit::flushPendingEvents@15
                      ; - java.awt.EventQueue::postEvent@4
                      ; - sun.awt.PostEventQueue::flush@87
                      ; - sun.awt.SunToolkit::flushPendingEvents@15
                      ; - java.awt.EventQueue::getNextEvent@4
                      ; - java.awt.EventDispatchThread::pumpOneEventForFilters@20
  0x0000020851c47e6c: 90fe 90ff 

  0x0000020851c47e70: ;   {other}
  0x0000020851c47e70: 0f1f 8400 | 606e 008c | 4c8b 9424 | 8000 0000 | 458b 92c4 | 0000 0045 | 85d2 0f84 | b8df ffff 
  0x0000020851c47e90: 4d8b 5f28 | 498b ca4d | 85db 0f84 | 4b14 0000 | 4d8b 5738 | 4b89 4c1a | f849 83c3 | f84d 895f 
  0x0000020851c47eb0: 28e9 92df | ffff 4d8b | 5748 4d8b | 5f58 f083 | 4424 c000 | 8039 0074 | 2f44 8821 | 4d85 d274 
  0x0000020851c47ed0: 0f4b 894c | 13f8 4983 | c2f8 4d89 | 5748 eb18 | 498b d749 | ba40 1277 | 55fd 7f00 | 0041 ffd2 
  0x0000020851c47ef0: ;   {other}
  0x0000020851c47ef0: 0f1f 8400 | 0000 0000 | 4c8b 9424 | 8000 0000 | 458b 9ac4 | 0000 0045 | 85db 0f84 | 3214 0000 
  0x0000020851c47f10: 4d8b d349 | 8bda e970 | dfff ff41 | 81fa 2003 | 0000 0f8d | 5014 0000 | 4181 fafa | 0100 000f 
  0x0000020851c47f30: 8519 a4ff | ffba 45ff | ffff 488b | 6c24 2889 | 5c24 2489 | 7c24 2c89 | 7424 3044 | 8954 2434 
  0x0000020851c47f50: ;   {runtime_call UncommonTrapBlob}
  0x0000020851c47f50: 6666 90e8 

  0x0000020851c47f54: ; ImmutableOopMap {rbp=Oop [36]=NarrowOop [44]=NarrowOop [48]=NarrowOop }
                      ;*lookupswitch {reexecute=1 rethrow=0 return_oop=0}
                      ; - (reexecute) java.awt.EventQueue::eventToCacheIndex@4
                      ; - java.awt.EventQueue::uncacheEQItem@4
                      ; - java.awt.EventQueue::getNextEventPrivate@60
                      ; - java.awt.EventQueue::getNextEvent@17
                      ; - java.awt.EventDispatchThread::pumpOneEventForFilters@20
  0x0000020851c47f54: a8fd 90ff 

  0x0000020851c47f58: ;   {other}
  0x0000020851c47f58: 0f1f 8400 | 486f 008d | 498b d749 | ba60 1277 | 55fd 7f00 | 0041 ffd2 

  0x0000020851c47f70: ;   {other}
  0x0000020851c47f70: 0f1f 8400 | 0000 0000 | e92d c2ff | ff49 8bd7 | 49ba 6012 | 7755 fd7f | 0000 41ff 

  0x0000020851c47f8c: ;   {other}
  0x0000020851c47f8c: d20f 1f84 | 0000 0000 | 00e9 f7c4 | ffff ba45 | ffff ff4c | 8b54 2428 | 4c89 5424 | 2044 8b54 
  0x0000020851c47fac: 2430 4489 | 5424 2c4c | 8b54 2440 | 4c89 5424 | 304c 8b54 | 2448 4c89 | 5424 4044 | 8b54 2458 
  0x0000020851c47fcc: 4489 5424 | 4844 8b54 | 245c 4489 | 5424 4c4c | 8b54 2460 | 4c89 5424 | 584c 8b54 | 2468 4c89 
  0x0000020851c47fec: ;   {runtime_call UncommonTrapBlob}
  0x0000020851c47fec: 5424 60e8 

  0x0000020851c47ff0: ; ImmutableOopMap {rbp=NarrowOop [32]=Oop [44]=NarrowOop [48]=Oop [64]=Oop [72]=NarrowOop [76]=NarrowOop [80]=Oop [88]=Oop [96]=Oop [112]=NarrowOop [116]=NarrowOop }
                      ;*ifnull {reexecute=1 rethrow=0 return_oop=0}
                      ; - (reexecute) java.awt.EventQueue::postEventPrivate@18
                      ; - java.awt.EventQueue::postEvent@9
                      ; - sun.awt.PostEventQueue::flush@87
                      ; - sun.awt.SunToolkit::flushPendingEvents@15
                      ; - java.awt.EventQueue::postEvent@4
                      ; - sun.awt.PostEventQueue::flush@87
                      ; - sun.awt.SunToolkit::flushPendingEvents@15
                      ; - java.awt.EventQueue::getNextEvent@4
                      ; - java.awt.EventDispatchThread::pumpOneEventForFilters@20
  0x0000020851c47ff0: 0cfd 90ff 

  0x0000020851c47ff4: ;   {other}
  0x0000020851c47ff4: 0f1f 8400 | e46f 008e | ba45 ffff | ff4c 8b54 | 2428 4c89 | 5424 2044 | 8b5c 2430 | 4489 5c24 
  0x0000020851c48014: 2c4c 8b54 | 2440 4c89 | 5424 304c | 8b54 2448 | 4c89 5424 | 4044 8b5c | 2458 4489 | 5c24 4844 
  0x0000020851c48034: 8b5c 245c | 4489 5c24 | 4c4c 8b54 | 2460 4c89 | 5424 584c | 8b54 2468 | 4c89 5424 

  0x0000020851c48050: ;   {runtime_call UncommonTrapBlob}
  0x0000020851c48050: 6066 90e8 

  0x0000020851c48054: ; ImmutableOopMap {rbp=NarrowOop [32]=Oop [44]=NarrowOop [48]=Oop [64]=Oop [72]=NarrowOop [76]=NarrowOop [80]=Oop [88]=Oop [96]=Oop [112]=NarrowOop [116]=NarrowOop }
                      ;*ifnonnull {reexecute=1 rethrow=0 return_oop=0}
                      ; - (reexecute) java.awt.EventQueue::postEventPrivate@43
                      ; - java.awt.EventQueue::postEvent@9
                      ; - sun.awt.PostEventQueue::flush@87
                      ; - sun.awt.SunToolkit::flushPendingEvents@15
                      ; - java.awt.EventQueue::postEvent@4
                      ; - sun.awt.PostEventQueue::flush@87
                      ; - sun.awt.SunToolkit::flushPendingEvents@15
                      ; - java.awt.EventQueue::getNextEvent@4
                      ; - java.awt.EventDispatchThread::pumpOneEventForFilters@20
  0x0000020851c48054: a8fc 90ff 

  0x0000020851c48058: ;   {other}
  0x0000020851c48058: 0f1f 8400 | 4870 008f | ba45 ffff | ff4c 8b54 | 2428 4c89 | 5424 2044 | 8b5c 2430 | 4489 5c24 
  0x0000020851c48078: 2c4c 8b54 | 2440 4c89 | 5424 304c | 8b54 2448 | 4c89 5424 | 4044 8b5c | 2458 4489 | 5c24 4844 
  0x0000020851c48098: 8b54 245c | 4489 5424 | 4c89 5c24 

  0x0000020851c480a4: ;   {runtime_call UncommonTrapBlob}
  0x0000020851c480a4: 7066 90e8 

  0x0000020851c480a8: ; ImmutableOopMap {rbp=NarrowOop [32]=Oop [44]=NarrowOop [48]=Oop [64]=Oop [72]=NarrowOop [76]=NarrowOop [80]=Oop [96]=Oop [104]=Oop [112]=NarrowOop }
                      ;*if_acmpeq {reexecute=1 rethrow=0 return_oop=0}
                      ; - (reexecute) java.util.concurrent.locks.ReentrantLock$Sync::tryRelease@14
                      ; - java.util.concurrent.locks.AbstractQueuedSynchronizer::release@2
                      ; - java.util.concurrent.locks.ReentrantLock::unlock@5
                      ; - java.awt.EventQueue::postEventPrivate@83
                      ; - java.awt.EventQueue::postEvent@9
                      ; - sun.awt.PostEventQueue::flush@87
                      ; - sun.awt.SunToolkit::flushPendingEvents@15
                      ; - java.awt.EventQueue::postEvent@4
                      ; - sun.awt.PostEventQueue::flush@87
                      ; - sun.awt.SunToolkit::flushPendingEvents@15
                      ; - java.awt.EventQueue::getNextEvent@4
                      ; - java.awt.EventDispatchThread::pumpOneEventForFilters@20
  0x0000020851c480a8: 54fc 90ff 

  0x0000020851c480ac: ;   {other}
  0x0000020851c480ac: 0f1f 8400 | 9c70 0090 | ba45 ffff | ff4c 8b54 | 2428 4c89 | 5424 2044 | 8b54 2430 | 4489 5424 
  0x0000020851c480cc: 2c4c 8b54 | 2440 4c89 | 5424 304c | 8b54 2448 | 4c89 5424 | 4044 8b54 | 2458 4489 | 5424 4844 
  0x0000020851c480ec: 8b5c 245c | 4489 5c24 | 4c4c 8b54 | 2460 4c89 | 5424 584c | 8b54 2468 | 4c89 5424 | 6044 8b54 
  0x0000020851c4810c: 2470 458b | da44 895c | 246c 448b | 5424 7444 | 8954 2470 

  0x0000020851c48120: ;   {runtime_call UncommonTrapBlob}
  0x0000020851c48120: 6666 90e8 

  0x0000020851c48124: ; ImmutableOopMap {[32]=Oop [44]=NarrowOop [48]=Oop [64]=Oop [72]=NarrowOop [76]=NarrowOop [80]=Oop [88]=Oop [96]=Oop [108]=NarrowOop [112]=NarrowOop [144]=Oop }
                      ;*if_icmpne {reexecute=1 rethrow=0 return_oop=0}
                      ; - (reexecute) java.awt.EventQueue::postEvent@32
                      ; - java.awt.EventQueue::postEventPrivate@76
                      ; - java.awt.EventQueue::postEvent@9
                      ; - sun.awt.PostEventQueue::flush@87
                      ; - sun.awt.SunToolkit::flushPendingEvents@15
                      ; - java.awt.EventQueue::postEvent@4
                      ; - sun.awt.PostEventQueue::flush@87
                      ; - sun.awt.SunToolkit::flushPendingEvents@15
                      ; - java.awt.EventQueue::getNextEvent@4
                      ; - java.awt.EventDispatchThread::pumpOneEventForFilters@20
  0x0000020851c48124: d8fb 90ff 

  0x0000020851c48128: ;   {other}
  0x0000020851c48128: 0f1f 8400 | 1871 0091 | 498b d749 | ba60 1277 | 55fd 7f00 | 0041 ffd2 

  0x0000020851c48140: ;   {other}
  0x0000020851c48140: 0f1f 8400 | 0000 0000 | e98e b8ff | ff49 8bd7 | 49ba 6012 | 7755 fd7f | 0000 41ff 

  0x0000020851c4815c: ;   {other}
  0x0000020851c4815c: d20f 1f84 | 0000 0000 | 00e9 28b8 | ffff 498b | d749 ba60 | 1277 55fd | 7f00 0041 

  0x0000020851c48178: ;   {other}
  0x0000020851c48178: ffd2 0f1f | 8400 0000 | 0000 e95f | b8ff ff49 | 8bd7 49ba | 6012 7755 | fd7f 0000 

  0x0000020851c48194: ;   {other}
  0x0000020851c48194: 41ff d20f | 1f84 0000 | 0000 00e9 | 47c1 ffff | 498b d749 | ba60 1277 | 55fd 7f00 | 0041 ffd2 
  0x0000020851c481b4: ;   {other}
  0x0000020851c481b4: 0f1f 8400 | 0000 0000 | e960 afff | ffba f6ff | ffff 488b | 6c24 2844 | 8b5c 2430 | 4489 5c24 
  0x0000020851c481d4: 244c 8b54 | 2440 4c89 | 5424 284c | 8b54 2448 | 4c89 5424 

  0x0000020851c481e8: ;   {runtime_call UncommonTrapBlob}
  0x0000020851c481e8: 3866 90e8 

  0x0000020851c481ec: ; ImmutableOopMap {rbp=Oop [36]=NarrowOop [40]=Oop [56]=Oop [80]=Oop [88]=NarrowOop [120]=Oop }
                      ;*putfield next {reexecute=1 rethrow=0 return_oop=0}
                      ; - (reexecute) java.awt.EventQueue::postEvent@144
                      ; - java.awt.EventQueue::postEventPrivate@76
                      ; - java.awt.EventQueue::postEvent@9
                      ; - sun.awt.PostEventQueue::flush@87
                      ; - sun.awt.SunToolkit::flushPendingEvents@15
                      ; - java.awt.EventQueue::getNextEvent@4
                      ; - java.awt.EventDispatchThread::pumpOneEventForFilters@20
  0x0000020851c481ec: 10fb 90ff 

  0x0000020851c481f0: ;   {other}
  0x0000020851c481f0: 0f1f 8400 | e071 0092 | bae4 ffff | ff4c 8b54 | 2428 4c89 | 5424 2044 | 8b5c 2430 | 4489 5c24 
  0x0000020851c48210: 2c4c 8b54 | 2440 4c89 | 5424 304c | 8b54 2450 | 4c89 5424 | 384c 8b54 | 2448 4c89 | 5424 4044 
  0x0000020851c48230: 8b5c 2458 | 4489 5c24 

  0x0000020851c48238: ;   {runtime_call UncommonTrapBlob}
  0x0000020851c48238: 4c66 90e8 

  0x0000020851c4823c: ; ImmutableOopMap {rbp=NarrowOop [32]=Oop [44]=NarrowOop [48]=Oop [56]=Oop [64]=Oop [76]=NarrowOop [120]=Oop }
                      ;*aaload {reexecute=0 rethrow=0 return_oop=0}
                      ; - java.awt.EventQueue::postEvent@152
                      ; - java.awt.EventQueue::postEventPrivate@76
                      ; - java.awt.EventQueue::postEvent@9
                      ; - sun.awt.PostEventQueue::flush@87
                      ; - sun.awt.SunToolkit::flushPendingEvents@15
                      ; - java.awt.EventQueue::getNextEvent@4
                      ; - java.awt.EventDispatchThread::pumpOneEventForFilters@20
  0x0000020851c4823c: c0fa 90ff 

  0x0000020851c48240: ;   {other}
  0x0000020851c48240: 0f1f 8400 | 3072 0093 | baf6 ffff | ff48 8b6c | 2428 448b | 5424 3044 | 8954 2424 | 4c8b 5424 
  0x0000020851c48260: 404c 8954 | 2428 4c8b | 5424 484c | 8954 2438 

  0x0000020851c48270: ;   {runtime_call UncommonTrapBlob}
  0x0000020851c48270: 6666 90e8 

  0x0000020851c48274: ; ImmutableOopMap {rbp=Oop [36]=NarrowOop [40]=Oop [56]=Oop [80]=Oop [88]=NarrowOop [120]=Oop }
                      ;*putfield tail {reexecute=1 rethrow=0 return_oop=0}
                      ; - (reexecute) java.awt.EventQueue::postEvent@154
                      ; - java.awt.EventQueue::postEventPrivate@76
                      ; - java.awt.EventQueue::postEvent@9
                      ; - sun.awt.PostEventQueue::flush@87
                      ; - sun.awt.SunToolkit::flushPendingEvents@15
                      ; - java.awt.EventQueue::getNextEvent@4
                      ; - java.awt.EventDispatchThread::pumpOneEventForFilters@20
  0x0000020851c48274: 88fa 90ff 

  0x0000020851c48278: ;   {other}
  0x0000020851c48278: 0f1f 8400 | 6872 0094 | 498b d749 | ba60 1277 | 55fd 7f00 | 0041 ffd2 

  0x0000020851c48290: ;   {other}
  0x0000020851c48290: 0f1f 8400 | 0000 0000 | e91b baff | ff49 8bd7 | 49ba 6012 | 7755 fd7f | 0000 41ff 

  0x0000020851c482ac: ;   {other}
  0x0000020851c482ac: d20f 1f84 | 0000 0000 | 00e9 49ba | ffff ba45 | ffff ff4c | 8b54 2428 | 4c89 5424 | 2044 8b54 
  0x0000020851c482cc: 2430 4489 | 5424 2c4c | 8b54 2440 | 4c89 5424 | 304c 8b54 | 2450 4c89 | 5424 384c | 8b54 2448 
  0x0000020851c482ec: 4c89 5424 | 4044 8b54 | 2458 4489 | 5424 4844 | 8b44 245c | 4489 4424 | 4c48 894c | 2478 4489 
  0x0000020851c4830c: ;   {runtime_call UncommonTrapBlob}
  0x0000020851c4830c: 5c24 74e8 

  0x0000020851c48310: ; ImmutableOopMap {rbp=NarrowOop [32]=Oop [44]=NarrowOop [48]=Oop [56]=Oop [64]=Oop [72]=NarrowOop [76]=NarrowOop [96]=Oop [104]=Oop [112]=NarrowOop [116]=NarrowOop [120]=Oop }
                      ;*if_acmpne {reexecute=1 rethrow=0 return_oop=0}
                      ; - (reexecute) java.util.concurrent.locks.ReentrantLock$Sync::isHeldExclusively@7
                      ; - java.util.concurrent.locks.AbstractQueuedSynchronizer$ConditionObject::signalAll@9
                      ; - java.awt.EventQueue::postEvent@109
                      ; - java.awt.EventQueue::postEventPrivate@76
                      ; - java.awt.EventQueue::postEvent@9
                      ; - sun.awt.PostEventQueue::flush@87
                      ; - sun.awt.SunToolkit::flushPendingEvents@15
                      ; - java.awt.EventQueue::postEvent@4
                      ; - sun.awt.PostEventQueue::flush@87
                      ; - sun.awt.SunToolkit::flushPendingEvents@15
                      ; - java.awt.EventQueue::getNextEvent@4
                      ; - java.awt.EventDispatchThread::pumpOneEventForFilters@20
  0x0000020851c48310: ecf9 90ff 

  0x0000020851c48314: ;   {other}
  0x0000020851c48314: 0f1f 8400 | 0473 0095 | ba45 ffff | ff4c 8b54 | 2428 4c89 | 5424 2044 | 8b54 2430 | 4489 5424 
  0x0000020851c48334: 2c4c 8b54 | 2440 4c89 | 5424 304c | 8b54 2448 | 4c89 5424 | 4044 8b54 | 2458 4489 | 5424 4844 
  0x0000020851c48354: 8b5c 245c | 4489 5c24 | 4c4c 8b54 | 2460 4c89 | 5424 584c | 8b54 2468 | 4c89 5424 | 6044 8b54 
  0x0000020851c48374: 2470 458b | da44 895c 

  0x0000020851c4837c: ;   {runtime_call UncommonTrapBlob}
  0x0000020851c4837c: 246c 90e8 

  0x0000020851c48380: ; ImmutableOopMap {rbp=NarrowOop [32]=Oop [44]=NarrowOop [48]=Oop [64]=Oop [72]=NarrowOop [76]=NarrowOop [80]=Oop [88]=Oop [96]=Oop [108]=NarrowOop [112]=NarrowOop }
                      ;*if_acmpeq {reexecute=1 rethrow=0 return_oop=0}
                      ; - (reexecute) java.awt.EventQueue::postEvent@92
                      ; - java.awt.EventQueue::postEventPrivate@76
                      ; - java.awt.EventQueue::postEvent@9
                      ; - sun.awt.PostEventQueue::flush@87
                      ; - sun.awt.SunToolkit::flushPendingEvents@15
                      ; - java.awt.EventQueue::postEvent@4
                      ; - sun.awt.PostEventQueue::flush@87
                      ; - sun.awt.SunToolkit::flushPendingEvents@15
                      ; - java.awt.EventQueue::getNextEvent@4
                      ; - java.awt.EventDispatchThread::pumpOneEventForFilters@20
  0x0000020851c48380: 7cf9 90ff 

  0x0000020851c48384: ;   {other}
  0x0000020851c48384: 0f1f 8400 | 7473 0096 | ba45 ffff | ff48 8b6c | 2428 448b | 5424 3044 | 8954 2424 | 4c8b 5424 
  0x0000020851c483a4: 404c 8954 | 2428 4c8b | 5424 504c | 8954 2430 | 4c8b 5424 | 484c 8954 | 2438 448b | 5424 5844 
  0x0000020851c483c4: 8954 2440 | 448b 5c24 | 5c44 895c | 2444 4c8b | 5424 604c | 8954 2450 | 4c8b 5424 | 684c 8954 
  0x0000020851c483e4: 2458 448b | 5424 7045 | 8bda 4489 | 5c24 6444 | 8b54 2474 | 4489 5424 

  0x0000020851c483fc: ;   {runtime_call UncommonTrapBlob}
  0x0000020851c483fc: 6c66 90e8 

  0x0000020851c48400: ; ImmutableOopMap {rbp=Oop [36]=NarrowOop [40]=Oop [48]=Oop [56]=Oop [64]=NarrowOop [68]=NarrowOop [80]=Oop [88]=Oop [100]=NarrowOop [108]=NarrowOop [112]=NarrowOop [116]=NarrowOop }
                      ;*ifnonnull {reexecute=1 rethrow=0 return_oop=0}
                      ; - (reexecute) sun.awt.AWTAutoShutdown::notifyThreadBusy@1
                      ; - java.awt.EventQueue::postEvent@102
                      ; - java.awt.EventQueue::postEventPrivate@76
                      ; - java.awt.EventQueue::postEvent@9
                      ; - sun.awt.PostEventQueue::flush@87
                      ; - sun.awt.SunToolkit::flushPendingEvents@15
                      ; - java.awt.EventQueue::postEvent@4
                      ; - sun.awt.PostEventQueue::flush@87
                      ; - sun.awt.SunToolkit::flushPendingEvents@15
                      ; - java.awt.EventQueue::getNextEvent@4
                      ; - java.awt.EventDispatchThread::pumpOneEventForFilters@20
  0x0000020851c48400: fcf8 90ff 

  0x0000020851c48404: ;   {other}
  0x0000020851c48404: 0f1f 8400 | f473 0097 | ba45 ffff | ff4c 8b54 | 2428 4c89 | 5424 2044 | 8b5c 2430 | 4489 5c24 
  0x0000020851c48424: 2c4c 8b54 | 2440 4c89 | 5424 304c | 8b54 2448 | 4c89 5424 | 4044 8b5c | 2458 4489 | 5c24 4844 
  0x0000020851c48444: 8b54 245c | 4489 5424 | 4c4c 8b54 | 2460 4c89 | 5424 584c | 8b54 2468 | 4c89 5424 | 6044 8b5c 
  0x0000020851c48464: 2470 4489 | 5c24 6c44 | 8b5c 2474 | 4489 5c24 | 7044 8b94 | 2480 0000 | 0044 8b9c | 2484 0000 
  0x0000020851c48484: 0044 8954 | 247c 4489 | 9c24 8000 

  0x0000020851c48490: ;   {runtime_call UncommonTrapBlob}
  0x0000020851c48490: 0000 90e8 

  0x0000020851c48494: ; ImmutableOopMap {rbp=NarrowOop [32]=Oop [44]=NarrowOop [48]=Oop [64]=Oop [72]=NarrowOop [76]=NarrowOop [80]=Oop [88]=Oop [96]=Oop [108]=NarrowOop [112]=NarrowOop [124]=NarrowOop [128]=NarrowOop [132]=NarrowOop }
                      ;*ifnonnull {reexecute=1 rethrow=0 return_oop=0}
                      ; - (reexecute) sun.awt.AWTAutoShutdown::notifyThreadBusy@23
                      ; - java.awt.EventQueue::postEvent@102
                      ; - java.awt.EventQueue::postEventPrivate@76
                      ; - java.awt.EventQueue::postEvent@9
                      ; - sun.awt.PostEventQueue::flush@87
                      ; - sun.awt.SunToolkit::flushPendingEvents@15
                      ; - java.awt.EventQueue::postEvent@4
                      ; - sun.awt.PostEventQueue::flush@87
                      ; - sun.awt.SunToolkit::flushPendingEvents@15
                      ; - java.awt.EventQueue::getNextEvent@4
                      ; - java.awt.EventDispatchThread::pumpOneEventForFilters@20
  0x0000020851c48494: 68f8 90ff 

  0x0000020851c48498: ;   {other}
  0x0000020851c48498: 0f1f 8400 | 8874 0098 | 33ed 4585 | d240 0f94 | c5ba 45ff | ffff 4c8b | 5424 284c | 8954 2420 
  0x0000020851c484b8: 448b 5c24 | 3044 895c | 242c 4c8b | 5424 404c | 8954 2430 | 4c8b 5424 | 484c 8954 | 2440 448b 
  0x0000020851c484d8: 5c24 5844 | 895c 2448 | 448b 5c24 | 5c44 895c | 244c 4c8b | 5424 604c | 8954 2458 | 4c8b 5424 
  0x0000020851c484f8: 684c 8954 | 2460 448b | 5424 7045 | 8bda 4489 | 5c24 6c44 | 8b54 2474 | 4489 5424 | 7044 8b9c 
  0x0000020851c48518: 2480 0000 | 0044 8b94 | 2484 0000 | 0044 895c | 247c 4489 | 9424 8000 

  0x0000020851c48530: ;   {runtime_call UncommonTrapBlob}
  0x0000020851c48530: 0000 90e8 

  0x0000020851c48534: ; ImmutableOopMap {[32]=Oop [44]=NarrowOop [48]=Oop [64]=Oop [72]=NarrowOop [76]=NarrowOop [80]=Oop [88]=Oop [96]=Oop [108]=NarrowOop [112]=NarrowOop [124]=NarrowOop [128]=NarrowOop [132]=NarrowOop }
                      ;*ifeq {reexecute=1 rethrow=0 return_oop=0}
                      ; - (reexecute) sun.awt.AWTAutoShutdown::isReadyToShutdown@16
                      ; - sun.awt.AWTAutoShutdown::notifyThreadBusy@34
                      ; - java.awt.EventQueue::postEvent@102
                      ; - java.awt.EventQueue::postEventPrivate@76
                      ; - java.awt.EventQueue::postEvent@9
                      ; - sun.awt.PostEventQueue::flush@87
                      ; - sun.awt.SunToolkit::flushPendingEvents@15
                      ; - java.awt.EventQueue::postEvent@4
                      ; - sun.awt.PostEventQueue::flush@87
                      ; - sun.awt.SunToolkit::flushPendingEvents@15
                      ; - java.awt.EventQueue::getNextEvent@4
                      ; - java.awt.EventDispatchThread::pumpOneEventForFilters@20
  0x0000020851c48534: c8f7 90ff 

  0x0000020851c48538: ;   {other}
  0x0000020851c48538: 0f1f 8400 | 2875 0099 | bae4 ffff | ff4c 8b54 | 2428 4c89 | 5424 2044 | 8b5c 2430 | 4489 5c24 
  0x0000020851c48558: 2c4c 8b54 | 2440 4c89 | 5424 304c | 8b54 2448 | 4c89 5424 | 4044 8b5c | 2458 4489 | 5c24 4844 
  0x0000020851c48578: 8b54 245c | 4489 5424 | 4c4c 8b54 | 2460 4c89 | 5424 584c | 8b54 2468 | 4c89 5424 | 6044 8b5c 
  0x0000020851c48598: 2470 4489 | 5c24 6c44 | 8b5c 2474 | 4489 5c24 | 704c 8b94 | 2490 0000 | 004c 8994 | 2488 0000 
  0x0000020851c485b8: ;   {runtime_call UncommonTrapBlob}
  0x0000020851c485b8: 0066 90e8 

  0x0000020851c485bc: ; ImmutableOopMap {rbp=NarrowOop [32]=Oop [44]=NarrowOop [48]=Oop [64]=Oop [72]=NarrowOop [76]=NarrowOop [80]=Oop [88]=Oop [96]=Oop [108]=NarrowOop [112]=NarrowOop [136]=Oop [144]=Oop }
                      ;*aastore {reexecute=1 rethrow=0 return_oop=0}
                      ; - (reexecute) java.awt.EventQueue::cacheEQItem@58
                      ; - java.awt.EventQueue::postEvent@21
                      ; - java.awt.EventQueue::postEventPrivate@76
                      ; - java.awt.EventQueue::postEvent@9
                      ; - sun.awt.PostEventQueue::flush@87
                      ; - sun.awt.SunToolkit::flushPendingEvents@15
                      ; - java.awt.EventQueue::postEvent@4
                      ; - sun.awt.PostEventQueue::flush@87
                      ; - sun.awt.SunToolkit::flushPendingEvents@15
                      ; - java.awt.EventQueue::getNextEvent@4
                      ; - java.awt.EventDispatchThread::pumpOneEventForFilters@20
  0x0000020851c485bc: 40f7 90ff 

  0x0000020851c485c0: ;   {other}
  0x0000020851c485c0: 0f1f 8400 | b075 009a | ba45 ffff | ff4c 8b54 | 2428 4c89 | 5424 2089 | 5c24 2889 

  0x0000020851c485dc: ;   {runtime_call UncommonTrapBlob}
  0x0000020851c485dc: 7424 2ce8 

  0x0000020851c485e0: ; ImmutableOopMap {rbp=NarrowOop [32]=Oop [40]=NarrowOop [44]=NarrowOop }
                      ;*ifeq {reexecute=1 rethrow=0 return_oop=0}
                      ; - (reexecute) java.util.concurrent.locks.LockSupport::unpark@8
                      ; - java.util.concurrent.locks.AbstractQueuedSynchronizer::signalNext@30
                      ; - java.util.concurrent.locks.AbstractQueuedSynchronizer::release@12
                      ; - java.util.concurrent.locks.ReentrantLock::unlock@5
                      ; - java.awt.EventQueue::getNextEvent@31
                      ; - java.awt.EventDispatchThread::pumpOneEventForFilters@20
  0x0000020851c485e0: 1cf7 90ff 

  0x0000020851c485e4: ;   {other}
  0x0000020851c485e4: 0f1f 8400 | d475 009b | ba45 ffff | ff48 8b6c | 2428 448b | 5c24 4c44 | 895c 2424 | 448b 5c24 
  0x0000020851c48604: 5044 8b54 | 2454 4489 | 5c24 3044 | 8954 2434 

  0x0000020851c48614: ;   {runtime_call UncommonTrapBlob}
  0x0000020851c48614: 6666 90e8 

  0x0000020851c48618: ; ImmutableOopMap {rbp=Oop [36]=NarrowOop [48]=NarrowOop [52]=NarrowOop [76]=NarrowOop [80]=NarrowOop [84]=NarrowOop }
                      ;*ifnull {reexecute=1 rethrow=0 return_oop=0}
                      ; - (reexecute) java.util.HashMap::removeNode@173
                      ; - java.util.HashMap::remove@9
                      ; - java.util.HashSet::remove@5
                      ; - sun.awt.AWTAutoShutdown::notifyThreadFree@24
                      ; - java.awt.EventQueue::getNextEvent@45
                      ; - java.awt.EventDispatchThread::pumpOneEventForFilters@20
  0x0000020851c48618: e4f6 90ff 

  0x0000020851c4861c: ;   {other}
  0x0000020851c4861c: 0f1f 8400 | 0c76 009c | 498b d749 | ba60 1277 | 55fd 7f00 | 0041 ffd2 

  0x0000020851c48634: ;   {other}
  0x0000020851c48634: 0f1f 8400 | 0000 0000 | e97f c0ff | ff49 8bd7 | 49ba 6012 | 7755 fd7f | 0000 41ff 

  0x0000020851c48650: ;   {other}
  0x0000020851c48650: d20f 1f84 | 0000 0000 | 00e9 c3c0 | ffff 4c8b | 9424 a000 | 0000 458b | 9ac4 0000 | 0045 85db 
  0x0000020851c48670: 0f84 68da | ffff 4d8b | 5728 498b | cb4d 85d2 | 0f84 820c | 0000 4d8b | 5f38 4b89 | 4c13 f849 
  0x0000020851c48690: 83c2 f84d | 8957 28e9 | 42da ffff | 4d8b 5748 | 4d8b 5f58 | f083 4424 | c000 8039 | 0074 2f44 
  0x0000020851c486b0: 8821 4d85 | d274 0f4b | 894c 13f8 | 4983 c2f8 | 4d89 5748 | eb18 498b | d749 ba40 | 1277 55fd 
  0x0000020851c486d0: 7f00 0041 

  0x0000020851c486d4: ;   {other}
  0x0000020851c486d4: ffd2 0f1f | 8400 0000 | 0000 4c8b | 9424 a000 | 0000 458b | 92c4 0000 | 0045 85d2 | 0f84 aa0c 
  0x0000020851c486f4: 0000 498b | dae9 23da | ffff 4181 | fb20 0300 | 000f 8dfd | 0c00 0041 | 81fb fa01 | 0000 0f85 
  0x0000020851c48714: adb3 ffff | ba45 ffff | ff48 8b6c | 2428 448b | 5424 3044 | 8954 2424 | 4c8b 5424 | 404c 8954 
  0x0000020851c48734: 2428 4c8b | 5424 504c | 8954 2430 | 4c8b 5424 | 484c 8954 | 2438 448b | 5424 5844 | 8954 2444 
  0x0000020851c48754: 448b 5424 | 5c44 8954 | 244c 4c8b | 5424 784c | 8954 2468 

  0x0000020851c48768: ;   {runtime_call UncommonTrapBlob}
  0x0000020851c48768: 6666 90e8 

  0x0000020851c4876c: ; ImmutableOopMap {rbp=Oop [36]=NarrowOop [40]=Oop [48]=Oop [56]=Oop [68]=NarrowOop [76]=NarrowOop [104]=Oop [120]=Oop }
                      ;*lookupswitch {reexecute=1 rethrow=0 return_oop=0}
                      ; - (reexecute) java.awt.EventQueue::eventToCacheIndex@4
                      ; - java.awt.EventQueue::cacheEQItem@4
                      ; - java.awt.EventQueue::postEvent@21
                      ; - java.awt.EventQueue::postEventPrivate@76
                      ; - java.awt.EventQueue::postEvent@9
                      ; - sun.awt.PostEventQueue::flush@87
                      ; - sun.awt.SunToolkit::flushPendingEvents@15
                      ; - java.awt.EventQueue::getNextEvent@4
                      ; - java.awt.EventDispatchThread::pumpOneEventForFilters@20
  0x0000020851c4876c: 90f5 90ff 

  0x0000020851c48770: ;   {other}
  0x0000020851c48770: 0f1f 8400 | 6077 009d | ba45 ffff | ff4c 8b54 | 2428 4c89 | 5424 2044 | 8b5c 2430 | 4489 5c24 
  0x0000020851c48790: 2c4c 8b54 | 2440 4c89 | 5424 304c | 8b54 2450 | 4c89 5424 | 384c 8b54 | 2448 4c89 | 5424 4044 
  0x0000020851c487b0: 8b5c 2458 | 458b d344 | 8954 244c | 448b 5c24 | 5c44 8954 | 2454 4489 

  0x0000020851c487c8: ;   {runtime_call UncommonTrapBlob}
  0x0000020851c487c8: 5c24 58e8 

  0x0000020851c487cc: ; ImmutableOopMap {[32]=Oop [44]=NarrowOop [48]=Oop [56]=Oop [64]=Oop [76]=NarrowOop [84]=NarrowOop [88]=NarrowOop }
                      ;*ifeq {reexecute=1 rethrow=0 return_oop=0}
                      ; - (reexecute) java.awt.EventQueue::coalesceEvent@38
                      ; - java.awt.EventQueue::postEvent@3
                      ; - java.awt.EventQueue::postEventPrivate@76
                      ; - java.awt.EventQueue::postEvent@9
                      ; - sun.awt.PostEventQueue::flush@87
                      ; - sun.awt.SunToolkit::flushPendingEvents@15
                      ; - java.awt.EventQueue::getNextEvent@4
                      ; - java.awt.EventDispatchThread::pumpOneEventForFilters@20
  0x0000020851c487cc: 30f5 90ff 

  0x0000020851c487d0: ;   {other}
  0x0000020851c487d0: 0f1f 8400 | c077 009e | 498b d749 | ba60 1277 | 55fd 7f00 | 0041 ffd2 

  0x0000020851c487e8: ;   {other}
  0x0000020851c487e8: 0f1f 8400 | 0000 0000 | e9a7 b3ff | ffba f6ff | ffff 488b | 6c24 2844 | 8b5c 2430 | 4489 5c24 
  0x0000020851c48808: 244c 8b54 | 2440 4c89 | 5424 284c | 8b54 2450 | 4c89 5424 | 304c 8b54 | 2448 4c89 | 5424 3844 
  0x0000020851c48828: 8b5c 2458 | 4489 5c24 | 4044 8b54 | 245c 4489 | 5424 444c | 8b54 2460 | 4c89 5424 | 504c 8b54 
  0x0000020851c48848: 2468 4c89 

  0x0000020851c4884c: ;   {runtime_call UncommonTrapBlob}
  0x0000020851c4884c: 5424 58e8 

  0x0000020851c48850: ; ImmutableOopMap {rbp=Oop [36]=NarrowOop [40]=Oop [48]=Oop [56]=Oop [64]=NarrowOop [68]=NarrowOop [80]=Oop [88]=Oop [112]=NarrowOop [144]=Oop }
                      ;*putfield next {reexecute=1 rethrow=0 return_oop=0}
                      ; - (reexecute) java.awt.EventQueue::postEvent@144
                      ; - java.awt.EventQueue::postEventPrivate@76
                      ; - java.awt.EventQueue::postEvent@9
                      ; - sun.awt.PostEventQueue::flush@87
                      ; - sun.awt.SunToolkit::flushPendingEvents@15
                      ; - java.awt.EventQueue::postEvent@4
                      ; - sun.awt.PostEventQueue::flush@87
                      ; - sun.awt.SunToolkit::flushPendingEvents@15
                      ; - java.awt.EventQueue::getNextEvent@4
                      ; - java.awt.EventDispatchThread::pumpOneEventForFilters@20
  0x0000020851c48850: acf4 90ff 

  0x0000020851c48854: ;   {other}
  0x0000020851c48854: 0f1f 8400 | 4478 009f | bae4 ffff | ff4c 8b54 | 2428 4c89 | 5424 2044 | 8b54 2430 | 4489 5424 
  0x0000020851c48874: 2c4c 8b54 | 2440 4c89 | 5424 304c | 8b54 2448 | 4c89 5424 | 4044 8b54 | 2458 4489 | 5424 4844 
  0x0000020851c48894: 8b5c 245c | 4489 5c24 | 4c4c 8b54 | 2460 4c89 | 5424 584c | 8b54 2468 | 4c89 5424 | 6044 8b54 
  0x0000020851c488b4: 2470 458b | da44 895c 

  0x0000020851c488bc: ;   {runtime_call UncommonTrapBlob}
  0x0000020851c488bc: 246c 90e8 

  0x0000020851c488c0: ; ImmutableOopMap {rbp=NarrowOop [32]=Oop [44]=NarrowOop [48]=Oop [64]=Oop [72]=NarrowOop [76]=NarrowOop [80]=Oop [88]=Oop [96]=Oop [108]=NarrowOop [144]=Oop }
                      ;*aaload {reexecute=0 rethrow=0 return_oop=0}
                      ; - java.awt.EventQueue::postEvent@152
                      ; - java.awt.EventQueue::postEventPrivate@76
                      ; - java.awt.EventQueue::postEvent@9
                      ; - sun.awt.PostEventQueue::flush@87
                      ; - sun.awt.SunToolkit::flushPendingEvents@15
                      ; - java.awt.EventQueue::postEvent@4
                      ; - sun.awt.PostEventQueue::flush@87
                      ; - sun.awt.SunToolkit::flushPendingEvents@15
                      ; - java.awt.EventQueue::getNextEvent@4
                      ; - java.awt.EventDispatchThread::pumpOneEventForFilters@20
  0x0000020851c488c0: 3cf4 90ff 

  0x0000020851c488c4: ;   {other}
  0x0000020851c488c4: 0f1f 8400 | b478 00a0 | baf6 ffff | ff48 8b6c | 2428 448b | 5424 3044 | 8954 2424 | 4c8b 5424 
  0x0000020851c488e4: 404c 8954 | 2428 4c8b | 5424 504c | 8954 2430 | 4c8b 5424 | 484c 8954 | 2438 448b | 5424 5844 
  0x0000020851c48904: 8954 2440 | 448b 5c24 | 5c44 895c | 2444 4c8b | 5424 604c | 8954 2450 | 4c8b 5424 | 684c 8954 
  0x0000020851c48924: ;   {runtime_call UncommonTrapBlob}
  0x0000020851c48924: 2458 90e8 

  0x0000020851c48928: ; ImmutableOopMap {rbp=Oop [36]=NarrowOop [40]=Oop [48]=Oop [56]=Oop [64]=NarrowOop [68]=NarrowOop [80]=Oop [88]=Oop [112]=NarrowOop [144]=Oop }
                      ;*putfield tail {reexecute=1 rethrow=0 return_oop=0}
                      ; - (reexecute) java.awt.EventQueue::postEvent@154
                      ; - java.awt.EventQueue::postEventPrivate@76
                      ; - java.awt.EventQueue::postEvent@9
                      ; - sun.awt.PostEventQueue::flush@87
                      ; - sun.awt.SunToolkit::flushPendingEvents@15
                      ; - java.awt.EventQueue::postEvent@4
                      ; - sun.awt.PostEventQueue::flush@87
                      ; - sun.awt.SunToolkit::flushPendingEvents@15
                      ; - java.awt.EventQueue::getNextEvent@4
                      ; - java.awt.EventDispatchThread::pumpOneEventForFilters@20
  0x0000020851c48928: d4f3 90ff 

  0x0000020851c4892c: ;   {other}
  0x0000020851c4892c: 0f1f 8400 | 1c79 00a1 | ba45 ffff | ff4c 8b54 | 2428 4c89 | 5424 204c | 8b54 2458 | 4c89 5424 
  0x0000020851c4894c: ;   {runtime_call UncommonTrapBlob}
  0x0000020851c4894c: 4066 90e8 

  0x0000020851c48950: ; ImmutableOopMap {rbp=NarrowOop [32]=Oop [64]=Oop [76]=NarrowOop [80]=Oop [88]=Oop }
                      ;*ifeq {reexecute=1 rethrow=0 return_oop=0}
                      ; - (reexecute) java.util.concurrent.locks.LockSupport::unpark@8
                      ; - java.util.concurrent.locks.AbstractQueuedSynchronizer::signalNext@30
                      ; - java.util.concurrent.locks.AbstractQueuedSynchronizer::release@12
                      ; - java.util.concurrent.locks.AbstractQueuedSynchronizer$ConditionObject::enableWait@62
                      ; - java.util.concurrent.locks.AbstractQueuedSynchronizer$ConditionObject::await@26
                      ; - java.awt.EventQueue::getNextEvent@52
                      ; - java.awt.EventDispatchThread::pumpOneEventForFilters@20
  0x0000020851c48950: acf3 90ff 

  0x0000020851c48954: ;   {other}
  0x0000020851c48954: 0f1f 8400 | 4479 00a2 

  0x0000020851c4895c: ;   {metadata('java/util/concurrent/locks/AbstractQueuedSynchronizer$ExclusiveNode')}
  0x0000020851c4895c: 48ba c0ad | 1b00 0802 

  0x0000020851c48964: ;   {runtime_call _new_instance_Java}
  0x0000020851c48964: 0000 90e8 

  0x0000020851c48968: ; ImmutableOopMap {[32]=Oop [40]=Oop [48]=NarrowOop [56]=Oop [76]=NarrowOop [80]=Oop [88]=NarrowOop [96]=Oop rbp=Derived_oop_[96] }
                      ;*new {reexecute=0 rethrow=0 return_oop=1}
                      ; - java.util.concurrent.locks.AbstractQueuedSynchronizer::tryInitializeHead@30
                      ; - java.util.concurrent.locks.AbstractQueuedSynchronizer$ConditionObject::newConditionNode@4
                      ; - java.util.concurrent.locks.AbstractQueuedSynchronizer$ConditionObject::await@15
                      ; - java.awt.EventQueue::getNextEvent@52
                      ; - java.awt.EventDispatchThread::pumpOneEventForFilters@20
  0x0000020851c48968: 1468 9eff 

  0x0000020851c4896c: ;   {other}
  0x0000020851c4896c: 0f1f 8400 | 5c79 00a3 | 4c8b d0e9 | 84d0 ffff | ba45 ffff | ff4c 8b54 | 2428 4c89 | 5424 2089 
  0x0000020851c4898c: 5c24 2889 | 7424 2c44 | 8944 2434 

  0x0000020851c48998: ;   {runtime_call UncommonTrapBlob}
  0x0000020851c48998: 6666 90e8 

  0x0000020851c4899c: ; ImmutableOopMap {[32]=Oop [40]=NarrowOop [44]=NarrowOop [52]=NarrowOop }
                      ;*ifeq {reexecute=1 rethrow=0 return_oop=0}
                      ; - (reexecute) jdk.internal.misc.Unsafe::getAndBitwiseAndInt@21
                      ; - java.util.concurrent.locks.AbstractQueuedSynchronizer$Node::getAndUnsetStatus@10
                      ; - java.util.concurrent.locks.AbstractQueuedSynchronizer::signalNext@22
                      ; - java.util.concurrent.locks.AbstractQueuedSynchronizer::release@12
                      ; - java.util.concurrent.locks.ReentrantLock::unlock@5
                      ; - java.awt.EventQueue::getNextEvent@31
                      ; - java.awt.EventDispatchThread::pumpOneEventForFilters@20
  0x0000020851c4899c: 60f3 90ff 

  0x0000020851c489a0: ;   {other}
  0x0000020851c489a0: 0f1f 8400 | 9079 00a4 | 458b 5318 | 4585 d20f | 8496 d8ff | ff4d 8b5f | 2849 8bca | 4d85 db0f 
  0x0000020851c489c0: 8460 0900 | 004d 8b57 | 384b 894c | 1af8 4983 | c3f8 4d89 | 5f28 e970 | d8ff ff4d | 8b57 484d 
  0x0000020851c489e0: 8b5f 58f0 | 8344 24c0 | 0080 3900 | 0f84 92d8 | ffff 4488 | 214d 85d2 | 751d 498b | d749 ba40 
  0x0000020851c48a00: 1277 55fd | 7f00 0041 

  0x0000020851c48a08: ;   {other}
  0x0000020851c48a08: ffd2 0f1f | 8400 0000 | 0000 e96d | d8ff ff4b | 894c 13f8 | 4983 c2f8 | 4d89 5748 | e95b d8ff 
  0x0000020851c48a28: ffba 45ff | ffff 4c8b | 5424 284c | 8954 2420 | 448b 5424 | 3044 8954 | 242c 4c8b | 5424 404c 
  0x0000020851c48a48: 8954 2430 

  0x0000020851c48a4c: ;   {runtime_call UncommonTrapBlob}
  0x0000020851c48a4c: 6666 90e8 

  0x0000020851c48a50: ; ImmutableOopMap {rbp=NarrowOop [32]=Oop [44]=NarrowOop [48]=Oop [72]=Oop [80]=Oop }
                      ;*ifeq {reexecute=1 rethrow=0 return_oop=0}
                      ; - (reexecute) java.util.concurrent.locks.LockSupport::unpark@8
                      ; - java.util.concurrent.locks.AbstractQueuedSynchronizer::signalNext@30
                      ; - java.util.concurrent.locks.AbstractQueuedSynchronizer::release@12
                      ; - java.util.concurrent.locks.ReentrantLock::unlock@5
                      ; - java.awt.EventQueue::postEventPrivate@83
                      ; - java.awt.EventQueue::postEvent@9
                      ; - sun.awt.PostEventQueue::flush@87
                      ; - sun.awt.SunToolkit::flushPendingEvents@15
                      ; - java.awt.EventQueue::getNextEvent@4
                      ; - java.awt.EventDispatchThread::pumpOneEventForFilters@20
  0x0000020851c48a50: acf2 90ff 

  0x0000020851c48a54: ;   {other}
  0x0000020851c48a54: 0f1f 8400 | 447a 00a5 | bac6 ffff | ff4c 8b54 | 2428 4c89 | 5424 2044 | 8b54 2430 | 4489 5424 
  0x0000020851c48a74: 2c4c 8b54 | 2440 4c89 | 5424 304c | 8b54 2450 | 4c89 5424 | 384c 8b54 | 2448 4c89 | 5424 4044 
  0x0000020851c48a94: 8b54 2458 | 4489 5424 | 4c44 8b5c | 2460 448b | 5424 6444 | 895c 2458 | 4489 5424 

  0x0000020851c48ab0: ;   {runtime_call UncommonTrapBlob}
  0x0000020851c48ab0: 6066 90e8 

  0x0000020851c48ab4: ; ImmutableOopMap {rbp=NarrowOop [32]=Oop [44]=NarrowOop [48]=Oop [56]=Oop [64]=Oop [76]=NarrowOop [88]=NarrowOop [92]=NarrowOop [96]=NarrowOop [100]=NarrowOop }
                      ;*invokevirtual put {reexecute=0 rethrow=0 return_oop=0}
                      ; - java.util.HashSet::add@8
                      ; - sun.awt.AWTAutoShutdown::notifyThreadBusy@57
                      ; - java.awt.EventQueue::postEvent@102
                      ; - java.awt.EventQueue::postEventPrivate@76
                      ; - java.awt.EventQueue::postEvent@9
                      ; - sun.awt.PostEventQueue::flush@87
                      ; - sun.awt.SunToolkit::flushPendingEvents@15
                      ; - java.awt.EventQueue::getNextEvent@4
                      ; - java.awt.EventDispatchThread::pumpOneEventForFilters@20
  0x0000020851c48ab4: 48f2 90ff 

  0x0000020851c48ab8: ;   {other}
  0x0000020851c48ab8: 0f1f 8400 | a87a 00a6 | 498b d749 | ba60 1277 | 55fd 7f00 | 0041 ffd2 

  0x0000020851c48ad0: ;   {other}
  0x0000020851c48ad0: 0f1f 8400 | 0000 0000 | e9d0 bdff | ff49 8bd7 | 49ba 6012 | 7755 fd7f | 0000 41ff 

  0x0000020851c48aec: ;   {other}
  0x0000020851c48aec: d20f 1f84 | 0000 0000 | 00e9 1dbe | ffff ba45 | ffff ff4c | 8b5c 2428 | 4c89 5c24 | 2044 8b5c 
  0x0000020851c48b0c: 244c 4489 | 5c24 2c4c | 8b5c 2450 | 4c89 5c24 | 304c 8b5c | 2458 4c89 | 5c24 4044 | 8954 2450 
  0x0000020851c48b2c: ;   {runtime_call UncommonTrapBlob}
  0x0000020851c48b2c: 6666 90e8 

  0x0000020851c48b30: ; ImmutableOopMap {[32]=Oop [44]=NarrowOop [48]=Oop [64]=Oop [80]=NarrowOop [88]=Oop }
                      ;*ifeq {reexecute=1 rethrow=0 return_oop=0}
                      ; - (reexecute) jdk.internal.misc.Unsafe::getAndBitwiseAndInt@21
                      ; - java.util.concurrent.locks.AbstractQueuedSynchronizer$Node::getAndUnsetStatus@10
                      ; - java.util.concurrent.locks.AbstractQueuedSynchronizer::signalNext@22
                      ; - java.util.concurrent.locks.AbstractQueuedSynchronizer::release@12
                      ; - java.util.concurrent.locks.AbstractQueuedSynchronizer$ConditionObject::enableWait@62
                      ; - java.util.concurrent.locks.AbstractQueuedSynchronizer$ConditionObject::await@26
                      ; - java.awt.EventQueue::getNextEvent@52
                      ; - java.awt.EventDispatchThread::pumpOneEventForFilters@20
  0x0000020851c48b30: ccf1 90ff 

  0x0000020851c48b34: ;   {other}
  0x0000020851c48b34: 0f1f 8400 | 247b 00a7 | 4181 fa20 | 0300 000f | 8d1f 0900 | 0041 81fa | fa01 0000 | 0f85 05bb 
  0x0000020851c48b54: ffff ba45 | ffff ff48 | 8b6c 2428 | 448b 5c24 | 3044 895c | 2424 4c8b | 5424 404c | 8954 2428 
  0x0000020851c48b74: 4c8b 5424 | 504c 8954 | 2430 4c8b | 5424 484c | 8954 2438 | 448b 5424 | 5844 8954 | 2440 448b 
  0x0000020851c48b94: 5c24 5c44 | 895c 2444 | 4c8b 5424 | 604c 8954 | 2450 4c8b | 5424 684c | 8954 2458 | 448b 5424 
  0x0000020851c48bb4: 7045 8bda | 4489 5c24 | 644c 8b94 | 2490 0000 | 004c 8994 | 2488 0000 | 0045 8bd0 | 4489 5424 
  0x0000020851c48bd4: ;   {runtime_call UncommonTrapBlob}
  0x0000020851c48bd4: 7066 90e8 

  0x0000020851c48bd8: ; ImmutableOopMap {rbp=Oop [36]=NarrowOop [40]=Oop [48]=Oop [56]=Oop [64]=NarrowOop [68]=NarrowOop [80]=Oop [88]=Oop [100]=NarrowOop [112]=NarrowOop [136]=Oop [144]=Oop }
                      ;*lookupswitch {reexecute=1 rethrow=0 return_oop=0}
                      ; - (reexecute) java.awt.EventQueue::eventToCacheIndex@4
                      ; - java.awt.EventQueue::cacheEQItem@4
                      ; - java.awt.EventQueue::postEvent@21
                      ; - java.awt.EventQueue::postEventPrivate@76
                      ; - java.awt.EventQueue::postEvent@9
                      ; - sun.awt.PostEventQueue::flush@87
                      ; - sun.awt.SunToolkit::flushPendingEvents@15
                      ; - java.awt.EventQueue::postEvent@4
                      ; - sun.awt.PostEventQueue::flush@87
                      ; - sun.awt.SunToolkit::flushPendingEvents@15
                      ; - java.awt.EventQueue::getNextEvent@4
                      ; - java.awt.EventDispatchThread::pumpOneEventForFilters@20
  0x0000020851c48bd8: 24f1 90ff 

  0x0000020851c48bdc: ;   {other}
  0x0000020851c48bdc: 0f1f 8400 | cc7b 00a8 | ba45 ffff | ff4c 8b54 | 2428 4c89 | 5424 2044 | 8b54 2430 | 4489 5424 
  0x0000020851c48bfc: 2c4c 8b54 | 2440 4c89 | 5424 304c | 8b54 2448 | 4c89 5424 | 4044 8b54 | 2458 4489 | 5424 4844 
  0x0000020851c48c1c: 8b5c 245c | 4489 5c24 | 4c4c 8b54 | 2460 4c89 | 5424 584c | 8b54 2468 | 4c89 5424 | 6044 8b54 
  0x0000020851c48c3c: 2470 458b | da44 895c 

  0x0000020851c48c44: ;   {runtime_call UncommonTrapBlob}
  0x0000020851c48c44: 246c 90e8 

  0x0000020851c48c48: ; ImmutableOopMap {[32]=Oop [44]=NarrowOop [48]=Oop [64]=Oop [72]=NarrowOop [76]=NarrowOop [80]=Oop [88]=Oop [96]=Oop [108]=NarrowOop [112]=NarrowOop [116]=NarrowOop }
                      ;*ifeq {reexecute=1 rethrow=0 return_oop=0}
                      ; - (reexecute) java.awt.EventQueue::coalesceEvent@38
                      ; - java.awt.EventQueue::postEvent@3
                      ; - java.awt.EventQueue::postEventPrivate@76
                      ; - java.awt.EventQueue::postEvent@9
                      ; - sun.awt.PostEventQueue::flush@87
                      ; - sun.awt.SunToolkit::flushPendingEvents@15
                      ; - java.awt.EventQueue::postEvent@4
                      ; - sun.awt.PostEventQueue::flush@87
                      ; - sun.awt.SunToolkit::flushPendingEvents@15
                      ; - java.awt.EventQueue::getNextEvent@4
                      ; - java.awt.EventDispatchThread::pumpOneEventForFilters@20
  0x0000020851c48c48: b4f0 90ff 

  0x0000020851c48c4c: ;   {other}
  0x0000020851c48c4c: 0f1f 8400 | 3c7c 00a9 | ba45 ffff | ff4c 8b54 | 2428 4c89 | 5424 2089 | 5c24 2c89 

  0x0000020851c48c68: ;   {runtime_call UncommonTrapBlob}
  0x0000020851c48c68: 7424 30e8 

  0x0000020851c48c6c: ; ImmutableOopMap {[32]=Oop [44]=NarrowOop [48]=NarrowOop }
                      ;*ifge {reexecute=1 rethrow=0 return_oop=0}
                      ; - (reexecute) java.util.concurrent.locks.ReentrantLock$NonfairSync::initialTryLock@36
                      ; - java.util.concurrent.locks.ReentrantLock$Sync::lock@1
                      ; - java.util.concurrent.locks.ReentrantLock::lock@4
                      ; - java.awt.EventQueue::getNextEvent@11
                      ; - java.awt.EventDispatchThread::pumpOneEventForFilters@20
  0x0000020851c48c6c: 90f0 90ff 

  0x0000020851c48c70: ;   {other}
  0x0000020851c48c70: 0f1f 8400 | 607c 00aa 

  0x0000020851c48c78: ;   {metadata('sun/awt/EventQueueItem'[])}
  0x0000020851c48c78: 48ba 4073 | 1301 0802 | 0000 41b8 | 0500 0000 | 488b 6c24 

  0x0000020851c48c8c: ;   {runtime_call _new_array_Java}
  0x0000020851c48c8c: 2866 90e8 

  0x0000020851c48c90: ; ImmutableOopMap {rbp=Oop [32]=Oop [40]=Oop [48]=NarrowOop [52]=NarrowOop [56]=Oop [64]=Oop [72]=Oop [80]=Oop [88]=NarrowOop [92]=NarrowOop [96]=NarrowOop [104]=Oop [120]=Oop [128]=Oop }
                      ;*anewarray {reexecute=0 rethrow=0 return_oop=1}
                      ; - java.awt.EventQueue::cacheEQItem@46
                      ; - java.awt.EventQueue::postEvent@21
                      ; - java.awt.EventQueue::postEventPrivate@76
                      ; - java.awt.EventQueue::postEvent@9
                      ; - sun.awt.PostEventQueue::flush@87
                      ; - sun.awt.SunToolkit::flushPendingEvents@15
                      ; - java.awt.EventQueue::getNextEvent@4
                      ; - java.awt.EventDispatchThread::pumpOneEventForFilters@20
  0x0000020851c48c90: 6ca7 9eff 

  0x0000020851c48c94: ;   {other}
  0x0000020851c48c94: 0f1f 8400 | 847c 00ab | 4c8b d0e9 | 96d1 ffff | bae4 ffff | ff4c 8b54 | 2428 4c89 | 5424 2044 
  0x0000020851c48cb4: 8b54 2430 | 4489 5424 | 2c4c 8b54 | 2440 4c89 | 5424 304c | 8b54 2450 | 4c89 5424 | 384c 8b54 
  0x0000020851c48cd4: 2448 4c89 | 5424 4044 | 8b5c 2458 | 4489 5c24 | 4c44 8b54 | 245c 4489 | 5424 5048 | 895c 2458 
  0x0000020851c48cf4: 4489 4424 

  0x0000020851c48cf8: ;   {runtime_call UncommonTrapBlob}
  0x0000020851c48cf8: 6466 90e8 

  0x0000020851c48cfc: ; ImmutableOopMap {[32]=Oop [44]=NarrowOop [48]=Oop [56]=Oop [64]=Oop [76]=NarrowOop [80]=NarrowOop [88]=Oop [100]=NarrowOop }
                      ;*aaload {reexecute=0 rethrow=0 return_oop=0}
                      ; - java.awt.EventQueue::coalesceMouseEvent@29
                      ; - java.awt.EventQueue::coalesceEvent@80
                      ; - java.awt.EventQueue::postEvent@3
                      ; - java.awt.EventQueue::postEventPrivate@76
                      ; - java.awt.EventQueue::postEvent@9
                      ; - sun.awt.PostEventQueue::flush@87
                      ; - sun.awt.SunToolkit::flushPendingEvents@15
                      ; - java.awt.EventQueue::getNextEvent@4
                      ; - java.awt.EventDispatchThread::pumpOneEventForFilters@20
  0x0000020851c48cfc: 00f0 90ff 

  0x0000020851c48d00: ;   {other}
  0x0000020851c48d00: 0f1f 8400 | f07c 00ac | bade ffff | ff4c 8b54 | 2428 4c89 | 5424 2044 | 8b54 2430 | 4489 5424 
  0x0000020851c48d20: 2c4c 8b54 | 2440 4c89 | 5424 304c | 8b54 2448 | 4c89 5424 

  0x0000020851c48d34: ;   {runtime_call UncommonTrapBlob}
  0x0000020851c48d34: 4066 90e8 

  0x0000020851c48d38: ; ImmutableOopMap {rbp=NarrowOop [32]=Oop [44]=NarrowOop [48]=Oop [64]=Oop [80]=Oop [88]=NarrowOop }
                      ;*checkcast {reexecute=0 rethrow=0 return_oop=0}
                      ; - java.awt.EventQueue::coalesceMouseEvent@4
                      ; - java.awt.EventQueue::coalesceEvent@80
                      ; - java.awt.EventQueue::postEvent@3
                      ; - java.awt.EventQueue::postEventPrivate@76
                      ; - java.awt.EventQueue::postEvent@9
                      ; - sun.awt.PostEventQueue::flush@87
                      ; - sun.awt.SunToolkit::flushPendingEvents@15
                      ; - java.awt.EventQueue::getNextEvent@4
                      ; - java.awt.EventDispatchThread::pumpOneEventForFilters@20
  0x0000020851c48d38: c4ef 90ff 

  0x0000020851c48d3c: ;   {other}
  0x0000020851c48d3c: 0f1f 8400 | 2c7d 00ad | ba45 ffff | ff4c 8b5c | 2428 4c89 | 5c24 2044 | 8b44 2430 | 4489 4424 
  0x0000020851c48d5c: 2c4c 8b5c | 2440 4c89 | 5c24 304c | 8b5c 2448 | 4c89 5c24 | 4044 8954 

  0x0000020851c48d74: ;   {runtime_call UncommonTrapBlob}
  0x0000020851c48d74: 244c 90e8 

  0x0000020851c48d78: ; ImmutableOopMap {[32]=Oop [44]=NarrowOop [48]=Oop [64]=Oop [76]=NarrowOop [80]=Oop }
                      ;*ifeq {reexecute=1 rethrow=0 return_oop=0}
                      ; - (reexecute) jdk.internal.misc.Unsafe::getAndBitwiseAndInt@21
                      ; - java.util.concurrent.locks.AbstractQueuedSynchronizer$Node::getAndUnsetStatus@10
                      ; - java.util.concurrent.locks.AbstractQueuedSynchronizer::signalNext@22
                      ; - java.util.concurrent.locks.AbstractQueuedSynchronizer::release@12
                      ; - java.util.concurrent.locks.ReentrantLock::unlock@5
                      ; - java.awt.EventQueue::postEventPrivate@83
                      ; - java.awt.EventQueue::postEvent@9
                      ; - sun.awt.PostEventQueue::flush@87
                      ; - sun.awt.SunToolkit::flushPendingEvents@15
                      ; - java.awt.EventQueue::getNextEvent@4
                      ; - java.awt.EventDispatchThread::pumpOneEventForFilters@20
  0x0000020851c48d78: 84ef 90ff 

  0x0000020851c48d7c: ;   {other}
  0x0000020851c48d7c: 0f1f 8400 | 6c7d 00ae | ba45 ffff | ff4c 8b54 | 2428 4c89 | 5424 2044 | 8b5c 2430 | 4489 5c24 
  0x0000020851c48d9c: 2c4c 8b54 | 2440 4c89 | 5424 304c | 8b54 2448 | 4c89 5424 | 4044 8b5c | 2458 4489 | 5c24 4844 
  0x0000020851c48dbc: 8b54 245c | 4489 5424 | 4c4c 8b54 | 2460 4c89 

  0x0000020851c48dcc: ;   {runtime_call UncommonTrapBlob}
  0x0000020851c48dcc: 5424 58e8 

  0x0000020851c48dd0: ; ImmutableOopMap {rbp=NarrowOop [32]=Oop [44]=NarrowOop [48]=Oop [64]=Oop [72]=NarrowOop [76]=NarrowOop [80]=Oop [88]=Oop [104]=Oop }
                      ;*ifeq {reexecute=1 rethrow=0 return_oop=0}
                      ; - (reexecute) java.util.concurrent.locks.LockSupport::unpark@8
                      ; - java.util.concurrent.locks.AbstractQueuedSynchronizer::signalNext@30
                      ; - java.util.concurrent.locks.AbstractQueuedSynchronizer::release@12
                      ; - java.util.concurrent.locks.ReentrantLock::unlock@5
                      ; - java.awt.EventQueue::postEventPrivate@83
                      ; - java.awt.EventQueue::postEvent@9
                      ; - sun.awt.PostEventQueue::flush@87
                      ; - sun.awt.SunToolkit::flushPendingEvents@15
                      ; - java.awt.EventQueue::postEvent@4
                      ; - sun.awt.PostEventQueue::flush@87
                      ; - sun.awt.SunToolkit::flushPendingEvents@15
                      ; - java.awt.EventQueue::getNextEvent@4
                      ; - java.awt.EventDispatchThread::pumpOneEventForFilters@20
  0x0000020851c48dd0: 2cef 90ff 

  0x0000020851c48dd4: ;   {other}
  0x0000020851c48dd4: 0f1f 8400 | c47d 00af | bac6 ffff | ff4c 8b54 | 2428 4c89 | 5424 2044 | 8b5c 2430 | 4489 5c24 
  0x0000020851c48df4: 2c4c 8b54 | 2440 4c89 | 5424 304c | 8b54 2448 | 4c89 5424 | 4044 8b5c | 2458 4489 | 5c24 4844 
  0x0000020851c48e14: 8b5c 245c | 4489 5c24 | 4c4c 8b54 | 2460 4c89 | 5424 584c | 8b54 2468 | 4c89 5424 | 6044 8b54 
  0x0000020851c48e34: 2470 458b | da44 895c | 246c 448b | 9424 8000 | 0000 448b | 9c24 8400 | 0000 4489 | 5424 7c44 
  0x0000020851c48e54: 899c 2480 

  0x0000020851c48e58: ;   {runtime_call UncommonTrapBlob}
  0x0000020851c48e58: 0000 00e8 

  0x0000020851c48e5c: ; ImmutableOopMap {rbp=NarrowOop [32]=Oop [44]=NarrowOop [48]=Oop [64]=Oop [72]=NarrowOop [76]=NarrowOop [80]=Oop [88]=Oop [96]=Oop [108]=NarrowOop [116]=NarrowOop [124]=NarrowOop [128]=NarrowOop [132]=NarrowOop }
                      ;*invokevirtual put {reexecute=0 rethrow=0 return_oop=0}
                      ; - java.util.HashSet::add@8
                      ; - sun.awt.AWTAutoShutdown::notifyThreadBusy@57
                      ; - java.awt.EventQueue::postEvent@102
                      ; - java.awt.EventQueue::postEventPrivate@76
                      ; - java.awt.EventQueue::postEvent@9
                      ; - sun.awt.PostEventQueue::flush@87
                      ; - sun.awt.SunToolkit::flushPendingEvents@15
                      ; - java.awt.EventQueue::postEvent@4
                      ; - sun.awt.PostEventQueue::flush@87
                      ; - sun.awt.SunToolkit::flushPendingEvents@15
                      ; - java.awt.EventQueue::getNextEvent@4
                      ; - java.awt.EventDispatchThread::pumpOneEventForFilters@20
  0x0000020851c48e5c: a0ee 90ff 

  0x0000020851c48e60: ;   {other}
  0x0000020851c48e60: 0f1f 8400 | 507e 00b0 | ba45 ffff | ff4c 8b54 | 2428 4c89 | 5424 2044 | 8b5c 2430 | 4489 5c24 
  0x0000020851c48e80: 2c4c 8b54 | 2440 4c89 | 5424 304c | 8b54 2450 | 4c89 5424 | 384c 8b54 | 2448 4c89 | 5424 4089 
  0x0000020851c48ea0: ;   {runtime_call UncommonTrapBlob}
  0x0000020851c48ea0: 5c24 50e8 

  0x0000020851c48ea4: ; ImmutableOopMap {[32]=Oop [44]=NarrowOop [48]=Oop [56]=Oop [64]=Oop [80]=NarrowOop [88]=NarrowOop [92]=NarrowOop }
                      ;*ifge {reexecute=1 rethrow=0 return_oop=0}
                      ; - (reexecute) java.util.concurrent.locks.ReentrantLock$NonfairSync::initialTryLock@36
                      ; - java.util.concurrent.locks.ReentrantLock$Sync::lock@1
                      ; - java.util.concurrent.locks.ReentrantLock::lock@4
                      ; - java.awt.EventQueue::postEventPrivate@9
                      ; - java.awt.EventQueue::postEvent@9
                      ; - sun.awt.PostEventQueue::flush@87
                      ; - sun.awt.SunToolkit::flushPendingEvents@15
                      ; - java.awt.EventQueue::getNextEvent@4
                      ; - java.awt.EventDispatchThread::pumpOneEventForFilters@20
  0x0000020851c48ea4: 58ee 90ff 

  0x0000020851c48ea8: ;   {other}
  0x0000020851c48ea8: 0f1f 8400 | 987e 00b1 | 4c8b 8424 | a000 0000 | baad ffff | ff48 8b6c | 2428 448b | 5424 4c44 
  0x0000020851c48ec8: 8954 2424 | 448b 5424 | 5044 8b5c | 2454 4489 | 5c24 2c44 | 8954 2430 | 4c89 4424 

  0x0000020851c48ee4: ;   {runtime_call UncommonTrapBlob}
  0x0000020851c48ee4: 5066 90e8 

  0x0000020851c48ee8: ; ImmutableOopMap {rbp=Oop [36]=NarrowOop [44]=NarrowOop [48]=NarrowOop [80]=Oop [88]=NarrowOop [92]=NarrowOop [120]=Oop [152]=NarrowOop }
                      ;*invokevirtual getTreeNode {reexecute=0 rethrow=0 return_oop=0}
                      ; - java.util.HashMap::removeNode@107
                      ; - java.util.HashMap::remove@9
                      ; - java.util.HashSet::remove@5
                      ; - sun.awt.AWTAutoShutdown::notifyThreadFree@24
                      ; - java.awt.EventQueue::getNextEvent@45
                      ; - java.awt.EventDispatchThread::pumpOneEventForFilters@20
  0x0000020851c48ee8: 14ee 90ff 

  0x0000020851c48eec: ;   {other}
  0x0000020851c48eec: 0f1f 8400 | dc7e 00b2 

  0x0000020851c48ef4: ;   {metadata('sun/awt/EventQueueItem'[])}
  0x0000020851c48ef4: 48ba 4073 | 1301 0802 | 0000 41b8 | 0500 0000 | 488b 6c24 

  0x0000020851c48f08: ;   {runtime_call _new_array_Java}
  0x0000020851c48f08: 2866 90e8 

  0x0000020851c48f0c: ; ImmutableOopMap {rbp=Oop [32]=Oop [40]=Oop [48]=NarrowOop [52]=NarrowOop [56]=Oop [64]=Oop [72]=Oop [80]=Oop [88]=NarrowOop [92]=NarrowOop [96]=Oop [104]=Oop [112]=NarrowOop [116]=NarrowOop [120]=Oop [128]=NarrowOop [136]=Oop [144]=Oop [160]=Oop }
                      ;*anewarray {reexecute=0 rethrow=0 return_oop=1}
                      ; - java.awt.EventQueue::cacheEQItem@46
                      ; - java.awt.EventQueue::postEvent@21
                      ; - java.awt.EventQueue::postEventPrivate@76
                      ; - java.awt.EventQueue::postEvent@9
                      ; - sun.awt.PostEventQueue::flush@87
                      ; - sun.awt.SunToolkit::flushPendingEvents@15
                      ; - java.awt.EventQueue::postEvent@4
                      ; - sun.awt.PostEventQueue::flush@87
                      ; - sun.awt.SunToolkit::flushPendingEvents@15
                      ; - java.awt.EventQueue::getNextEvent@4
                      ; - java.awt.EventDispatchThread::pumpOneEventForFilters@20
  0x0000020851c48f0c: f0a4 9eff 

  0x0000020851c48f10: ;   {other}
  0x0000020851c48f10: 0f1f 8400 | 007f 00b3 | 4c8b d0e9 | b0d1 ffff | bae4 ffff | ff4c 8b54 | 2428 4c89 | 5424 2044 
  0x0000020851c48f30: 8b54 2430 | 4489 5424 | 2c4c 8b54 | 2440 4c89 | 5424 304c | 8b54 2448 | 4c89 5424 | 4044 8b5c 
  0x0000020851c48f50: 2458 4489 | 5c24 4844 | 8b5c 245c | 4489 5c24 | 4c4c 8b54 | 2460 4c89 | 5424 584c | 8b54 2468 
  0x0000020851c48f70: 4c89 5424 | 6044 8b54 | 2470 458b | da44 895c | 246c 448b | 5424 7444 | 8954 2470 | 4889 5c24 
  0x0000020851c48f90: 7844 8984 | 2484 0000 

  0x0000020851c48f98: ;   {runtime_call UncommonTrapBlob}
  0x0000020851c48f98: 0066 90e8 

  0x0000020851c48f9c: ; ImmutableOopMap {[32]=Oop [44]=NarrowOop [48]=Oop [64]=Oop [72]=NarrowOop [76]=NarrowOop [80]=Oop [88]=Oop [96]=Oop [108]=NarrowOop [112]=NarrowOop [120]=Oop [132]=NarrowOop }
                      ;*aaload {reexecute=0 rethrow=0 return_oop=0}
                      ; - java.awt.EventQueue::coalesceMouseEvent@29
                      ; - java.awt.EventQueue::coalesceEvent@80
                      ; - java.awt.EventQueue::postEvent@3
                      ; - java.awt.EventQueue::postEventPrivate@76
                      ; - java.awt.EventQueue::postEvent@9
                      ; - sun.awt.PostEventQueue::flush@87
                      ; - sun.awt.SunToolkit::flushPendingEvents@15
                      ; - java.awt.EventQueue::postEvent@4
                      ; - sun.awt.PostEventQueue::flush@87
                      ; - sun.awt.SunToolkit::flushPendingEvents@15
                      ; - java.awt.EventQueue::getNextEvent@4
                      ; - java.awt.EventDispatchThread::pumpOneEventForFilters@20
  0x0000020851c48f9c: 60ed 90ff 

  0x0000020851c48fa0: ;   {other}
  0x0000020851c48fa0: 0f1f 8400 | 907f 00b4 | bade ffff | ff4c 8b54 | 2428 4c89 | 5424 2044 | 8b5c 2430 | 4489 5c24 
  0x0000020851c48fc0: 2c4c 8b54 | 2440 4c89 | 5424 304c | 8b54 2448 | 4c89 5424 | 4044 8b5c | 2458 4489 | 5c24 4844 
  0x0000020851c48fe0: 8b5c 245c | 4489 5c24 | 4c4c 8b54 | 2460 4c89 | 5424 584c | 8b54 2468 | 4c89 5424 

  0x0000020851c48ffc: ;   {runtime_call UncommonTrapBlob}
  0x0000020851c48ffc: 6066 90e8 

  0x0000020851c49000: ; ImmutableOopMap {rbp=NarrowOop [32]=Oop [44]=NarrowOop [48]=Oop [64]=Oop [72]=NarrowOop [76]=NarrowOop [80]=Oop [88]=Oop [96]=Oop [112]=NarrowOop }
                      ;*checkcast {reexecute=0 rethrow=0 return_oop=0}
                      ; - java.awt.EventQueue::coalesceMouseEvent@4
                      ; - java.awt.EventQueue::coalesceEvent@80
                      ; - java.awt.EventQueue::postEvent@3
                      ; - java.awt.EventQueue::postEventPrivate@76
                      ; - java.awt.EventQueue::postEvent@9
                      ; - sun.awt.PostEventQueue::flush@87
                      ; - sun.awt.SunToolkit::flushPendingEvents@15
                      ; - java.awt.EventQueue::postEvent@4
                      ; - sun.awt.PostEventQueue::flush@87
                      ; - sun.awt.SunToolkit::flushPendingEvents@15
                      ; - java.awt.EventQueue::getNextEvent@4
                      ; - java.awt.EventDispatchThread::pumpOneEventForFilters@20
  0x0000020851c49000: fcec 90ff 

  0x0000020851c49004: ;   {other}
  0x0000020851c49004: 0f1f 8400 | f47f 00b5 | bae4 ffff | ff48 8b6c | 2428 895c | 2424 895c | 2428 897c | 242c 8974 
  0x0000020851c49024: 2430 4489 

  0x0000020851c49028: ;   {runtime_call UncommonTrapBlob}
  0x0000020851c49028: 5c24 34e8 

  0x0000020851c4902c: ; ImmutableOopMap {rbp=Oop [36]=NarrowOop [40]=NarrowOop [44]=NarrowOop [48]=NarrowOop }
                      ;*aaload {reexecute=0 rethrow=0 return_oop=0}
                      ; - java.awt.EventQueue::getNextEventPrivate@53
                      ; - java.awt.EventQueue::getNextEvent@17
                      ; - java.awt.EventDispatchThread::pumpOneEventForFilters@20
  0x0000020851c4902c: d0ec 90ff 

  0x0000020851c49030: ;   {other}
  0x0000020851c49030: 0f1f 8400 | 2080 00b6 | baf6 ffff | ff48 8b6c | 2428 895c 

  0x0000020851c49044: ;   {runtime_call UncommonTrapBlob}
  0x0000020851c49044: 2424 90e8 

  0x0000020851c49048: ; ImmutableOopMap {rbp=Oop [36]=NarrowOop }
                      ;*putfield tail {reexecute=1 rethrow=0 return_oop=0}
                      ; - (reexecute) java.awt.EventQueue::getNextEventPrivate@55
                      ; - java.awt.EventQueue::getNextEvent@17
                      ; - java.awt.EventDispatchThread::pumpOneEventForFilters@20
  0x0000020851c49048: b4ec 90ff 

  0x0000020851c4904c: ;   {other}
  0x0000020851c4904c: 0f1f 8400 | 3c80 00b7 | ba45 ffff | ff4c 8b54 | 2428 4c89 | 5424 2044 | 8b5c 2430 | 4489 5c24 
  0x0000020851c4906c: 2c4c 8b54 | 2440 4c89 | 5424 304c | 8b54 2448 | 4c89 5424 | 4044 8b54 | 2458 4489 | 5424 4844 
  0x0000020851c4908c: 8b5c 245c | 4489 5c24 | 4c4c 8b54 | 2460 4c89 | 5424 584c | 8b54 2468 | 4c89 5424 | 6044 894c 
  0x0000020851c490ac: ;   {runtime_call UncommonTrapBlob}
  0x0000020851c490ac: 246c 90e8 

  0x0000020851c490b0: ; ImmutableOopMap {[32]=Oop [44]=NarrowOop [48]=Oop [64]=Oop [72]=NarrowOop [76]=NarrowOop [80]=Oop [88]=Oop [96]=Oop [108]=NarrowOop }
                      ;*ifeq {reexecute=1 rethrow=0 return_oop=0}
                      ; - (reexecute) jdk.internal.misc.Unsafe::getAndBitwiseAndInt@21
                      ; - java.util.concurrent.locks.AbstractQueuedSynchronizer$Node::getAndUnsetStatus@10
                      ; - java.util.concurrent.locks.AbstractQueuedSynchronizer::signalNext@22
                      ; - java.util.concurrent.locks.AbstractQueuedSynchronizer::release@12
                      ; - java.util.concurrent.locks.ReentrantLock::unlock@5
                      ; - java.awt.EventQueue::postEventPrivate@83
                      ; - java.awt.EventQueue::postEvent@9
                      ; - sun.awt.PostEventQueue::flush@87
                      ; - sun.awt.SunToolkit::flushPendingEvents@15
                      ; - java.awt.EventQueue::postEvent@4
                      ; - sun.awt.PostEventQueue::flush@87
                      ; - sun.awt.SunToolkit::flushPendingEvents@15
                      ; - java.awt.EventQueue::getNextEvent@4
                      ; - java.awt.EventDispatchThread::pumpOneEventForFilters@20
  0x0000020851c490b0: 4cec 90ff 

  0x0000020851c490b4: ;   {other}
  0x0000020851c490b4: 0f1f 8400 | a480 00b8 | 498b d749 | ba60 1277 | 55fd 7f00 | 0041 ffd2 

  0x0000020851c490cc: ;   {other}
  0x0000020851c490cc: 0f1f 8400 | 0000 0000 | e941 c0ff | ffba 45ff | ffff 4c8b | 5424 284c | 8954 2420 | 448b 5c24 
  0x0000020851c490ec: 3044 895c | 242c 4c8b | 5424 404c | 8954 2430 | 4c8b 5424 | 484c 8954 | 2440 448b | 5c24 5844 
  0x0000020851c4910c: 895c 2448 | 448b 5424 | 5c44 8954 | 244c 4c8b | 5424 604c | 8954 2458 | 4c8b 5424 | 684c 8954 
  0x0000020851c4912c: 2460 448b | 5c24 7044 | 895c 2468 | 895c 2470 

  0x0000020851c4913c: ;   {runtime_call UncommonTrapBlob}
  0x0000020851c4913c: 6666 90e8 

  0x0000020851c49140: ; ImmutableOopMap {[32]=Oop [44]=NarrowOop [48]=Oop [64]=Oop [72]=NarrowOop [76]=NarrowOop [80]=Oop [88]=Oop [96]=Oop [104]=NarrowOop [112]=NarrowOop [116]=NarrowOop }
                      ;*ifge {reexecute=1 rethrow=0 return_oop=0}
                      ; - (reexecute) java.util.concurrent.locks.ReentrantLock$NonfairSync::initialTryLock@36
                      ; - java.util.concurrent.locks.ReentrantLock$Sync::lock@1
                      ; - java.util.concurrent.locks.ReentrantLock::lock@4
                      ; - java.awt.EventQueue::postEventPrivate@9
                      ; - java.awt.EventQueue::postEvent@9
                      ; - sun.awt.PostEventQueue::flush@87
                      ; - sun.awt.SunToolkit::flushPendingEvents@15
                      ; - java.awt.EventQueue::postEvent@4
                      ; - sun.awt.PostEventQueue::flush@87
                      ; - sun.awt.SunToolkit::flushPendingEvents@15
                      ; - java.awt.EventQueue::getNextEvent@4
                      ; - java.awt.EventDispatchThread::pumpOneEventForFilters@20
  0x0000020851c49140: bceb 90ff 

  0x0000020851c49144: ;   {other}
  0x0000020851c49144: 0f1f 8400 | 3481 00b9 | 81fd 2003 | 0000 0f8d | 9c03 0000 | 81fd fa01 | 0000 0f85 | 5aba ffff 
  0x0000020851c49164: ba45 ffff | ff4c 8b54 | 2428 4c89 | 5424 2044 | 8b54 2430 | 4489 5424 | 2c4c 8b54 | 2440 4c89 
  0x0000020851c49184: 5424 304c | 8b54 2450 | 4c89 5424 | 384c 8b54 | 2448 4c89 | 5424 4044 | 8b5c 2458 | 458b d344 
  0x0000020851c491a4: 8954 244c | 448b 5c24 | 5c44 895c | 2450 4489 | 4424 6048 | 895c 2468 

  0x0000020851c491bc: ;   {runtime_call UncommonTrapBlob}
  0x0000020851c491bc: 6666 90e8 

  0x0000020851c491c0: ; ImmutableOopMap {[32]=Oop [44]=NarrowOop [48]=Oop [56]=Oop [64]=Oop [76]=NarrowOop [80]=NarrowOop [96]=NarrowOop [104]=Oop }
                      ;*lookupswitch {reexecute=1 rethrow=0 return_oop=0}
                      ; - (reexecute) java.awt.EventQueue::eventToCacheIndex@4
                      ; - java.awt.EventQueue::coalesceMouseEvent@18
                      ; - java.awt.EventQueue::coalesceEvent@80
                      ; - java.awt.EventQueue::postEvent@3
                      ; - java.awt.EventQueue::postEventPrivate@76
                      ; - java.awt.EventQueue::postEvent@9
                      ; - sun.awt.PostEventQueue::flush@87
                      ; - sun.awt.SunToolkit::flushPendingEvents@15
                      ; - java.awt.EventQueue::getNextEvent@4
                      ; - java.awt.EventDispatchThread::pumpOneEventForFilters@20
  0x0000020851c491c0: 3ceb 90ff 

  0x0000020851c491c4: ;   {other}
  0x0000020851c491c4: 0f1f 8400 | b481 00ba | baf6 ffff | ff4c 8b44 | 2428 4c89 | 4424 2044 | 8b44 244c | 4489 4424 
  0x0000020851c491e4: ;   {runtime_call UncommonTrapBlob}
  0x0000020851c491e4: 2c66 90e8 

  0x0000020851c491e8: ; ImmutableOopMap {[32]=Oop [44]=NarrowOop [80]=Oop [88]=Oop }
                      ;*invokevirtual isEnqueued {reexecute=0 rethrow=0 return_oop=0}
                      ; - java.util.concurrent.locks.AbstractQueuedSynchronizer$ConditionObject::canReacquire@26
                      ; - java.util.concurrent.locks.AbstractQueuedSynchronizer$ConditionObject::await@44
                      ; - java.awt.EventQueue::getNextEvent@52
                      ; - java.awt.EventDispatchThread::pumpOneEventForFilters@20
  0x0000020851c491e8: 14eb 90ff 

  0x0000020851c491ec: ;   {other}
  0x0000020851c491ec: 0f1f 8400 | dc81 00bb | 81fd 2003 | 0000 0f8d | 5803 0000 | 81fd fa01 | 0000 0f85 | e4bb ffff 
  0x0000020851c4920c: ba45 ffff | ff4c 8b54 | 2428 4c89 | 5424 2044 | 8b54 2430 | 4489 5424 | 2c4c 8b54 | 2440 4c89 
  0x0000020851c4922c: 5424 304c | 8b54 2448 | 4c89 5424 | 4044 8b5c | 2458 4489 | 5c24 4844 | 8b54 245c | 4489 5424 
  0x0000020851c4924c: 4c4c 8b54 | 2460 4c89 | 5424 584c | 8b54 2468 | 4c89 5424 | 6044 8b5c | 2470 4489 | 5c24 6c44 
  0x0000020851c4926c: 8b5c 2474 | 4489 5c24 | 7044 8984 | 2480 0000 | 0048 899c | 2488 0000 

  0x0000020851c49284: ;   {runtime_call UncommonTrapBlob}
  0x0000020851c49284: 0066 90e8 

  0x0000020851c49288: ; ImmutableOopMap {[32]=Oop [44]=NarrowOop [48]=Oop [64]=Oop [72]=NarrowOop [76]=NarrowOop [80]=Oop [88]=Oop [96]=Oop [108]=NarrowOop [112]=NarrowOop [128]=NarrowOop [136]=Oop }
                      ;*lookupswitch {reexecute=1 rethrow=0 return_oop=0}
                      ; - (reexecute) java.awt.EventQueue::eventToCacheIndex@4
                      ; - java.awt.EventQueue::coalesceMouseEvent@18
                      ; - java.awt.EventQueue::coalesceEvent@80
                      ; - java.awt.EventQueue::postEvent@3
                      ; - java.awt.EventQueue::postEventPrivate@76
                      ; - java.awt.EventQueue::postEvent@9
                      ; - sun.awt.PostEventQueue::flush@87
                      ; - sun.awt.SunToolkit::flushPendingEvents@15
                      ; - java.awt.EventQueue::postEvent@4
                      ; - sun.awt.PostEventQueue::flush@87
                      ; - sun.awt.SunToolkit::flushPendingEvents@15
                      ; - java.awt.EventQueue::getNextEvent@4
                      ; - java.awt.EventDispatchThread::pumpOneEventForFilters@20
  0x0000020851c49288: 74ea 90ff 

  0x0000020851c4928c: ;   {other}
  0x0000020851c4928c: 0f1f 8400 | 7c82 00bc | 498b d749 | ba60 1277 | 55fd 7f00 | 0041 ffd2 

  0x0000020851c492a4: ;   {other}
  0x0000020851c492a4: 0f1f 8400 | 0000 0000 | e93f b9ff | ff49 8bd7 | 49ba 6012 | 7755 fd7f | 0000 41ff 

  0x0000020851c492c0: ;   {other}
  0x0000020851c492c0: d20f 1f84 | 0000 0000 | 00e9 9dc6 | ffff 498b | d749 ba60 | 1277 55fd | 7f00 0041 

  0x0000020851c492dc: ;   {other}
  0x0000020851c492dc: ffd2 0f1f | 8400 0000 | 0000 e934 | bbff ff49 | 8bd7 49ba | 6012 7755 | fd7f 0000 

  0x0000020851c492f8: ;   {other}
  0x0000020851c492f8: 41ff d20f | 1f84 0000 | 0000 00e9 | 40cb ffff | 498b d749 | ba60 1277 | 55fd 7f00 | 0041 ffd2 
  0x0000020851c49318: ;   {other}
  0x0000020851c49318: 0f1f 8400 | 0000 0000 | e9b9 cdff | ff49 8bd7 | 49ba 6012 | 7755 fd7f | 0000 41ff 

  0x0000020851c49334: ;   {other}
  0x0000020851c49334: d20f 1f84 | 0000 0000 | 00e9 09cf | ffff baf6 | ffff ff48 | 8b6c 2428 | 448b 5c24 | 3044 895c 
  0x0000020851c49354: 2424 4c8b | 5424 404c | 8954 2428 | 4c8b 5424 | 484c 8954 

  0x0000020851c49368: ;   {runtime_call UncommonTrapBlob}
  0x0000020851c49368: 2438 90e8 

  0x0000020851c4936c: ; ImmutableOopMap {rbp=Oop [36]=NarrowOop [40]=Oop [56]=Oop [80]=Oop [88]=NarrowOop [120]=Oop }
                      ;*aastore {reexecute=1 rethrow=0 return_oop=0}
                      ; - (reexecute) java.awt.EventQueue::cacheEQItem@58
                      ; - java.awt.EventQueue::postEvent@21
                      ; - java.awt.EventQueue::postEventPrivate@76
                      ; - java.awt.EventQueue::postEvent@9
                      ; - sun.awt.PostEventQueue::flush@87
                      ; - sun.awt.SunToolkit::flushPendingEvents@15
                      ; - java.awt.EventQueue::getNextEvent@4
                      ; - java.awt.EventDispatchThread::pumpOneEventForFilters@20
  0x0000020851c4936c: 90e9 90ff 

  0x0000020851c49370: ;   {other}
  0x0000020851c49370: 0f1f 8400 | 6083 00bd | ba45 ffff | ff48 8b6c | 2428 895c | 2424 897c | 242c 8974 | 2430 4489 
  0x0000020851c49390: ;   {runtime_call UncommonTrapBlob}
  0x0000020851c49390: 5424 34e8 

  0x0000020851c49394: ; ImmutableOopMap {rbp=Oop [36]=NarrowOop [44]=NarrowOop [48]=NarrowOop }
                      ;*lookupswitch {reexecute=1 rethrow=0 return_oop=0}
                      ; - (reexecute) java.awt.EventQueue::eventToCacheIndex@4
                      ; - java.awt.EventQueue::uncacheEQItem@4
                      ; - java.awt.EventQueue::getNextEventPrivate@60
                      ; - java.awt.EventQueue::getNextEvent@17
                      ; - java.awt.EventDispatchThread::pumpOneEventForFilters@20
  0x0000020851c49394: 68e9 90ff 

  0x0000020851c49398: ;   {other}
  0x0000020851c49398: 0f1f 8400 | 8883 00be | baf6 ffff | ff48 8b6c | 2428 448b | 5c24 3044 | 895c 2424 | 4c8b 5424 
  0x0000020851c493b8: 404c 8954 | 2428 4c8b | 5424 504c | 8954 2430 | 4c8b 5424 | 484c 8954 | 2438 448b | 5c24 5844 
  0x0000020851c493d8: 895c 2440 | 448b 5424 | 5c44 8954 | 2444 4c8b | 5424 604c | 8954 2450 | 4c8b 5424 | 684c 8954 
  0x0000020851c493f8: ;   {runtime_call UncommonTrapBlob}
  0x0000020851c493f8: 2458 90e8 

  0x0000020851c493fc: ; ImmutableOopMap {rbp=Oop [36]=NarrowOop [40]=Oop [48]=Oop [56]=Oop [64]=NarrowOop [68]=NarrowOop [80]=Oop [88]=Oop [112]=NarrowOop [144]=Oop }
                      ;*aastore {reexecute=1 rethrow=0 return_oop=0}
                      ; - (reexecute) java.awt.EventQueue::cacheEQItem@58
                      ; - java.awt.EventQueue::postEvent@21
                      ; - java.awt.EventQueue::postEventPrivate@76
                      ; - java.awt.EventQueue::postEvent@9
                      ; - sun.awt.PostEventQueue::flush@87
                      ; - sun.awt.SunToolkit::flushPendingEvents@15
                      ; - java.awt.EventQueue::postEvent@4
                      ; - sun.awt.PostEventQueue::flush@87
                      ; - sun.awt.SunToolkit::flushPendingEvents@15
                      ; - java.awt.EventQueue::getNextEvent@4
                      ; - java.awt.EventDispatchThread::pumpOneEventForFilters@20
  0x0000020851c493fc: 00e9 90ff 

  0x0000020851c49400: ;   {other}
  0x0000020851c49400: 0f1f 8400 | f083 00bf | ba45 ffff | ff48 8b6c | 2428 448b | 5424 3044 | 8954 2424 | 4c8b 5424 
  0x0000020851c49420: 404c 8954 | 2428 4c8b | 5424 504c | 8954 2430 | 4c8b 5424 | 484c 8954 | 2438 448b | 5424 5844 
  0x0000020851c49440: 8954 2444 | 448b 5424 | 5c44 8954 | 244c 4c8b | 5424 784c | 8954 2468 

  0x0000020851c49458: ;   {runtime_call UncommonTrapBlob}
  0x0000020851c49458: 6666 90e8 

  0x0000020851c4945c: ; ImmutableOopMap {rbp=Oop [36]=NarrowOop [40]=Oop [48]=Oop [56]=Oop [68]=NarrowOop [76]=NarrowOop [104]=Oop [120]=Oop }
                      ;*lookupswitch {reexecute=1 rethrow=0 return_oop=0}
                      ; - (reexecute) java.awt.EventQueue::eventToCacheIndex@4
                      ; - java.awt.EventQueue::cacheEQItem@4
                      ; - java.awt.EventQueue::postEvent@21
                      ; - java.awt.EventQueue::postEventPrivate@76
                      ; - java.awt.EventQueue::postEvent@9
                      ; - sun.awt.PostEventQueue::flush@87
                      ; - sun.awt.SunToolkit::flushPendingEvents@15
                      ; - java.awt.EventQueue::getNextEvent@4
                      ; - java.awt.EventDispatchThread::pumpOneEventForFilters@20
  0x0000020851c4945c: a0e8 90ff 

  0x0000020851c49460: ;   {other}
  0x0000020851c49460: 0f1f 8400 | 5084 00c0 | ba45 ffff | ff48 8b6c | 2428 448b | 5c24 3044 | 895c 2424 | 4c8b 5424 
  0x0000020851c49480: 404c 8954 | 2428 4c8b | 5424 504c | 8954 2430 | 4c8b 5424 | 484c 8954 | 2438 448b | 5424 5844 
  0x0000020851c494a0: 8954 2440 | 448b 5424 | 5c44 8954 | 2444 4c8b | 5424 604c | 8954 2450 | 4c8b 5424 | 684c 8954 
  0x0000020851c494c0: 2458 448b | 5424 7045 | 8bda 4489 | 5c24 644c | 8b94 2490 | 0000 004c | 8994 2488 | 0000 0045 
  0x0000020851c494e0: 8bd0 4489 

  0x0000020851c494e4: ;   {runtime_call UncommonTrapBlob}
  0x0000020851c494e4: 5424 70e8 

  0x0000020851c494e8: ; ImmutableOopMap {rbp=Oop [36]=NarrowOop [40]=Oop [48]=Oop [56]=Oop [64]=NarrowOop [68]=NarrowOop [80]=Oop [88]=Oop [100]=NarrowOop [112]=NarrowOop [136]=Oop [144]=Oop }
                      ;*lookupswitch {reexecute=1 rethrow=0 return_oop=0}
                      ; - (reexecute) java.awt.EventQueue::eventToCacheIndex@4
                      ; - java.awt.EventQueue::cacheEQItem@4
                      ; - java.awt.EventQueue::postEvent@21
                      ; - java.awt.EventQueue::postEventPrivate@76
                      ; - java.awt.EventQueue::postEvent@9
                      ; - sun.awt.PostEventQueue::flush@87
                      ; - sun.awt.SunToolkit::flushPendingEvents@15
                      ; - java.awt.EventQueue::postEvent@4
                      ; - sun.awt.PostEventQueue::flush@87
                      ; - sun.awt.SunToolkit::flushPendingEvents@15
                      ; - java.awt.EventQueue::getNextEvent@4
                      ; - java.awt.EventDispatchThread::pumpOneEventForFilters@20
  0x0000020851c494e8: 14e8 90ff 

  0x0000020851c494ec: ;   {other}
  0x0000020851c494ec: 0f1f 8400 | dc84 00c1 | ba45 ffff | ff4c 8b54 | 2428 4c89 | 5424 2044 | 8b54 2430 | 4489 5424 
  0x0000020851c4950c: 2c4c 8b54 | 2440 4c89 | 5424 304c | 8b54 2450 | 4c89 5424 | 384c 8b54 | 2448 4c89 | 5424 4044 
  0x0000020851c4952c: 8b54 2458 | 4489 5424 | 4c44 8b54 | 245c 4489 | 5424 5044 | 8944 2460 | 4889 5c24 

  0x0000020851c49548: ;   {runtime_call UncommonTrapBlob}
  0x0000020851c49548: 6866 90e8 

  0x0000020851c4954c: ; ImmutableOopMap {[32]=Oop [44]=NarrowOop [48]=Oop [56]=Oop [64]=Oop [76]=NarrowOop [80]=NarrowOop [96]=NarrowOop [104]=Oop }
                      ;*lookupswitch {reexecute=1 rethrow=0 return_oop=0}
                      ; - (reexecute) java.awt.EventQueue::eventToCacheIndex@4
                      ; - java.awt.EventQueue::coalesceMouseEvent@18
                      ; - java.awt.EventQueue::coalesceEvent@80
                      ; - java.awt.EventQueue::postEvent@3
                      ; - java.awt.EventQueue::postEventPrivate@76
                      ; - java.awt.EventQueue::postEvent@9
                      ; - sun.awt.PostEventQueue::flush@87
                      ; - sun.awt.SunToolkit::flushPendingEvents@15
                      ; - java.awt.EventQueue::getNextEvent@4
                      ; - java.awt.EventDispatchThread::pumpOneEventForFilters@20
  0x0000020851c4954c: b0e7 90ff 

  0x0000020851c49550: ;   {other}
  0x0000020851c49550: 0f1f 8400 | 4085 00c2 | ba45 ffff | ff4c 8b54 | 2428 4c89 | 5424 2044 | 8b54 2430 | 4489 5424 
  0x0000020851c49570: 2c4c 8b54 | 2440 4c89 | 5424 304c | 8b54 2448 | 4c89 5424 | 4044 8b54 | 2458 4489 | 5424 4844 
  0x0000020851c49590: 8b54 245c | 4489 5424 | 4c4c 8b54 | 2460 4c89 | 5424 584c | 8b54 2468 | 4c89 5424 | 6044 8b5c 
  0x0000020851c495b0: 2470 4489 | 5c24 6c44 | 8b5c 2474 | 4489 5c24 | 7044 8984 | 2480 0000 | 0048 899c | 2488 0000 
  0x0000020851c495d0: ;   {runtime_call UncommonTrapBlob}
  0x0000020851c495d0: 0066 90e8 

  0x0000020851c495d4: ; ImmutableOopMap {[32]=Oop [44]=NarrowOop [48]=Oop [64]=Oop [72]=NarrowOop [76]=NarrowOop [80]=Oop [88]=Oop [96]=Oop [108]=NarrowOop [112]=NarrowOop [128]=NarrowOop [136]=Oop }
                      ;*lookupswitch {reexecute=1 rethrow=0 return_oop=0}
                      ; - (reexecute) java.awt.EventQueue::eventToCacheIndex@4
                      ; - java.awt.EventQueue::coalesceMouseEvent@18
                      ; - java.awt.EventQueue::coalesceEvent@80
                      ; - java.awt.EventQueue::postEvent@3
                      ; - java.awt.EventQueue::postEventPrivate@76
                      ; - java.awt.EventQueue::postEvent@9
                      ; - sun.awt.PostEventQueue::flush@87
                      ; - sun.awt.SunToolkit::flushPendingEvents@15
                      ; - java.awt.EventQueue::postEvent@4
                      ; - sun.awt.PostEventQueue::flush@87
                      ; - sun.awt.SunToolkit::flushPendingEvents@15
                      ; - java.awt.EventQueue::getNextEvent@4
                      ; - java.awt.EventDispatchThread::pumpOneEventForFilters@20
  0x0000020851c495d4: 28e7 90ff 

  0x0000020851c495d8: ;   {other}
  0x0000020851c495d8: 0f1f 8400 | c885 00c3 | bade ffff | ff44 8b5c | 2430 4489 | 5c24 2448 | 8944 2428 

  0x0000020851c495f4: ;   {runtime_call UncommonTrapBlob}
  0x0000020851c495f4: 6666 90e8 

  0x0000020851c495f8: ; ImmutableOopMap {rbp=Oop [36]=NarrowOop [40]=Oop [48]=NarrowOop }
                      ;*checkcast {reexecute=0 rethrow=0 return_oop=0}
                      ; - sun.awt.SunToolkit::flushPendingEvents@6
                      ; - java.awt.EventQueue::getNextEvent@4
                      ; - java.awt.EventDispatchThread::pumpOneEventForFilters@20
  0x0000020851c495f8: 04e7 90ff 

  0x0000020851c495fc: ;   {other}
  0x0000020851c495fc: 0f1f 8400 | ec85 00c4 | bade ffff | ff48 8b6c | 2428 448b | 5424 3044 | 8954 2424 | 4c8b 5424 
  0x0000020851c4961c: 404c 8954 | 2428 4c8b | 5424 484c | 8954 2438 | 4889 4424 

  0x0000020851c49630: ;   {runtime_call UncommonTrapBlob}
  0x0000020851c49630: 4866 90e8 

  0x0000020851c49634: ; ImmutableOopMap {rbp=Oop [36]=NarrowOop [40]=Oop [56]=Oop [72]=Oop [80]=Oop [88]=NarrowOop [92]=NarrowOop }
                      ;*checkcast {reexecute=0 rethrow=0 return_oop=0}
                      ; - sun.awt.SunToolkit::flushPendingEvents@6
                      ; - java.awt.EventQueue::postEvent@4
                      ; - sun.awt.PostEventQueue::flush@87
                      ; - sun.awt.SunToolkit::flushPendingEvents@15
                      ; - java.awt.EventQueue::getNextEvent@4
                      ; - java.awt.EventDispatchThread::pumpOneEventForFilters@20
  0x0000020851c49634: c8e6 90ff 

  0x0000020851c49638: ;   {other}
  0x0000020851c49638: 0f1f 8400 | 2886 00c5 | bade ffff | ff48 8b6c | 2428 448b | 5424 3044 | 8954 2424 | 4c8b 5424 
  0x0000020851c49658: 404c 8954 | 2428 4c8b | 5424 504c | 8954 2430 | 4c8b 5424 | 484c 8954 | 2438 448b | 5424 5844 
  0x0000020851c49678: 8954 2440 | 448b 5c24 | 5c44 895c | 2444 4c8b | 5424 604c | 8954 2450 | 4c8b 5424 | 684c 8954 
  0x0000020851c49698: 2458 448b | 5c24 7044 | 895c 2464 

  0x0000020851c496a4: ;   {runtime_call UncommonTrapBlob}
  0x0000020851c496a4: 6666 90e8 

  0x0000020851c496a8: ; ImmutableOopMap {rbp=Oop [36]=NarrowOop [40]=Oop [48]=Oop [56]=Oop [64]=NarrowOop [68]=NarrowOop [80]=Oop [88]=Oop [100]=NarrowOop [112]=NarrowOop [116]=NarrowOop }
                      ;*checkcast {reexecute=0 rethrow=0 return_oop=0}
                      ; - java.awt.EventQueue::coalesceEvent@61
                      ; - java.awt.EventQueue::postEvent@3
                      ; - java.awt.EventQueue::postEventPrivate@76
                      ; - java.awt.EventQueue::postEvent@9
                      ; - sun.awt.PostEventQueue::flush@87
                      ; - sun.awt.SunToolkit::flushPendingEvents@15
                      ; - java.awt.EventQueue::postEvent@4
                      ; - sun.awt.PostEventQueue::flush@87
                      ; - sun.awt.SunToolkit::flushPendingEvents@15
                      ; - java.awt.EventQueue::getNextEvent@4
                      ; - java.awt.EventDispatchThread::pumpOneEventForFilters@20
  0x0000020851c496a8: 54e6 90ff 

  0x0000020851c496ac: ;   {other}
  0x0000020851c496ac: 0f1f 8400 | 9c86 00c6 | bade ffff | ff48 8b6c | 2428 448b | 5424 3044 | 8954 2424 | 4c8b 5424 
  0x0000020851c496cc: 404c 8954 | 2428 4c8b | 5424 504c | 8954 2430 | 4c8b 5424 | 484c 8954 | 2438 448b | 5424 5844 
  0x0000020851c496ec: 8954 2440 | 448b 5424 | 5c44 8954 

  0x0000020851c496f8: ;   {runtime_call UncommonTrapBlob}
  0x0000020851c496f8: 2450 90e8 

  0x0000020851c496fc: ; ImmutableOopMap {rbp=Oop [36]=NarrowOop [40]=Oop [48]=Oop [56]=Oop [64]=NarrowOop [80]=NarrowOop [92]=NarrowOop }
                      ;*checkcast {reexecute=0 rethrow=0 return_oop=0}
                      ; - java.awt.EventQueue::coalesceEvent@61
                      ; - java.awt.EventQueue::postEvent@3
                      ; - java.awt.EventQueue::postEventPrivate@76
                      ; - java.awt.EventQueue::postEvent@9
                      ; - sun.awt.PostEventQueue::flush@87
                      ; - sun.awt.SunToolkit::flushPendingEvents@15
                      ; - java.awt.EventQueue::getNextEvent@4
                      ; - java.awt.EventDispatchThread::pumpOneEventForFilters@20
  0x0000020851c496fc: 00e6 90ff 

  0x0000020851c49700: ;   {other}
  0x0000020851c49700: 0f1f 8400 | f086 00c7 | 488b d048 | 8b6c 2428 

  0x0000020851c49710: ;   {runtime_call _rethrow_Java}
  0x0000020851c49710: 6666 90e8 

  0x0000020851c49714: ; ImmutableOopMap {rbp=Oop [40]=Oop [56]=Oop [76]=NarrowOop [80]=Oop [88]=Oop [100]=NarrowOop [120]=Oop }
                      ;*invokestatic managedBlock {reexecute=0 rethrow=0 return_oop=1}
                      ; - java.util.concurrent.locks.AbstractQueuedSynchronizer$ConditionObject::await@107
                      ; - java.awt.EventQueue::getNextEvent@52
                      ; - java.awt.EventDispatchThread::pumpOneEventForFilters@20
  0x0000020851c49714: 68d3 9eff 

  0x0000020851c49718: ;   {other}
  0x0000020851c49718: 0f1f 8400 | 0887 00c8 | baf6 ffff | ff48 8b6c | 2428 895c 

  0x0000020851c4972c: ;   {runtime_call UncommonTrapBlob}
  0x0000020851c4972c: 2424 90e8 

  0x0000020851c49730: ; ImmutableOopMap {rbp=Oop [36]=NarrowOop }
                      ;*getfield head {reexecute=1 rethrow=0 return_oop=0}
                      ; - (reexecute) java.awt.EventQueue::getNextEventPrivate@12
                      ; - java.awt.EventQueue::getNextEvent@17
                      ; - java.awt.EventDispatchThread::pumpOneEventForFilters@20
  0x0000020851c49730: cce5 90ff 

  0x0000020851c49734: ;   {other}
  0x0000020851c49734: 0f1f 8400 | 2487 00c9 | baf6 ffff 

  0x0000020851c49740: ;   {runtime_call UncommonTrapBlob}
  0x0000020851c49740: ff66 90e8 

  0x0000020851c49744: ; ImmutableOopMap {rbp=Oop }
                      ;*invokevirtual getNextEvent {reexecute=0 rethrow=0 return_oop=0}
                      ; - java.awt.EventDispatchThread::pumpOneEventForFilters@20
  0x0000020851c49744: b8e5 90ff 

  0x0000020851c49748: ;   {other}
  0x0000020851c49748: 0f1f 8400 | 3887 00ca | baf4 ffff | ff44 8b54 | 2430 4489 

  0x0000020851c4975c: ;   {runtime_call UncommonTrapBlob}
  0x0000020851c4975c: 5424 24e8 

  0x0000020851c49760: ; ImmutableOopMap {rbp=Oop [36]=NarrowOop [48]=NarrowOop }
                      ;*checkcast {reexecute=0 rethrow=0 return_oop=0}
                      ; - sun.awt.SunToolkit::flushPendingEvents@6
                      ; - java.awt.EventQueue::getNextEvent@4
                      ; - java.awt.EventDispatchThread::pumpOneEventForFilters@20
  0x0000020851c49760: 9ce5 90ff 

  0x0000020851c49764: ;   {other}
  0x0000020851c49764: 0f1f 8400 | 5487 00cb | baf6 ffff | ff48 8b6c | 2428 895c 

  0x0000020851c49778: ;   {runtime_call UncommonTrapBlob}
  0x0000020851c49778: 2424 90e8 

  0x0000020851c4977c: ; ImmutableOopMap {rbp=Oop [36]=NarrowOop [48]=NarrowOop }
                      ;*invokeinterface lock {reexecute=0 rethrow=0 return_oop=0}
                      ; - java.awt.EventQueue::getNextEvent@11
                      ; - java.awt.EventDispatchThread::pumpOneEventForFilters@20
  0x0000020851c4977c: 80e5 90ff 

  0x0000020851c49780: ;   {other}
  0x0000020851c49780: 0f1f 8400 | 7087 00cc | baf6 ffff | ff48 8b6c | 2428 895c 

  0x0000020851c49794: ;   {runtime_call UncommonTrapBlob}
  0x0000020851c49794: 2424 90e8 

  0x0000020851c49798: ; ImmutableOopMap {rbp=Oop [36]=NarrowOop }
                      ;*invokevirtual getID {reexecute=0 rethrow=0 return_oop=0}
                      ; - java.awt.EventQueue::eventToCacheIndex@1
                      ; - java.awt.EventQueue::uncacheEQItem@4
                      ; - java.awt.EventQueue::getNextEventPrivate@60
                      ; - java.awt.EventQueue::getNextEvent@17
                      ; - java.awt.EventDispatchThread::pumpOneEventForFilters@20
  0x0000020851c49798: 64e5 90ff 

  0x0000020851c4979c: ;   {other}
  0x0000020851c4979c: 0f1f 8400 | 8c87 00cd | baf6 ffff | ff48 8b6c | 2428 895c | 2420 8974 

  0x0000020851c497b4: ;   {runtime_call UncommonTrapBlob}
  0x0000020851c497b4: 2424 90e8 

  0x0000020851c497b8: ; ImmutableOopMap {rbp=Oop [32]=NarrowOop [36]=NarrowOop }
                      ;*invokeinterface unlock {reexecute=0 rethrow=0 return_oop=0}
                      ; - java.awt.EventQueue::getNextEvent@31
                      ; - java.awt.EventDispatchThread::pumpOneEventForFilters@20
  0x0000020851c497b8: 44e5 90ff 

  0x0000020851c497bc: ;   {other}
  0x0000020851c497bc: 0f1f 8400 | ac87 00ce | baf6 ffff | ff48 8b6c | 2428 895c | 2420 8974 

  0x0000020851c497d4: ;   {runtime_call UncommonTrapBlob}
  0x0000020851c497d4: 2424 90e8 

  0x0000020851c497d8: ; ImmutableOopMap {rbp=Oop [32]=NarrowOop [36]=NarrowOop }
                      ;*invokevirtual release {reexecute=0 rethrow=0 return_oop=0}
                      ; - java.util.concurrent.locks.ReentrantLock::unlock@5
                      ; - java.awt.EventQueue::getNextEvent@31
                      ; - java.awt.EventDispatchThread::pumpOneEventForFilters@20
  0x0000020851c497d8: 24e5 90ff 

  0x0000020851c497dc: ;   {other}
  0x0000020851c497dc: 0f1f 8400 | cc87 00cf | baf6 ffff | ff48 8b6c | 2428 448b | 5c24 4c44 | 895c 2424 | 448b 5c24 
  0x0000020851c497fc: 5044 895c | 2428 448b | 5424 5444 | 8954 242c 

  0x0000020851c4980c: ;   {runtime_call UncommonTrapBlob}
  0x0000020851c4980c: 6666 90e8 

  0x0000020851c49810: ; ImmutableOopMap {rbp=Oop [36]=NarrowOop [40]=NarrowOop [44]=NarrowOop [76]=NarrowOop [88]=NarrowOop }
                      ;*invokeinterface remove {reexecute=0 rethrow=0 return_oop=0}
                      ; - sun.awt.AWTAutoShutdown::notifyThreadFree@24
                      ; - java.awt.EventQueue::getNextEvent@45
                      ; - java.awt.EventDispatchThread::pumpOneEventForFilters@20
  0x0000020851c49810: ece4 90ff 

  0x0000020851c49814: ;   {other}
  0x0000020851c49814: 0f1f 8400 | 0488 00d0 | baf6 ffff | ff48 8b6c | 2428 448b | 5424 4c44 | 8954 2424 | 448b 5424 
  0x0000020851c49834: 5044 8b5c | 2454 4489 | 5424 3044 | 895c 2434 

  0x0000020851c49844: ;   {runtime_call UncommonTrapBlob}
  0x0000020851c49844: 6666 90e8 

  0x0000020851c49848: ; ImmutableOopMap {rbp=Oop [36]=NarrowOop [48]=NarrowOop [52]=NarrowOop [76]=NarrowOop [80]=NarrowOop [84]=NarrowOop [88]=NarrowOop }
                      ;*invokevirtual remove {reexecute=0 rethrow=0 return_oop=0}
                      ; - java.util.HashSet::remove@5
                      ; - sun.awt.AWTAutoShutdown::notifyThreadFree@24
                      ; - java.awt.EventQueue::getNextEvent@45
                      ; - java.awt.EventDispatchThread::pumpOneEventForFilters@20
  0x0000020851c49848: b4e4 90ff 

  0x0000020851c4984c: ;   {other}
  0x0000020851c4984c: 0f1f 8400 | 3c88 00d1 | baf6 ffff | ff48 8b6c | 2428 4489 

  0x0000020851c49860: ;   {runtime_call UncommonTrapBlob}
  0x0000020851c49860: 5c24 24e8 

  0x0000020851c49864: ; ImmutableOopMap {rbp=Oop [36]=NarrowOop [76]=NarrowOop }
                      ;*invokeinterface await {reexecute=0 rethrow=0 return_oop=0}
                      ; - java.awt.EventQueue::getNextEvent@52
                      ; - java.awt.EventDispatchThread::pumpOneEventForFilters@20
  0x0000020851c49864: 98e4 90ff 

  0x0000020851c49868: ;   {other}
  0x0000020851c49868: 0f1f 8400 | 5888 00d2 | baf6 ffff | ff48 8b6c | 2428 4c89 

  0x0000020851c4987c: ;   {runtime_call UncommonTrapBlob}
  0x0000020851c4987c: 5424 30e8 

  0x0000020851c49880: ; ImmutableOopMap {rbp=Oop [48]=Oop [76]=NarrowOop [80]=Oop }
                      ;*invokevirtual isHeldExclusively {reexecute=0 rethrow=0 return_oop=0}
                      ; - java.util.concurrent.locks.AbstractQueuedSynchronizer$ConditionObject::enableWait@4
                      ; - java.util.concurrent.locks.AbstractQueuedSynchronizer$ConditionObject::await@26
                      ; - java.awt.EventQueue::getNextEvent@52
                      ; - java.awt.EventDispatchThread::pumpOneEventForFilters@20
  0x0000020851c49880: 7ce4 90ff 

  0x0000020851c49884: ;   {other}
  0x0000020851c49884: 0f1f 8400 | 7488 00d3 | baf6 ffff | ff48 8b6c | 2428 4889 

  0x0000020851c49898: ;   {runtime_call UncommonTrapBlob}
  0x0000020851c49898: 5c24 30e8 

  0x0000020851c4989c: ; ImmutableOopMap {rbp=Oop [48]=Oop [76]=NarrowOop [80]=Oop }
                      ;*invokevirtual getState {reexecute=0 rethrow=0 return_oop=0}
                      ; - java.util.concurrent.locks.AbstractQueuedSynchronizer$ConditionObject::enableWait@53
                      ; - java.util.concurrent.locks.AbstractQueuedSynchronizer$ConditionObject::await@26
                      ; - java.awt.EventQueue::getNextEvent@52
                      ; - java.awt.EventDispatchThread::pumpOneEventForFilters@20
  0x0000020851c4989c: 60e4 90ff 

  0x0000020851c498a0: ;   {other}
  0x0000020851c498a0: 0f1f 8400 | 9088 00d4 | baf6 ffff | ff48 8b6c | 2428 4889 | 5c24 3044 | 895c 2438 

  0x0000020851c498bc: ;   {runtime_call UncommonTrapBlob}
  0x0000020851c498bc: 6666 90e8 

  0x0000020851c498c0: ; ImmutableOopMap {rbp=Oop [48]=Oop [76]=NarrowOop [80]=Oop }
                      ;*invokevirtual release {reexecute=0 rethrow=0 return_oop=0}
                      ; - java.util.concurrent.locks.AbstractQueuedSynchronizer$ConditionObject::enableWait@62
                      ; - java.util.concurrent.locks.AbstractQueuedSynchronizer$ConditionObject::await@26
                      ; - java.awt.EventQueue::getNextEvent@52
                      ; - java.awt.EventDispatchThread::pumpOneEventForFilters@20
  0x0000020851c498c0: 3ce4 90ff 

  0x0000020851c498c4: ;   {other}
  0x0000020851c498c4: 0f1f 8400 | b488 00d5 | baf6 ffff | ff48 8b6c 

  0x0000020851c498d4: ;   {runtime_call UncommonTrapBlob}
  0x0000020851c498d4: 2428 90e8 

  0x0000020851c498d8: ; ImmutableOopMap {rbp=Oop [76]=NarrowOop }
                      ;*invokeinterface unlock {reexecute=0 rethrow=0 return_oop=0}
                      ; - java.awt.EventQueue::getNextEvent@61
                      ; - java.awt.EventDispatchThread::pumpOneEventForFilters@20
  0x0000020851c498d8: 24e4 90ff 

  0x0000020851c498dc: ;   {other}
  0x0000020851c498dc: 0f1f 8400 | cc88 00d6 | baf6 ffff | ff48 8b6c 

  0x0000020851c498ec: ;   {runtime_call UncommonTrapBlob}
  0x0000020851c498ec: 2428 90e8 

  0x0000020851c498f0: ; ImmutableOopMap {rbp=Oop [76]=NarrowOop }
                      ;*invokeinterface lock {reexecute=0 rethrow=0 return_oop=0}
                      ; - java.awt.EventQueue::getNextEvent@11
                      ; - java.awt.EventDispatchThread::pumpOneEventForFilters@20
  0x0000020851c498f0: 0ce4 90ff 

  0x0000020851c498f4: ;   {other}
  0x0000020851c498f4: 0f1f 8400 | e488 00d7 | baf6 ffff | ff48 8b6c | 2428 448b | 5424 4c44 | 8954 2424 | 448b 5424 
  0x0000020851c49914: 5044 8b5c | 2454 4489 | 5424 3044 | 895c 2434 

  0x0000020851c49924: ;   {runtime_call UncommonTrapBlob}
  0x0000020851c49924: 6666 90e8 

  0x0000020851c49928: ; ImmutableOopMap {rbp=Oop [36]=NarrowOop [48]=NarrowOop [52]=NarrowOop [76]=NarrowOop [80]=NarrowOop [84]=NarrowOop }
                      ;*invokeinterface isEmpty {reexecute=0 rethrow=0 return_oop=0}
                      ; - sun.awt.AWTAutoShutdown::isReadyToShutdown@11
                      ; - sun.awt.AWTAutoShutdown::notifyThreadFree@31
                      ; - java.awt.EventQueue::getNextEvent@45
                      ; - java.awt.EventDispatchThread::pumpOneEventForFilters@20
  0x0000020851c49928: d4e3 90ff 

  0x0000020851c4992c: ;   {other}
  0x0000020851c4992c: 0f1f 8400 | 1c89 00d8 | baf4 ffff | ff48 8b6c | 2428 895c | 2424 897c | 242c 4489 

  0x0000020851c49948: ;   {runtime_call UncommonTrapBlob}
  0x0000020851c49948: 7424 30e8 

  0x0000020851c4994c: ; ImmutableOopMap {rbp=Oop [36]=NarrowOop [44]=NarrowOop }
                      ;*instanceof {reexecute=0 rethrow=0 return_oop=0}
                      ; - java.awt.EventQueue::uncacheEQItem@20
                      ; - java.awt.EventQueue::getNextEventPrivate@60
                      ; - java.awt.EventQueue::getNextEvent@17
                      ; - java.awt.EventDispatchThread::pumpOneEventForFilters@20
  0x0000020851c4994c: b0e3 90ff 

  0x0000020851c49950: ;   {other}
  0x0000020851c49950: 0f1f 8400 | 4089 00d9 | baf6 ffff | ff48 8b6c | 2428 448b | 5c24 3044 | 895c 2424 | 4c8b 5424 
  0x0000020851c49970: 404c 8954 

  0x0000020851c49974: ;   {runtime_call UncommonTrapBlob}
  0x0000020851c49974: 2428 90e8 

  0x0000020851c49978: ; ImmutableOopMap {rbp=Oop [36]=NarrowOop [40]=Oop [72]=Oop [80]=Oop [92]=NarrowOop }
                      ;*invokevirtual postEvent {reexecute=0 rethrow=0 return_oop=0}
                      ; - sun.awt.PostEventQueue::flush@87
                      ; - sun.awt.SunToolkit::flushPendingEvents@15
                      ; - java.awt.EventQueue::getNextEvent@4
                      ; - java.awt.EventDispatchThread::pumpOneEventForFilters@20
  0x0000020851c49978: 84e3 90ff 

  0x0000020851c4997c: ;   {other}
  0x0000020851c4997c: 0f1f 8400 | 6c89 00da | baf4 ffff | ff48 8b6c | 2428 448b | 5c24 3044 | 895c 2424 | 4c8b 5424 
  0x0000020851c4999c: 404c 8954 

  0x0000020851c499a0: ;   {runtime_call UncommonTrapBlob}
  0x0000020851c499a0: 2428 90e8 

  0x0000020851c499a4: ; ImmutableOopMap {rbp=Oop [36]=NarrowOop [40]=Oop [72]=Oop [80]=Oop [88]=NarrowOop [92]=NarrowOop }
                      ;*checkcast {reexecute=0 rethrow=0 return_oop=0}
                      ; - sun.awt.SunToolkit::flushPendingEvents@6
                      ; - java.awt.EventQueue::postEvent@4
                      ; - sun.awt.PostEventQueue::flush@87
                      ; - sun.awt.SunToolkit::flushPendingEvents@15
                      ; - java.awt.EventQueue::getNextEvent@4
                      ; - java.awt.EventDispatchThread::pumpOneEventForFilters@20
  0x0000020851c499a4: 58e3 90ff 

  0x0000020851c499a8: ;   {other}
  0x0000020851c499a8: 0f1f 8400 | 9889 00db | baf6 ffff | ff48 8b6c | 2428 448b | 5c24 3044 | 895c 2424 | 4c8b 5424 
  0x0000020851c499c8: 404c 8954 

  0x0000020851c499cc: ;   {runtime_call UncommonTrapBlob}
  0x0000020851c499cc: 2428 90e8 

  0x0000020851c499d0: ; ImmutableOopMap {rbp=Oop [36]=NarrowOop [40]=Oop [72]=Oop [80]=Oop [88]=NarrowOop }
                      ;*putfield isPosted {reexecute=1 rethrow=0 return_oop=0}
                      ; - (reexecute) java.awt.EventQueue::postEventPrivate@2
                      ; - java.awt.EventQueue::postEvent@9
                      ; - sun.awt.PostEventQueue::flush@87
                      ; - sun.awt.SunToolkit::flushPendingEvents@15
                      ; - java.awt.EventQueue::getNextEvent@4
                      ; - java.awt.EventDispatchThread::pumpOneEventForFilters@20
  0x0000020851c499d0: 2ce3 90ff 

  0x0000020851c499d4: ;   {other}
  0x0000020851c499d4: 0f1f 8400 | c489 00dc | baf6 ffff | ff48 8b6c | 2428 448b | 5424 3044 | 8954 2424 | 4c8b 5424 
  0x0000020851c499f4: 404c 8954 

  0x0000020851c499f8: ;   {runtime_call UncommonTrapBlob}
  0x0000020851c499f8: 2428 90e8 

  0x0000020851c499fc: ; ImmutableOopMap {rbp=Oop [36]=NarrowOop [40]=Oop [72]=Oop [80]=Oop [88]=NarrowOop [92]=NarrowOop }
                      ;*invokeinterface lock {reexecute=0 rethrow=0 return_oop=0}
                      ; - java.awt.EventQueue::postEventPrivate@9
                      ; - java.awt.EventQueue::postEvent@9
                      ; - sun.awt.PostEventQueue::flush@87
                      ; - sun.awt.SunToolkit::flushPendingEvents@15
                      ; - java.awt.EventQueue::getNextEvent@4
                      ; - java.awt.EventDispatchThread::pumpOneEventForFilters@20
  0x0000020851c499fc: 00e3 90ff 

  0x0000020851c49a00: ;   {other}
  0x0000020851c49a00: 0f1f 8400 | f089 00dd | baf4 ffff | ff48 8b6c | 2428 448b | 5c24 3044 | 895c 2424 | 4c8b 5424 
  0x0000020851c49a20: 404c 8954 | 2428 4c8b | 5424 504c | 8954 2430 | 4c8b 5424 | 484c 8954 | 2438 448b | 5c24 5845 
  0x0000020851c49a40: 8bd3 4489 | 5424 4444 | 8b54 245c | 4489 5c24 | 4c44 8954 

  0x0000020851c49a54: ;   {runtime_call UncommonTrapBlob}
  0x0000020851c49a54: 2450 90e8 

  0x0000020851c49a58: ; ImmutableOopMap {rbp=Oop [36]=NarrowOop [40]=Oop [48]=Oop [56]=Oop [68]=NarrowOop [76]=NarrowOop [80]=NarrowOop [92]=NarrowOop }
                      ;*instanceof {reexecute=0 rethrow=0 return_oop=0}
                      ; - java.awt.EventQueue::coalesceEvent@4
                      ; - java.awt.EventQueue::postEvent@3
                      ; - java.awt.EventQueue::postEventPrivate@76
                      ; - java.awt.EventQueue::postEvent@9
                      ; - sun.awt.PostEventQueue::flush@87
                      ; - sun.awt.SunToolkit::flushPendingEvents@15
                      ; - java.awt.EventQueue::getNextEvent@4
                      ; - java.awt.EventDispatchThread::pumpOneEventForFilters@20
  0x0000020851c49a58: a4e2 90ff 

  0x0000020851c49a5c: ;   {other}
  0x0000020851c49a5c: 0f1f 8400 | 4c8a 00de | baf6 ffff | ff48 8b6c | 2428 448b | 5c24 3044 | 895c 2424 

  0x0000020851c49a78: ;   {runtime_call UncommonTrapBlob}
  0x0000020851c49a78: 6666 90e8 

  0x0000020851c49a7c: ; ImmutableOopMap {rbp=Oop [36]=NarrowOop [64]=Oop [72]=Oop [80]=Oop }
                      ;*invokeinterface unlock {reexecute=0 rethrow=0 return_oop=0}
                      ; - java.awt.EventQueue::postEventPrivate@83
                      ; - java.awt.EventQueue::postEvent@9
                      ; - sun.awt.PostEventQueue::flush@87
                      ; - sun.awt.SunToolkit::flushPendingEvents@15
                      ; - java.awt.EventQueue::getNextEvent@4
                      ; - java.awt.EventDispatchThread::pumpOneEventForFilters@20
  0x0000020851c49a7c: 80e2 90ff 

  0x0000020851c49a80: ;   {other}
  0x0000020851c49a80: 0f1f 8400 | 708a 00df | baf6 ffff | ff48 8b6c | 2428 448b | 5c24 3044 | 895c 2424 

  0x0000020851c49a9c: ;   {runtime_call UncommonTrapBlob}
  0x0000020851c49a9c: 6666 90e8 

  0x0000020851c49aa0: ; ImmutableOopMap {rbp=Oop [36]=NarrowOop [64]=Oop [72]=Oop [80]=Oop }
                      ;*invokevirtual release {reexecute=0 rethrow=0 return_oop=0}
                      ; - java.util.concurrent.locks.ReentrantLock::unlock@5
                      ; - java.awt.EventQueue::postEventPrivate@83
                      ; - java.awt.EventQueue::postEvent@9
                      ; - sun.awt.PostEventQueue::flush@87
                      ; - sun.awt.SunToolkit::flushPendingEvents@15
                      ; - java.awt.EventQueue::getNextEvent@4
                      ; - java.awt.EventDispatchThread::pumpOneEventForFilters@20
  0x0000020851c49aa0: 5ce2 90ff 

  0x0000020851c49aa4: ;   {other}
  0x0000020851c49aa4: 0f1f 8400 | 948a 00e0 | baf6 ffff | ff48 8b6c | 2428 448b | 5424 3044 | 8954 2424 | 4c8b 5424 
  0x0000020851c49ac4: 404c 8954 

  0x0000020851c49ac8: ;   {runtime_call UncommonTrapBlob}
  0x0000020851c49ac8: 2428 90e8 

  0x0000020851c49acc: ; ImmutableOopMap {rbp=Oop [36]=NarrowOop [40]=Oop [72]=Oop [80]=Oop [88]=NarrowOop }
                      ;*aaload {reexecute=0 rethrow=0 return_oop=0}
                      ; - java.awt.EventQueue::postEvent@47
                      ; - java.awt.EventQueue::postEventPrivate@76
                      ; - java.awt.EventQueue::postEvent@9
                      ; - sun.awt.PostEventQueue::flush@87
                      ; - sun.awt.SunToolkit::flushPendingEvents@15
                      ; - java.awt.EventQueue::getNextEvent@4
                      ; - java.awt.EventDispatchThread::pumpOneEventForFilters@20
  0x0000020851c49acc: 30e2 90ff 

  0x0000020851c49ad0: ;   {other}
  0x0000020851c49ad0: 0f1f 8400 | c08a 00e1 | baf6 ffff | ff48 8b6c | 2428 448b | 5c24 3044 | 895c 2424 | 4c8b 5424 
  0x0000020851c49af0: 404c 8954 

  0x0000020851c49af4: ;   {runtime_call UncommonTrapBlob}
  0x0000020851c49af4: 2428 90e8 

  0x0000020851c49af8: ; ImmutableOopMap {rbp=Oop [36]=NarrowOop [40]=Oop [72]=Oop [80]=Oop [88]=NarrowOop }
                      ;*getfield head {reexecute=1 rethrow=0 return_oop=0}
                      ; - (reexecute) java.awt.EventQueue::postEvent@48
                      ; - java.awt.EventQueue::postEventPrivate@76
                      ; - java.awt.EventQueue::postEvent@9
                      ; - sun.awt.PostEventQueue::flush@87
                      ; - sun.awt.SunToolkit::flushPendingEvents@15
                      ; - java.awt.EventQueue::getNextEvent@4
                      ; - java.awt.EventDispatchThread::pumpOneEventForFilters@20
  0x0000020851c49af8: 04e2 90ff 

  0x0000020851c49afc: ;   {other}
  0x0000020851c49afc: 0f1f 8400 | ec8a 00e2 | baf6 ffff | ff48 8b6c | 2428 448b | 5424 3044 | 8954 2424 | 4c8b 5424 
  0x0000020851c49b1c: 404c 8954 | 2428 4c8b | 5424 504c | 8954 2430 | 4c8b 5424 | 484c 8954 | 2438 448b | 5424 5844 
  0x0000020851c49b3c: 8954 2444 | 448b 5c24 | 6044 895c | 2448 448b | 5424 6444 | 8954 244c 

  0x0000020851c49b54: ;   {runtime_call UncommonTrapBlob}
  0x0000020851c49b54: 6666 90e8 

  0x0000020851c49b58: ; ImmutableOopMap {rbp=Oop [36]=NarrowOop [40]=Oop [48]=Oop [56]=Oop [68]=NarrowOop [72]=NarrowOop [76]=NarrowOop [92]=NarrowOop }
                      ;*invokeinterface add {reexecute=0 rethrow=0 return_oop=0}
                      ; - sun.awt.AWTAutoShutdown::notifyThreadBusy@57
                      ; - java.awt.EventQueue::postEvent@102
                      ; - java.awt.EventQueue::postEventPrivate@76
                      ; - java.awt.EventQueue::postEvent@9
                      ; - sun.awt.PostEventQueue::flush@87
                      ; - sun.awt.SunToolkit::flushPendingEvents@15
                      ; - java.awt.EventQueue::getNextEvent@4
                      ; - java.awt.EventDispatchThread::pumpOneEventForFilters@20
  0x0000020851c49b58: a4e1 90ff 

  0x0000020851c49b5c: ;   {other}
  0x0000020851c49b5c: 0f1f 8400 | 4c8b 00e3 | baf6 ffff | ff48 8b6c | 2428 448b | 5c24 3044 | 895c 2424 | 4c8b 5424 
  0x0000020851c49b7c: 404c 8954 | 2428 4c8b | 5424 504c | 8954 2430 | 4c8b 5424 | 484c 8954 | 2438 448b | 5c24 5845 
  0x0000020851c49b9c: 8bd3 4489 | 5424 4444 | 8b5c 2460 | 448b 5424 | 6444 895c | 2450 4489 

  0x0000020851c49bb4: ;   {runtime_call UncommonTrapBlob}
  0x0000020851c49bb4: 5424 54e8 

  0x0000020851c49bb8: ; ImmutableOopMap {rbp=Oop [36]=NarrowOop [40]=Oop [48]=Oop [56]=Oop [68]=NarrowOop [80]=NarrowOop [84]=NarrowOop [92]=NarrowOop [96]=NarrowOop [100]=NarrowOop }
                      ;*invokevirtual put {reexecute=0 rethrow=0 return_oop=0}
                      ; - java.util.HashSet::add@8
                      ; - sun.awt.AWTAutoShutdown::notifyThreadBusy@57
                      ; - java.awt.EventQueue::postEvent@102
                      ; - java.awt.EventQueue::postEventPrivate@76
                      ; - java.awt.EventQueue::postEvent@9
                      ; - sun.awt.PostEventQueue::flush@87
                      ; - sun.awt.SunToolkit::flushPendingEvents@15
                      ; - java.awt.EventQueue::getNextEvent@4
                      ; - java.awt.EventDispatchThread::pumpOneEventForFilters@20
  0x0000020851c49bb8: 44e1 90ff 

  0x0000020851c49bbc: ;   {other}
  0x0000020851c49bbc: 0f1f 8400 | ac8b 00e4 | baf6 ffff | ff48 8b6c | 2428 448b | 5c24 3044 | 895c 2424 | 4c8b 5424 
  0x0000020851c49bdc: 404c 8954 

  0x0000020851c49be0: ;   {runtime_call UncommonTrapBlob}
  0x0000020851c49be0: 2428 90e8 

  0x0000020851c49be4: ; ImmutableOopMap {rbp=Oop [36]=NarrowOop [40]=Oop [72]=Oop [80]=Oop [88]=NarrowOop }
                      ;*invokeinterface signalAll {reexecute=0 rethrow=0 return_oop=0}
                      ; - java.awt.EventQueue::postEvent@109
                      ; - java.awt.EventQueue::postEventPrivate@76
                      ; - java.awt.EventQueue::postEvent@9
                      ; - sun.awt.PostEventQueue::flush@87
                      ; - sun.awt.SunToolkit::flushPendingEvents@15
                      ; - java.awt.EventQueue::getNextEvent@4
                      ; - java.awt.EventDispatchThread::pumpOneEventForFilters@20
  0x0000020851c49be4: 18e1 90ff 

  0x0000020851c49be8: ;   {other}
  0x0000020851c49be8: 0f1f 8400 | d88b 00e5 | baf6 ffff | ff48 8b6c | 2428 448b | 5c24 3044 | 895c 2424 | 4c8b 5424 
  0x0000020851c49c08: 404c 8954 

  0x0000020851c49c0c: ;   {runtime_call UncommonTrapBlob}
  0x0000020851c49c0c: 2428 90e8 

  0x0000020851c49c10: ; ImmutableOopMap {rbp=Oop [36]=NarrowOop [40]=Oop [72]=Oop [80]=Oop [88]=NarrowOop }
                      ;*invokevirtual isHeldExclusively {reexecute=0 rethrow=0 return_oop=0}
                      ; - java.util.concurrent.locks.AbstractQueuedSynchronizer$ConditionObject::signalAll@9
                      ; - java.awt.EventQueue::postEvent@109
                      ; - java.awt.EventQueue::postEventPrivate@76
                      ; - java.awt.EventQueue::postEvent@9
                      ; - sun.awt.PostEventQueue::flush@87
                      ; - sun.awt.SunToolkit::flushPendingEvents@15
                      ; - java.awt.EventQueue::getNextEvent@4
                      ; - java.awt.EventDispatchThread::pumpOneEventForFilters@20
  0x0000020851c49c10: ece0 90ff 

  0x0000020851c49c14: ;   {other}
  0x0000020851c49c14: 0f1f 8400 | 048c 00e6 | baf6 ffff | ff48 8b6c | 2428 448b | 5c24 3044 | 895c 2424 | 4c8b 5424 
  0x0000020851c49c34: 404c 8954 | 2428 4c8b | 5424 504c | 8954 2430 | 4c8b 5424 | 484c 8954 | 2438 448b | 5c24 5845 
  0x0000020851c49c54: 8bd3 4489 | 5424 4444 | 8b5c 2460 | 448b 5424 | 6444 895c | 2454 4489 

  0x0000020851c49c6c: ;   {runtime_call UncommonTrapBlob}
  0x0000020851c49c6c: 5424 58e8 

  0x0000020851c49c70: ; ImmutableOopMap {rbp=Oop [36]=NarrowOop [40]=Oop [48]=Oop [56]=Oop [68]=NarrowOop [84]=NarrowOop [88]=NarrowOop [92]=NarrowOop [96]=NarrowOop [100]=NarrowOop }
                      ;*invokeinterface isEmpty {reexecute=0 rethrow=0 return_oop=0}
                      ; - sun.awt.AWTAutoShutdown::isReadyToShutdown@11
                      ; - sun.awt.AWTAutoShutdown::notifyThreadBusy@34
                      ; - java.awt.EventQueue::postEvent@102
                      ; - java.awt.EventQueue::postEventPrivate@76
                      ; - java.awt.EventQueue::postEvent@9
                      ; - sun.awt.PostEventQueue::flush@87
                      ; - sun.awt.SunToolkit::flushPendingEvents@15
                      ; - java.awt.EventQueue::getNextEvent@4
                      ; - java.awt.EventDispatchThread::pumpOneEventForFilters@20
  0x0000020851c49c70: 8ce0 90ff 

  0x0000020851c49c74: ;   {other}
  0x0000020851c49c74: 0f1f 8400 | 648c 00e7 | ba45 ffff | ff4c 8b54 | 2428 4c89 | 5424 2089 | 5c24 2c89 

  0x0000020851c49c90: ;   {runtime_call UncommonTrapBlob}
  0x0000020851c49c90: 7c24 30e8 

  0x0000020851c49c94: ; ImmutableOopMap {rbp=NarrowOop [32]=Oop [44]=NarrowOop [48]=NarrowOop }
                      ;*ifnonnull {reexecute=1 rethrow=0 return_oop=0}
                      ; - (reexecute) java.awt.EventQueue::uncacheEQItem@41
                      ; - java.awt.EventQueue::getNextEventPrivate@60
                      ; - java.awt.EventQueue::getNextEvent@17
                      ; - java.awt.EventDispatchThread::pumpOneEventForFilters@20
  0x0000020851c49c94: 68e0 90ff 

  0x0000020851c49c98: ;   {other}
  0x0000020851c49c98: 0f1f 8400 | 888c 00e8 | baf4 ffff | ff48 8b6c | 2428 448b | 5c24 3044 | 895c 2424 | 4c8b 5424 
  0x0000020851c49cb8: 404c 8954 | 2428 4c8b | 5424 504c | 8954 2430 | 4c8b 5424 | 484c 8954 | 2438 448b | 5c24 5845 
  0x0000020851c49cd8: 8bd3 4489 | 5424 4444 | 8b5c 245c | 4489 5c24 | 484c 8b54 | 2478 4c89 

  0x0000020851c49cf0: ;   {runtime_call UncommonTrapBlob}
  0x0000020851c49cf0: 5424 58e8 

  0x0000020851c49cf4: ; ImmutableOopMap {rbp=Oop [36]=NarrowOop [40]=Oop [48]=Oop [56]=Oop [68]=NarrowOop [72]=NarrowOop [88]=Oop [120]=Oop }
                      ;*instanceof {reexecute=0 rethrow=0 return_oop=0}
                      ; - java.awt.EventQueue::cacheEQItem@20
                      ; - java.awt.EventQueue::postEvent@21
                      ; - java.awt.EventQueue::postEventPrivate@76
                      ; - java.awt.EventQueue::postEvent@9
                      ; - sun.awt.PostEventQueue::flush@87
                      ; - sun.awt.SunToolkit::flushPendingEvents@15
                      ; - java.awt.EventQueue::getNextEvent@4
                      ; - java.awt.EventDispatchThread::pumpOneEventForFilters@20
  0x0000020851c49cf4: 08e0 90ff 

  0x0000020851c49cf8: ;   {other}
  0x0000020851c49cf8: 0f1f 8400 | e88c 00e9 | baf6 ffff | ff48 8b6c | 2428 448b | 5424 3044 | 8954 2424 | 4c8b 5424 
  0x0000020851c49d18: 404c 8954 | 2428 4c8b | 5424 504c | 8954 2430 | 4c8b 5424 | 484c 8954 | 2438 448b | 5424 5844 
  0x0000020851c49d38: 8954 2440 | 448b 5c24 | 5c44 895c | 2444 4c8b | 5424 604c | 8954 2450 

  0x0000020851c49d50: ;   {runtime_call UncommonTrapBlob}
  0x0000020851c49d50: 6666 90e8 

  0x0000020851c49d54: ; ImmutableOopMap {rbp=Oop [36]=NarrowOop [40]=Oop [48]=Oop [56]=Oop [64]=NarrowOop [68]=NarrowOop [80]=Oop [104]=Oop [116]=NarrowOop }
                      ;*invokevirtual postEvent {reexecute=0 rethrow=0 return_oop=0}
                      ; - sun.awt.PostEventQueue::flush@87
                      ; - sun.awt.SunToolkit::flushPendingEvents@15
                      ; - java.awt.EventQueue::postEvent@4
                      ; - sun.awt.PostEventQueue::flush@87
                      ; - sun.awt.SunToolkit::flushPendingEvents@15
                      ; - java.awt.EventQueue::getNextEvent@4
                      ; - java.awt.EventDispatchThread::pumpOneEventForFilters@20
  0x0000020851c49d54: a8df 90ff 

  0x0000020851c49d58: ;   {other}
  0x0000020851c49d58: 0f1f 8400 | 488d 00ea | baf6 ffff | ff48 8b6c | 2428 448b | 5424 3044 | 8954 2424 | 4c8b 5424 
  0x0000020851c49d78: 404c 8954 | 2428 4c8b | 5424 504c | 8954 2430 | 4c8b 5424 | 484c 8954 | 2438 448b | 5424 5844 
  0x0000020851c49d98: 8954 2440 | 448b 5c24 | 5c44 895c | 2444 4c8b | 5424 604c | 8954 2450 

  0x0000020851c49db0: ;   {runtime_call UncommonTrapBlob}
  0x0000020851c49db0: 6666 90e8 

  0x0000020851c49db4: ; ImmutableOopMap {rbp=Oop [36]=NarrowOop [40]=Oop [48]=Oop [56]=Oop [64]=NarrowOop [68]=NarrowOop [80]=Oop [104]=Oop [112]=NarrowOop }
                      ;*putfield isPosted {reexecute=1 rethrow=0 return_oop=0}
                      ; - (reexecute) java.awt.EventQueue::postEventPrivate@2
                      ; - java.awt.EventQueue::postEvent@9
                      ; - sun.awt.PostEventQueue::flush@87
                      ; - sun.awt.SunToolkit::flushPendingEvents@15
                      ; - java.awt.EventQueue::postEvent@4
                      ; - sun.awt.PostEventQueue::flush@87
                      ; - sun.awt.SunToolkit::flushPendingEvents@15
                      ; - java.awt.EventQueue::getNextEvent@4
                      ; - java.awt.EventDispatchThread::pumpOneEventForFilters@20
  0x0000020851c49db4: 48df 90ff 

  0x0000020851c49db8: ;   {other}
  0x0000020851c49db8: 0f1f 8400 | a88d 00eb | baf6 ffff | ff48 8b6c | 2428 448b | 5424 3044 | 8954 2424 | 4c8b 5424 
  0x0000020851c49dd8: 404c 8954 | 2428 4c8b | 5424 504c | 8954 2430 | 4c8b 5424 | 484c 8954 | 2438 448b | 5424 5844 
  0x0000020851c49df8: 8954 2440 | 448b 5c24 | 5c44 895c | 2444 4c8b | 5424 604c | 8954 2450 

  0x0000020851c49e10: ;   {runtime_call UncommonTrapBlob}
  0x0000020851c49e10: 6666 90e8 

  0x0000020851c49e14: ; ImmutableOopMap {rbp=Oop [36]=NarrowOop [40]=Oop [48]=Oop [56]=Oop [64]=NarrowOop [68]=NarrowOop [80]=Oop [104]=Oop [112]=NarrowOop [116]=NarrowOop }
                      ;*invokeinterface lock {reexecute=0 rethrow=0 return_oop=0}
                      ; - java.awt.EventQueue::postEventPrivate@9
                      ; - java.awt.EventQueue::postEvent@9
                      ; - sun.awt.PostEventQueue::flush@87
                      ; - sun.awt.SunToolkit::flushPendingEvents@15
                      ; - java.awt.EventQueue::postEvent@4
                      ; - sun.awt.PostEventQueue::flush@87
                      ; - sun.awt.SunToolkit::flushPendingEvents@15
                      ; - java.awt.EventQueue::getNextEvent@4
                      ; - java.awt.EventDispatchThread::pumpOneEventForFilters@20
  0x0000020851c49e14: e8de 90ff 

  0x0000020851c49e18: ;   {other}
  0x0000020851c49e18: 0f1f 8400 | 088e 00ec | baf4 ffff | ff48 8b6c | 2428 448b | 5c24 3044 | 895c 2424 | 4c8b 5424 
  0x0000020851c49e38: 404c 8954 | 2428 4c8b | 5424 504c | 8954 2430 | 4c8b 5424 | 484c 8954 | 2438 448b | 5c24 5844 
  0x0000020851c49e58: 895c 2440 | 448b 5424 | 5c44 8954 | 2444 4c8b | 5424 604c | 8954 2450 | 4c8b 5424 | 684c 8954 
  0x0000020851c49e78: 2458 448b | 5c24 7044 | 895c 2464 

  0x0000020851c49e84: ;   {runtime_call UncommonTrapBlob}
  0x0000020851c49e84: 6666 90e8 

  0x0000020851c49e88: ; ImmutableOopMap {rbp=Oop [36]=NarrowOop [40]=Oop [48]=Oop [56]=Oop [64]=NarrowOop [68]=NarrowOop [80]=Oop [88]=Oop [100]=NarrowOop [112]=NarrowOop [116]=NarrowOop }
                      ;*instanceof {reexecute=0 rethrow=0 return_oop=0}
                      ; - java.awt.EventQueue::coalesceEvent@4
                      ; - java.awt.EventQueue::postEvent@3
                      ; - java.awt.EventQueue::postEventPrivate@76
                      ; - java.awt.EventQueue::postEvent@9
                      ; - sun.awt.PostEventQueue::flush@87
                      ; - sun.awt.SunToolkit::flushPendingEvents@15
                      ; - java.awt.EventQueue::postEvent@4
                      ; - sun.awt.PostEventQueue::flush@87
                      ; - sun.awt.SunToolkit::flushPendingEvents@15
                      ; - java.awt.EventQueue::getNextEvent@4
                      ; - java.awt.EventDispatchThread::pumpOneEventForFilters@20
  0x0000020851c49e88: 74de 90ff 

  0x0000020851c49e8c: ;   {other}
  0x0000020851c49e8c: 0f1f 8400 | 7c8e 00ed | baf6 ffff | ff48 8b6c | 2428 448b | 5424 3044 | 8954 2424 | 4c8b 5424 
  0x0000020851c49eac: 404c 8954 | 2428 4c8b | 5424 504c | 8954 2430 | 4c8b 5424 | 484c 8954 | 2438 448b | 5424 5844 
  0x0000020851c49ecc: 8954 2440 | 448b 5c24 | 5c44 895c 

  0x0000020851c49ed8: ;   {runtime_call UncommonTrapBlob}
  0x0000020851c49ed8: 2444 90e8 

  0x0000020851c49edc: ; ImmutableOopMap {rbp=Oop [36]=NarrowOop [40]=Oop [48]=Oop [56]=Oop [64]=NarrowOop [68]=NarrowOop [96]=Oop [104]=Oop }
                      ;*invokeinterface unlock {reexecute=0 rethrow=0 return_oop=0}
                      ; - java.awt.EventQueue::postEventPrivate@83
                      ; - java.awt.EventQueue::postEvent@9
                      ; - sun.awt.PostEventQueue::flush@87
                      ; - sun.awt.SunToolkit::flushPendingEvents@15
                      ; - java.awt.EventQueue::postEvent@4
                      ; - sun.awt.PostEventQueue::flush@87
                      ; - sun.awt.SunToolkit::flushPendingEvents@15
                      ; - java.awt.EventQueue::getNextEvent@4
                      ; - java.awt.EventDispatchThread::pumpOneEventForFilters@20
  0x0000020851c49edc: 20de 90ff 

  0x0000020851c49ee0: ;   {other}
  0x0000020851c49ee0: 0f1f 8400 | d08e 00ee | baf6 ffff | ff48 8b6c | 2428 448b | 5424 3044 | 8954 2424 | 4c8b 5424 
  0x0000020851c49f00: 404c 8954 | 2428 4c8b | 5424 504c | 8954 2430 | 4c8b 5424 | 484c 8954 | 2438 448b | 5424 5844 
  0x0000020851c49f20: 8954 2440 | 448b 5c24 | 5c44 895c 

  0x0000020851c49f2c: ;   {runtime_call UncommonTrapBlob}
  0x0000020851c49f2c: 2444 90e8 

  0x0000020851c49f30: ; ImmutableOopMap {rbp=Oop [36]=NarrowOop [40]=Oop [48]=Oop [56]=Oop [64]=NarrowOop [68]=NarrowOop [96]=Oop [104]=Oop }
                      ;*invokevirtual release {reexecute=0 rethrow=0 return_oop=0}
                      ; - java.util.concurrent.locks.ReentrantLock::unlock@5
                      ; - java.awt.EventQueue::postEventPrivate@83
                      ; - java.awt.EventQueue::postEvent@9
                      ; - sun.awt.PostEventQueue::flush@87
                      ; - sun.awt.SunToolkit::flushPendingEvents@15
                      ; - java.awt.EventQueue::postEvent@4
                      ; - sun.awt.PostEventQueue::flush@87
                      ; - sun.awt.SunToolkit::flushPendingEvents@15
                      ; - java.awt.EventQueue::getNextEvent@4
                      ; - java.awt.EventDispatchThread::pumpOneEventForFilters@20
  0x0000020851c49f30: ccdd 90ff 

  0x0000020851c49f34: ;   {other}
  0x0000020851c49f34: 0f1f 8400 | 248f 00ef | baf6 ffff | ff48 8b6c | 2428 448b | 5424 3044 | 8954 2424 | 4c8b 5424 
  0x0000020851c49f54: 404c 8954 | 2428 4c8b | 5424 504c | 8954 2430 | 4c8b 5424 | 484c 8954 | 2438 448b | 5424 5844 
  0x0000020851c49f74: 8954 2440 | 448b 5c24 | 5c44 895c | 2444 4c8b | 5424 604c | 8954 2450 

  0x0000020851c49f8c: ;   {runtime_call UncommonTrapBlob}
  0x0000020851c49f8c: 6666 90e8 

  0x0000020851c49f90: ; ImmutableOopMap {rbp=Oop [36]=NarrowOop [40]=Oop [48]=Oop [56]=Oop [64]=NarrowOop [68]=NarrowOop [80]=Oop [104]=Oop [112]=NarrowOop }
                      ;*aaload {reexecute=0 rethrow=0 return_oop=0}
                      ; - java.awt.EventQueue::postEvent@47
                      ; - java.awt.EventQueue::postEventPrivate@76
                      ; - java.awt.EventQueue::postEvent@9
                      ; - sun.awt.PostEventQueue::flush@87
                      ; - sun.awt.SunToolkit::flushPendingEvents@15
                      ; - java.awt.EventQueue::postEvent@4
                      ; - sun.awt.PostEventQueue::flush@87
                      ; - sun.awt.SunToolkit::flushPendingEvents@15
                      ; - java.awt.EventQueue::getNextEvent@4
                      ; - java.awt.EventDispatchThread::pumpOneEventForFilters@20
  0x0000020851c49f90: 6cdd 90ff 

  0x0000020851c49f94: ;   {other}
  0x0000020851c49f94: 0f1f 8400 | 848f 00f0 | baf6 ffff | ff48 8b6c | 2428 448b | 5c24 3044 | 895c 2424 | 4c8b 5424 
  0x0000020851c49fb4: 404c 8954 | 2428 4c8b | 5424 504c | 8954 2430 | 4c8b 5424 | 484c 8954 | 2438 448b | 5c24 5844 
  0x0000020851c49fd4: 895c 2440 | 448b 5424 | 5c44 8954 | 2444 4c8b | 5424 604c | 8954 2450 

  0x0000020851c49fec: ;   {runtime_call UncommonTrapBlob}
  0x0000020851c49fec: 6666 90e8 

  0x0000020851c49ff0: ; ImmutableOopMap {rbp=Oop [36]=NarrowOop [40]=Oop [48]=Oop [56]=Oop [64]=NarrowOop [68]=NarrowOop [80]=Oop [104]=Oop [112]=NarrowOop }
                      ;*getfield head {reexecute=1 rethrow=0 return_oop=0}
                      ; - (reexecute) java.awt.EventQueue::postEvent@48
                      ; - java.awt.EventQueue::postEventPrivate@76
                      ; - java.awt.EventQueue::postEvent@9
                      ; - sun.awt.PostEventQueue::flush@87
                      ; - sun.awt.SunToolkit::flushPendingEvents@15
                      ; - java.awt.EventQueue::postEvent@4
                      ; - sun.awt.PostEventQueue::flush@87
                      ; - sun.awt.SunToolkit::flushPendingEvents@15
                      ; - java.awt.EventQueue::getNextEvent@4
                      ; - java.awt.EventDispatchThread::pumpOneEventForFilters@20
  0x0000020851c49ff0: 0cdd 90ff 

  0x0000020851c49ff4: ;   {other}
  0x0000020851c49ff4: 0f1f 8400 | e48f 00f1 | baf6 ffff | ff48 8b6c | 2428 448b | 5c24 3044 | 895c 2424 | 4c8b 5424 
  0x0000020851c4a014: 404c 8954 | 2428 4c8b | 5424 504c | 8954 2430 | 4c8b 5424 | 484c 8954 | 2438 448b | 5c24 5844 
  0x0000020851c4a034: 895c 2440 | 448b 5424 | 5c44 8954 | 2444 4c8b | 5424 604c | 8954 2450 | 4c8b 5424 | 684c 8954 
  0x0000020851c4a054: 2458 448b | 5424 7045 | 8bda 4489 | 5c24 6444 | 8b94 2480 | 0000 0044 | 8954 2468 | 448b 9c24 
  0x0000020851c4a074: 8400 0000 | 4489 5c24 | 6c44 8b54 | 2474 4489 

  0x0000020851c4a084: ;   {runtime_call UncommonTrapBlob}
  0x0000020851c4a084: 5424 70e8 

  0x0000020851c4a088: ; ImmutableOopMap {rbp=Oop [36]=NarrowOop [40]=Oop [48]=Oop [56]=Oop [64]=NarrowOop [68]=NarrowOop [80]=Oop [88]=Oop [100]=NarrowOop [104]=NarrowOop [108]=NarrowOop [112]=NarrowOop }
                      ;*invokeinterface add {reexecute=0 rethrow=0 return_oop=0}
                      ; - sun.awt.AWTAutoShutdown::notifyThreadBusy@57
                      ; - java.awt.EventQueue::postEvent@102
                      ; - java.awt.EventQueue::postEventPrivate@76
                      ; - java.awt.EventQueue::postEvent@9
                      ; - sun.awt.PostEventQueue::flush@87
                      ; - sun.awt.SunToolkit::flushPendingEvents@15
                      ; - java.awt.EventQueue::postEvent@4
                      ; - sun.awt.PostEventQueue::flush@87
                      ; - sun.awt.SunToolkit::flushPendingEvents@15
                      ; - java.awt.EventQueue::getNextEvent@4
                      ; - java.awt.EventDispatchThread::pumpOneEventForFilters@20
  0x0000020851c4a088: 74dc 90ff 

  0x0000020851c4a08c: ;   {other}
  0x0000020851c4a08c: 0f1f 8400 | 7c90 00f2 | baf6 ffff | ff48 8b6c | 2428 448b | 5424 3044 | 8954 2424 | 4c8b 5424 
  0x0000020851c4a0ac: 404c 8954 | 2428 4c8b | 5424 504c | 8954 2430 | 4c8b 5424 | 484c 8954 | 2438 448b | 5424 5844 
  0x0000020851c4a0cc: 8954 2440 | 448b 5c24 | 5c44 895c | 2444 4c8b | 5424 604c | 8954 2450 | 4c8b 5424 | 684c 8954 
  0x0000020851c4a0ec: 2458 448b | 5424 7045 | 8bda 4489 | 5c24 6444 | 8b94 2480 | 0000 0044 | 8b9c 2484 | 0000 0044 
  0x0000020851c4a10c: 8954 2470 | 4489 5c24 

  0x0000020851c4a114: ;   {runtime_call UncommonTrapBlob}
  0x0000020851c4a114: 7866 90e8 

  0x0000020851c4a118: ; ImmutableOopMap {rbp=Oop [36]=NarrowOop [40]=Oop [48]=Oop [56]=Oop [64]=NarrowOop [68]=NarrowOop [80]=Oop [88]=Oop [100]=NarrowOop [112]=NarrowOop [116]=NarrowOop [120]=NarrowOop [128]=NarrowOop [132]=NarrowOop }
                      ;*invokevirtual put {reexecute=0 rethrow=0 return_oop=0}
                      ; - java.util.HashSet::add@8
                      ; - sun.awt.AWTAutoShutdown::notifyThreadBusy@57
                      ; - java.awt.EventQueue::postEvent@102
                      ; - java.awt.EventQueue::postEventPrivate@76
                      ; - java.awt.EventQueue::postEvent@9
                      ; - sun.awt.PostEventQueue::flush@87
                      ; - sun.awt.SunToolkit::flushPendingEvents@15
                      ; - java.awt.EventQueue::postEvent@4
                      ; - sun.awt.PostEventQueue::flush@87
                      ; - sun.awt.SunToolkit::flushPendingEvents@15
                      ; - java.awt.EventQueue::getNextEvent@4
                      ; - java.awt.EventDispatchThread::pumpOneEventForFilters@20
  0x0000020851c4a118: e4db 90ff 

  0x0000020851c4a11c: ;   {other}
  0x0000020851c4a11c: 0f1f 8400 | 0c91 00f3 | baf6 ffff | ff48 8b6c | 2428 448b | 5c24 3044 | 895c 2424 | 4c8b 5424 
  0x0000020851c4a13c: 404c 8954 | 2428 4c8b | 5424 504c | 8954 2430 | 4c8b 5424 | 484c 8954 | 2438 448b | 5c24 5844 
  0x0000020851c4a15c: 895c 2440 | 448b 5424 | 5c44 8954 | 2444 4c8b | 5424 604c | 8954 2450 

  0x0000020851c4a174: ;   {runtime_call UncommonTrapBlob}
  0x0000020851c4a174: 6666 90e8 

  0x0000020851c4a178: ; ImmutableOopMap {rbp=Oop [36]=NarrowOop [40]=Oop [48]=Oop [56]=Oop [64]=NarrowOop [68]=NarrowOop [80]=Oop [104]=Oop [112]=NarrowOop }
                      ;*invokeinterface signalAll {reexecute=0 rethrow=0 return_oop=0}
                      ; - java.awt.EventQueue::postEvent@109
                      ; - java.awt.EventQueue::postEventPrivate@76
                      ; - java.awt.EventQueue::postEvent@9
                      ; - sun.awt.PostEventQueue::flush@87
                      ; - sun.awt.SunToolkit::flushPendingEvents@15
                      ; - java.awt.EventQueue::postEvent@4
                      ; - sun.awt.PostEventQueue::flush@87
                      ; - sun.awt.SunToolkit::flushPendingEvents@15
                      ; - java.awt.EventQueue::getNextEvent@4
                      ; - java.awt.EventDispatchThread::pumpOneEventForFilters@20
  0x0000020851c4a178: 84db 90ff 

  0x0000020851c4a17c: ;   {other}
  0x0000020851c4a17c: 0f1f 8400 | 6c91 00f4 | baf6 ffff | ff48 8b6c | 2428 448b | 5424 3044 | 8954 2424 | 4c8b 5424 
  0x0000020851c4a19c: 404c 8954 | 2428 4c8b | 5424 504c | 8954 2430 | 4c8b 5424 | 484c 8954 | 2438 448b | 5424 5844 
  0x0000020851c4a1bc: 8954 2440 | 448b 5c24 | 5c44 895c | 2444 4c8b | 5424 604c | 8954 2450 

  0x0000020851c4a1d4: ;   {runtime_call UncommonTrapBlob}
  0x0000020851c4a1d4: 6666 90e8 

  0x0000020851c4a1d8: ; ImmutableOopMap {rbp=Oop [36]=NarrowOop [40]=Oop [48]=Oop [56]=Oop [64]=NarrowOop [68]=NarrowOop [80]=Oop [104]=Oop [112]=NarrowOop }
                      ;*invokevirtual isHeldExclusively {reexecute=0 rethrow=0 return_oop=0}
                      ; - java.util.concurrent.locks.AbstractQueuedSynchronizer$ConditionObject::signalAll@9
                      ; - java.awt.EventQueue::postEvent@109
                      ; - java.awt.EventQueue::postEventPrivate@76
                      ; - java.awt.EventQueue::postEvent@9
                      ; - sun.awt.PostEventQueue::flush@87
                      ; - sun.awt.SunToolkit::flushPendingEvents@15
                      ; - java.awt.EventQueue::postEvent@4
                      ; - sun.awt.PostEventQueue::flush@87
                      ; - sun.awt.SunToolkit::flushPendingEvents@15
                      ; - java.awt.EventQueue::getNextEvent@4
                      ; - java.awt.EventDispatchThread::pumpOneEventForFilters@20
  0x0000020851c4a1d8: 24db 90ff 

  0x0000020851c4a1dc: ;   {other}
  0x0000020851c4a1dc: 0f1f 8400 | cc91 00f5 | baf6 ffff | ff48 8b6c | 2428 448b | 5c24 3044 | 895c 2424 | 4c8b 5424 
  0x0000020851c4a1fc: 404c 8954 | 2428 4c8b | 5424 504c | 8954 2430 | 4c8b 5424 | 484c 8954 | 2438 448b | 5c24 5844 
  0x0000020851c4a21c: 895c 2440 | 448b 5424 | 5c44 8954 | 2444 4c8b | 5424 604c | 8954 2450 | 4c8b 5424 | 684c 8954 
  0x0000020851c4a23c: 2458 448b | 5c24 7044 | 895c 2464 | 448b 5c24 | 7444 895c | 2468 448b | 9424 8000 | 0000 448b 
  0x0000020851c4a25c: 9c24 8400 | 0000 4489 | 5424 7444 | 895c 2478 

  0x0000020851c4a26c: ;   {runtime_call UncommonTrapBlob}
  0x0000020851c4a26c: 6666 90e8 

  0x0000020851c4a270: ; ImmutableOopMap {rbp=Oop [36]=NarrowOop [40]=Oop [48]=Oop [56]=Oop [64]=NarrowOop [68]=NarrowOop [80]=Oop [88]=Oop [100]=NarrowOop [104]=NarrowOop [116]=NarrowOop [120]=NarrowOop [128]=NarrowOop [132]=NarrowOop }
                      ;*invokeinterface isEmpty {reexecute=0 rethrow=0 return_oop=0}
                      ; - sun.awt.AWTAutoShutdown::isReadyToShutdown@11
                      ; - sun.awt.AWTAutoShutdown::notifyThreadBusy@34
                      ; - java.awt.EventQueue::postEvent@102
                      ; - java.awt.EventQueue::postEventPrivate@76
                      ; - java.awt.EventQueue::postEvent@9
                      ; - sun.awt.PostEventQueue::flush@87
                      ; - sun.awt.SunToolkit::flushPendingEvents@15
                      ; - java.awt.EventQueue::postEvent@4
                      ; - sun.awt.PostEventQueue::flush@87
                      ; - sun.awt.SunToolkit::flushPendingEvents@15
                      ; - java.awt.EventQueue::getNextEvent@4
                      ; - java.awt.EventDispatchThread::pumpOneEventForFilters@20
  0x0000020851c4a270: 8cda 90ff 

  0x0000020851c4a274: ;   {other}
  0x0000020851c4a274: 0f1f 8400 | 6492 00f6 | baf4 ffff | ff48 8b6c | 2428 448b | 5c24 3044 | 895c 2424 | 4c8b 5424 
  0x0000020851c4a294: 404c 8954 | 2428 4c8b | 5424 504c | 8954 2430 | 4c8b 5424 | 484c 8954 | 2438 448b | 5c24 5844 
  0x0000020851c4a2b4: 895c 2440 | 448b 5424 | 5c44 8954 | 2444 4c8b | 5424 604c | 8954 2450 | 4c8b 5424 | 684c 8954 
  0x0000020851c4a2d4: 2458 448b | 5c24 7044 | 895c 2464 | 4489 4424 | 684c 8b94 | 2490 0000 | 004c 8954 

  0x0000020851c4a2f0: ;   {runtime_call UncommonTrapBlob}
  0x0000020851c4a2f0: 2478 90e8 

  0x0000020851c4a2f4: ; ImmutableOopMap {rbp=Oop [36]=NarrowOop [40]=Oop [48]=Oop [56]=Oop [64]=NarrowOop [68]=NarrowOop [80]=Oop [88]=Oop [100]=NarrowOop [104]=NarrowOop [120]=Oop [144]=Oop }
                      ;*instanceof {reexecute=0 rethrow=0 return_oop=0}
                      ; - java.awt.EventQueue::cacheEQItem@20
                      ; - java.awt.EventQueue::postEvent@21
                      ; - java.awt.EventQueue::postEventPrivate@76
                      ; - java.awt.EventQueue::postEvent@9
                      ; - sun.awt.PostEventQueue::flush@87
                      ; - sun.awt.SunToolkit::flushPendingEvents@15
                      ; - java.awt.EventQueue::postEvent@4
                      ; - sun.awt.PostEventQueue::flush@87
                      ; - sun.awt.SunToolkit::flushPendingEvents@15
                      ; - java.awt.EventQueue::getNextEvent@4
                      ; - java.awt.EventDispatchThread::pumpOneEventForFilters@20
  0x0000020851c4a2f4: 08da 90ff 

  0x0000020851c4a2f8: ;   {other}
  0x0000020851c4a2f8: 0f1f 8400 | e892 00f7 | ba45 ffff | ff4c 8b54 | 2428 4c89 | 5424 2089 | 5c24 2889 

  0x0000020851c4a314: ;   {runtime_call UncommonTrapBlob}
  0x0000020851c4a314: 7424 2ce8 

  0x0000020851c4a318: ; ImmutableOopMap {rbp=NarrowOop [32]=Oop [40]=NarrowOop [44]=NarrowOop }
                      ;*ifnull {reexecute=1 rethrow=0 return_oop=0}
                      ; - (reexecute) java.util.concurrent.locks.LockSupport::unpark@1
                      ; - java.util.concurrent.locks.AbstractQueuedSynchronizer::signalNext@30
                      ; - java.util.concurrent.locks.AbstractQueuedSynchronizer::release@12
                      ; - java.util.concurrent.locks.ReentrantLock::unlock@5
                      ; - java.awt.EventQueue::getNextEvent@31
                      ; - java.awt.EventDispatchThread::pumpOneEventForFilters@20
  0x0000020851c4a318: e4d9 90ff 

  0x0000020851c4a31c: ;   {other}
  0x0000020851c4a31c: 0f1f 8400 | 0c93 00f8 | ba45 ffff | ff4c 8b54 | 2428 4c89 | 5424 204c | 8b54 2458 | 4c89 5424 
  0x0000020851c4a33c: ;   {runtime_call UncommonTrapBlob}
  0x0000020851c4a33c: 4066 90e8 

  0x0000020851c4a340: ; ImmutableOopMap {rbp=NarrowOop [32]=Oop [64]=Oop [76]=NarrowOop [80]=Oop [88]=Oop }
                      ;*ifnull {reexecute=1 rethrow=0 return_oop=0}
                      ; - (reexecute) java.util.concurrent.locks.LockSupport::unpark@1
                      ; - java.util.concurrent.locks.AbstractQueuedSynchronizer::signalNext@30
                      ; - java.util.concurrent.locks.AbstractQueuedSynchronizer::release@12
                      ; - java.util.concurrent.locks.AbstractQueuedSynchronizer$ConditionObject::enableWait@62
                      ; - java.util.concurrent.locks.AbstractQueuedSynchronizer$ConditionObject::await@26
                      ; - java.awt.EventQueue::getNextEvent@52
                      ; - java.awt.EventDispatchThread::pumpOneEventForFilters@20
  0x0000020851c4a340: bcd9 90ff 

  0x0000020851c4a344: ;   {other}
  0x0000020851c4a344: 0f1f 8400 | 3493 00f9 | baf4 ffff | ff48 8b6c | 2428 448b | 5c24 3044 | 895c 2424 | 4c8b 5424 
  0x0000020851c4a364: 404c 8954 | 2428 4c8b | 5424 504c | 8954 2430 | 4c8b 5424 | 484c 8954 | 2438 448b | 5424 5844 
  0x0000020851c4a384: 8954 2444 | 4889 5c24 

  0x0000020851c4a38c: ;   {runtime_call UncommonTrapBlob}
  0x0000020851c4a38c: 5066 90e8 

  0x0000020851c4a390: ; ImmutableOopMap {rbp=Oop [36]=NarrowOop [40]=Oop [48]=Oop [56]=Oop [68]=NarrowOop [80]=Oop [88]=NarrowOop [92]=NarrowOop }
                      ;*checkcast {reexecute=0 rethrow=0 return_oop=0}
                      ; - java.awt.EventQueue::coalesceMouseEvent@4
                      ; - java.awt.EventQueue::coalesceEvent@80
                      ; - java.awt.EventQueue::postEvent@3
                      ; - java.awt.EventQueue::postEventPrivate@76
                      ; - java.awt.EventQueue::postEvent@9
                      ; - sun.awt.PostEventQueue::flush@87
                      ; - sun.awt.SunToolkit::flushPendingEvents@15
                      ; - java.awt.EventQueue::getNextEvent@4
                      ; - java.awt.EventDispatchThread::pumpOneEventForFilters@20
  0x0000020851c4a390: 6cd9 90ff 

  0x0000020851c4a394: ;   {other}
  0x0000020851c4a394: 0f1f 8400 | 8493 00fa | ba45 ffff | ff4c 8b54 | 2428 4c89 | 5424 2044 | 8b5c 2430 | 4489 5c24 
  0x0000020851c4a3b4: 2c4c 8b54 | 2440 4c89 

  0x0000020851c4a3bc: ;   {runtime_call UncommonTrapBlob}
  0x0000020851c4a3bc: 5424 30e8 

  0x0000020851c4a3c0: ; ImmutableOopMap {rbp=NarrowOop [32]=Oop [44]=NarrowOop [48]=Oop [72]=Oop [80]=Oop }
                      ;*ifnull {reexecute=1 rethrow=0 return_oop=0}
                      ; - (reexecute) java.util.concurrent.locks.LockSupport::unpark@1
                      ; - java.util.concurrent.locks.AbstractQueuedSynchronizer::signalNext@30
                      ; - java.util.concurrent.locks.AbstractQueuedSynchronizer::release@12
                      ; - java.util.concurrent.locks.ReentrantLock::unlock@5
                      ; - java.awt.EventQueue::postEventPrivate@83
                      ; - java.awt.EventQueue::postEvent@9
                      ; - sun.awt.PostEventQueue::flush@87
                      ; - sun.awt.SunToolkit::flushPendingEvents@15
                      ; - java.awt.EventQueue::getNextEvent@4
                      ; - java.awt.EventDispatchThread::pumpOneEventForFilters@20
  0x0000020851c4a3c0: 3cd9 90ff 

  0x0000020851c4a3c4: ;   {other}
  0x0000020851c4a3c4: 0f1f 8400 | b493 00fb | ba45 ffff | ff48 8b6c | 2428 448b | 5424 3044 | 8954 2424 | 4c8b 5424 
  0x0000020851c4a3e4: 404c 8954 | 2428 4c8b | 5424 504c | 8954 2430 | 4c8b 5424 | 484c 8954 | 2438 448b | 5424 5844 
  0x0000020851c4a404: 8954 2444 | 4489 4424 

  0x0000020851c4a40c: ;   {runtime_call UncommonTrapBlob}
  0x0000020851c4a40c: 5466 90e8 

  0x0000020851c4a410: ; ImmutableOopMap {rbp=Oop [36]=NarrowOop [40]=Oop [48]=Oop [56]=Oop [68]=NarrowOop [84]=NarrowOop [88]=NarrowOop [92]=NarrowOop }
                      ;*ifnonnull {reexecute=1 rethrow=0 return_oop=0}
                      ; - (reexecute) java.awt.EventQueue::coalesceMouseEvent@12
                      ; - java.awt.EventQueue::coalesceEvent@80
                      ; - java.awt.EventQueue::postEvent@3
                      ; - java.awt.EventQueue::postEventPrivate@76
                      ; - java.awt.EventQueue::postEvent@9
                      ; - sun.awt.PostEventQueue::flush@87
                      ; - sun.awt.SunToolkit::flushPendingEvents@15
                      ; - java.awt.EventQueue::getNextEvent@4
                      ; - java.awt.EventDispatchThread::pumpOneEventForFilters@20
  0x0000020851c4a410: ecd8 90ff 

  0x0000020851c4a414: ;   {other}
  0x0000020851c4a414: 0f1f 8400 | 0494 00fc | baf4 ffff | ff48 8b6c | 2428 448b | 5424 3044 | 8954 2424 | 4c8b 5424 
  0x0000020851c4a434: 404c 8954 | 2428 4c8b | 5424 504c | 8954 2430 | 4c8b 5424 | 484c 8954 | 2438 448b | 5424 5844 
  0x0000020851c4a454: 8954 2440 | 448b 5424 | 5c44 8954 | 2444 4c8b | 5424 604c | 8954 2450 | 4c8b 5424 | 684c 8954 
  0x0000020851c4a474: 2458 448b | 5424 7045 | 8bda 4489 | 5c24 6444 | 8b54 2474 | 4489 5424 | 6848 895c 

  0x0000020851c4a490: ;   {runtime_call UncommonTrapBlob}
  0x0000020851c4a490: 2470 90e8 

  0x0000020851c4a494: ; ImmutableOopMap {rbp=Oop [36]=NarrowOop [40]=Oop [48]=Oop [56]=Oop [64]=NarrowOop [68]=NarrowOop [80]=Oop [88]=Oop [100]=NarrowOop [104]=NarrowOop [112]=Oop }
                      ;*checkcast {reexecute=0 rethrow=0 return_oop=0}
                      ; - java.awt.EventQueue::coalesceMouseEvent@4
                      ; - java.awt.EventQueue::coalesceEvent@80
                      ; - java.awt.EventQueue::postEvent@3
                      ; - java.awt.EventQueue::postEventPrivate@76
                      ; - java.awt.EventQueue::postEvent@9
                      ; - sun.awt.PostEventQueue::flush@87
                      ; - sun.awt.SunToolkit::flushPendingEvents@15
                      ; - java.awt.EventQueue::postEvent@4
                      ; - sun.awt.PostEventQueue::flush@87
                      ; - sun.awt.SunToolkit::flushPendingEvents@15
                      ; - java.awt.EventQueue::getNextEvent@4
                      ; - java.awt.EventDispatchThread::pumpOneEventForFilters@20
  0x0000020851c4a494: 68d8 90ff 

  0x0000020851c4a498: ;   {other}
  0x0000020851c4a498: 0f1f 8400 | 8894 00fd | ba45 ffff | ff4c 8b54 | 2428 4c89 | 5424 2044 | 8b54 2430 | 4489 5424 
  0x0000020851c4a4b8: 2c4c 8b54 | 2440 4c89 | 5424 304c | 8b54 2448 | 4c89 5424 | 4044 8b54 | 2458 4489 | 5424 4844 
  0x0000020851c4a4d8: 8b54 245c | 4489 5424 | 4c4c 8b54 | 2460 4c89 

  0x0000020851c4a4e8: ;   {runtime_call UncommonTrapBlob}
  0x0000020851c4a4e8: 5424 58e8 

  0x0000020851c4a4ec: ; ImmutableOopMap {rbp=NarrowOop [32]=Oop [44]=NarrowOop [48]=Oop [64]=Oop [72]=NarrowOop [76]=NarrowOop [80]=Oop [88]=Oop [104]=Oop }
                      ;*ifnull {reexecute=1 rethrow=0 return_oop=0}
                      ; - (reexecute) java.util.concurrent.locks.LockSupport::unpark@1
                      ; - java.util.concurrent.locks.AbstractQueuedSynchronizer::signalNext@30
                      ; - java.util.concurrent.locks.AbstractQueuedSynchronizer::release@12
                      ; - java.util.concurrent.locks.ReentrantLock::unlock@5
                      ; - java.awt.EventQueue::postEventPrivate@83
                      ; - java.awt.EventQueue::postEvent@9
                      ; - sun.awt.PostEventQueue::flush@87
                      ; - sun.awt.SunToolkit::flushPendingEvents@15
                      ; - java.awt.EventQueue::postEvent@4
                      ; - sun.awt.PostEventQueue::flush@87
                      ; - sun.awt.SunToolkit::flushPendingEvents@15
                      ; - java.awt.EventQueue::getNextEvent@4
                      ; - java.awt.EventDispatchThread::pumpOneEventForFilters@20
  0x0000020851c4a4ec: 10d8 90ff 

  0x0000020851c4a4f0: ;   {other}
  0x0000020851c4a4f0: 0f1f 8400 | e094 00fe | ba45 ffff | ff48 8b6c | 2428 448b | 5424 3044 | 8954 2424 | 4c8b 5424 
  0x0000020851c4a510: 404c 8954 | 2428 4c8b | 5424 504c | 8954 2430 | 4c8b 5424 | 484c 8954 | 2438 448b | 5424 5844 
  0x0000020851c4a530: 8954 2440 | 448b 5c24 | 5c44 895c | 2444 4c8b | 5424 604c | 8954 2450 | 4c8b 5424 | 684c 8954 
  0x0000020851c4a550: 2458 448b | 5424 7045 | 8bda 4489 | 5c24 6444 | 8b54 2474 | 4489 5424 | 6844 8944 

  0x0000020851c4a56c: ;   {runtime_call UncommonTrapBlob}
  0x0000020851c4a56c: 2474 90e8 

  0x0000020851c4a570: ; ImmutableOopMap {rbp=Oop [36]=NarrowOop [40]=Oop [48]=Oop [56]=Oop [64]=NarrowOop [68]=NarrowOop [80]=Oop [88]=Oop [100]=NarrowOop [104]=NarrowOop [116]=NarrowOop }
                      ;*ifnonnull {reexecute=1 rethrow=0 return_oop=0}
                      ; - (reexecute) java.awt.EventQueue::coalesceMouseEvent@12
                      ; - java.awt.EventQueue::coalesceEvent@80
                      ; - java.awt.EventQueue::postEvent@3
                      ; - java.awt.EventQueue::postEventPrivate@76
                      ; - java.awt.EventQueue::postEvent@9
                      ; - sun.awt.PostEventQueue::flush@87
                      ; - sun.awt.SunToolkit::flushPendingEvents@15
                      ; - java.awt.EventQueue::postEvent@4
                      ; - sun.awt.PostEventQueue::flush@87
                      ; - sun.awt.SunToolkit::flushPendingEvents@15
                      ; - java.awt.EventQueue::getNextEvent@4
                      ; - java.awt.EventDispatchThread::pumpOneEventForFilters@20
  0x0000020851c4a570: 8cd7 90ff 

  0x0000020851c4a574: ;   {other}
  0x0000020851c4a574: 0f1f 8400 | 6495 00ff | 488b d048 | 81c4 0001 

  0x0000020851c4a584: ;   {runtime_call _rethrow_Java}
  0x0000020851c4a584: 0000 5de9 | f4c4 9eff | bab5 ffff | ff48 8944 

  0x0000020851c4a594: ;   {runtime_call UncommonTrapBlob}
  0x0000020851c4a594: 2440 90e8 

  0x0000020851c4a598: ; ImmutableOopMap {rbp=Oop [64]=Oop [76]=NarrowOop [80]=Oop [88]=Oop }
                      ;*astore {reexecute=0 rethrow=0 return_oop=0}
                      ; - java.util.concurrent.locks.AbstractQueuedSynchronizer$ConditionObject::await@113
                      ; - java.awt.EventQueue::getNextEvent@52
                      ; - java.awt.EventDispatchThread::pumpOneEventForFilters@20
  0x0000020851c4a598: 64d7 90ff 

  0x0000020851c4a59c: ;   {other}
  0x0000020851c4a59c: 0f1f 8400 | 0000 0000 | 4d8b 9750 

  0x0000020851c4a5a8: ; ImmutableOopMap {rbp=Oop [40]=Oop [56]=Oop [76]=NarrowOop [80]=Oop [88]=Oop [100]=NarrowOop [120]=Oop }
                      ;*goto {reexecute=1 rethrow=0 return_oop=0}
                      ; - (reexecute) java.util.concurrent.locks.AbstractQueuedSynchronizer$ConditionObject::await@125
                      ; - java.awt.EventQueue::getNextEvent@52
                      ; - java.awt.EventDispatchThread::pumpOneEventForFilters@20
                      ;   {poll}
  0x0000020851c4a5a8: 0400 0041 | 8502 bd01 | 0000 004c | 8b4c 2478 | 4c8b 5c24 | 58e9 54b4 | ffff e9ed | 0c00 00e9 
  0x0000020851c4a5c8: e80c 0000 | e9e3 0c00 | 00e9 de0c | 0000 488b | e8e9 f006 | 0000 488b | e8e9 990a | 0000 448b 
  0x0000020851c4a5e8: ;   {metadata('java/lang/OutOfMemoryError')}
  0x0000020851c4a5e8: 5808 4181 | fb20 3102 | 000f 85bd | 0c00 00ba | 45ff ffff | 488b 6c24 | 2844 8b54 | 244c 458b 
  0x0000020851c4a608: da44 895c | 2424 4c8b | 5424 504c | 8954 2430 

  0x0000020851c4a618: ;   {runtime_call UncommonTrapBlob}
  0x0000020851c4a618: 6666 90e8 

  0x0000020851c4a61c: ; ImmutableOopMap {rbp=Oop [36]=NarrowOop [48]=Oop [76]=NarrowOop [80]=Oop }
                      ;*ifnull {reexecute=1 rethrow=0 return_oop=0}
                      ; - (reexecute) java.util.concurrent.locks.AbstractQueuedSynchronizer$ConditionObject::newConditionNode@7
                      ; - java.util.concurrent.locks.AbstractQueuedSynchronizer$ConditionObject::await@15
                      ; - java.awt.EventQueue::getNextEvent@52
                      ; - java.awt.EventDispatchThread::pumpOneEventForFilters@20
  0x0000020851c4a61c: e0d6 90ff 

  0x0000020851c4a620: ;   {other}
  0x0000020851c4a620: 0f1f 8400 | 0000 0000 | 498b d749 | ba60 1277 | 55fd 7f00 | 0041 ffd2 

  0x0000020851c4a638: ;   {other}
  0x0000020851c4a638: 0f1f 8400 | 0000 0000 | e935 0700 | 00e9 ad06 | 0000 488b | d84c 8b5c | 2460 488d | 8424 e000 
  0x0000020851c4a658: 0000 4883 | 3800 0f84 | 7900 0000 | 4d8b 1341 | f6c2 020f | 8462 0000 | 0049 83ba | 8600 0000 
  0x0000020851c4a678: 0074 0949 | ff8a 8600 | 0000 eb4b | 498b 8296 | 0000 0049 | 0b82 8e00 | 0000 750a | 49c7 423e 
  0x0000020851c4a698: 0000 0000 | eb3d 4983 | ba9e 0000 | 0000 7422 | 4833 c049 | c742 3e00 | 0000 00f0 | 8304 2400 
  0x0000020851c4a6b8: 4983 ba9e | 0000 0000 | 750d f04d | 0fb1 7a3e | 7505 83c8 | 01eb 0ca8 | 00eb 084c | 8b10 f04d 
  0x0000020851c4a6d8: 0fb1 1375 | 0a49 ff8f | 4805 0000 | 4533 d20f | 8517 0f00 | 0044 8b5b 

  0x0000020851c4a6f0: ;   {metadata('java/lang/InterruptedException')}
  0x0000020851c4a6f0: 0841 81fb | d083 0401 | 0f84 4707 | 0000 488b | ebe9 b109 | 0000 488b | e8e9 a909 | 0000 e9a1 
  0x0000020851c4a710: 0b00 00e9 | 9709 0000 | 488b d8e9 | 6004 0000 | 488b d84c | 8b5c 2420 | 488d 8424 | e000 0000 
  0x0000020851c4a730: 4883 3800 | 0f84 7900 | 0000 4d8b | 1341 f6c2 | 020f 8462 | 0000 0049 | 83ba 8600 | 0000 0074 
  0x0000020851c4a750: 0949 ff8a | 8600 0000 | eb4b 498b | 8296 0000 | 0049 0b82 | 8e00 0000 | 750a 49c7 | 423e 0000 
  0x0000020851c4a770: 0000 eb3d | 4983 ba9e | 0000 0000 | 7422 4833 | c049 c742 | 3e00 0000 | 00f0 8304 | 2400 4983 
  0x0000020851c4a790: ba9e 0000 | 0000 750d | f04d 0fb1 | 7a3e 7505 | 83c8 01eb | 0ca8 00eb | 084c 8b10 | f04d 0fb1 
  0x0000020851c4a7b0: 1375 0a49 | ff8f 4805 | 0000 4533 | d20f 8519 | 0e00 004c | 8bdb 458b 

  0x0000020851c4a7c8: ;   {metadata('java/lang/InterruptedException')}
  0x0000020851c4a7c8: 5308 4181 | fad0 8304 | 010f 8426 | 0a00 0049 | 8beb e916 | 0b00 0044 

  0x0000020851c4a7e0: ;   {metadata('java/lang/OutOfMemoryError')}
  0x0000020851c4a7e0: 8b58 0841 | 81fb 2031 | 0200 0f85 | c40a 0000 | 488b d548 | 8b6c 2428 | 4c8b 5424 | 384c 8954 
  0x0000020851c4a800: 2430 6666 | 9048 b8ff | ffff ffff 

  0x0000020851c4a80c: ;   {virtual_call}
  0x0000020851c4a80c: ffff ffe8 

  0x0000020851c4a810: ; ImmutableOopMap {rbp=Oop [40]=Oop [48]=Oop [56]=Oop [76]=NarrowOop [80]=Oop }
                      ;*invokevirtual isHeldExclusively {reexecute=0 rethrow=0 return_oop=0}
                      ; - java.util.concurrent.locks.AbstractQueuedSynchronizer$ConditionObject::newConditionNode@23
                      ; - java.util.concurrent.locks.AbstractQueuedSynchronizer$ConditionObject::await@15
                      ; - java.awt.EventQueue::getNextEvent@52
                      ; - java.awt.EventDispatchThread::pumpOneEventForFilters@20
  0x0000020851c4a810: 6c4b 90ff 

  0x0000020851c4a814: ;   {other}
  0x0000020851c4a814: 0f1f 8400 | 0000 0000 | 85c0 0f84 | 910d 0000 | 4c8b 5c24 | 5045 8b53 | 1445 8b42 | 1044 8944 
  0x0000020851c4a834: 2430 498b 

  0x0000020851c4a838: ;   {optimized virtual_call}
  0x0000020851c4a838: d266 90e8 

  0x0000020851c4a83c: ; ImmutableOopMap {rbp=Oop [40]=Oop [56]=Oop [76]=NarrowOop [80]=Oop }
                      ;*invokevirtual release {reexecute=0 rethrow=0 return_oop=0}
                      ; - java.util.concurrent.locks.AbstractQueuedSynchronizer$ConditionObject::newConditionNode@42
                      ; - java.util.concurrent.locks.AbstractQueuedSynchronizer$ConditionObject::await@15
                      ; - java.awt.EventQueue::getNextEvent@52
                      ; - java.awt.EventDispatchThread::pumpOneEventForFilters@20
  0x0000020851c4a83c: 4046 90ff 

  0x0000020851c4a840: ;   {other}
  0x0000020851c4a840: 0f1f 8400 | 0000 0000 | 85c0 0f84 | 650d 0000 | 41b9 8096 

  0x0000020851c4a854: ;   {oop(a 'jdk/internal/misc/Unsafe'{0x00000000c0370cc0})}
  0x0000020851c4a854: 9800 48ba | c00c 37c0 | 0000 0000 

  0x0000020851c4a860: ;   {optimized virtual_call}
  0x0000020851c4a860: 4533 c0e8 

  0x0000020851c4a864: ; ImmutableOopMap {rbp=Oop [40]=Oop [56]=Oop [76]=NarrowOop [80]=Oop }
                      ;*invokevirtual park {reexecute=0 rethrow=0 return_oop=0}
                      ; - java.util.concurrent.locks.AbstractQueuedSynchronizer$ConditionObject::newConditionNode@63
                      ; - java.util.concurrent.locks.AbstractQueuedSynchronizer$ConditionObject::await@15
                      ; - java.awt.EventQueue::getNextEvent@52
                      ; - java.awt.EventDispatchThread::pumpOneEventForFilters@20
  0x0000020851c4a864: 1846 90ff 

  0x0000020851c4a868: ;   {other}
  0x0000020851c4a868: 0f1f 8400 | 0000 0000 | 4c8b 5c24 | 5045 8b53 | 1445 85d2 | 0f84 460d | 0000 498b | d249 8beb 
  0x0000020851c4a888: 4533 c044 | 8b4c 2430 

  0x0000020851c4a890: ;   {optimized virtual_call}
  0x0000020851c4a890: 6666 90e8 

  0x0000020851c4a894: ; ImmutableOopMap {rbp=Oop [40]=Oop [56]=Oop [76]=NarrowOop }
                      ;*invokevirtual acquireOnOOME {reexecute=0 rethrow=0 return_oop=0}
                      ; - java.util.concurrent.locks.AbstractQueuedSynchronizer$ConditionObject::newConditionNode@72
                      ; - java.util.concurrent.locks.AbstractQueuedSynchronizer$ConditionObject::await@15
                      ; - java.awt.EventQueue::getNextEvent@52
                      ; - java.awt.EventDispatchThread::pumpOneEventForFilters@20
  0x0000020851c4a894: e845 90ff 

  0x0000020851c4a898: ;   {other}
  0x0000020851c4a898: 0f1f 8400 | 0000 0000 | ba45 ffff | ff48 8b6c 

  0x0000020851c4a8a8: ;   {runtime_call UncommonTrapBlob}
  0x0000020851c4a8a8: 2428 90e8 

  0x0000020851c4a8ac: ; ImmutableOopMap {rbp=Oop [76]=NarrowOop }
                      ;*ifnonnull {reexecute=1 rethrow=0 return_oop=0}
                      ; - (reexecute) java.util.concurrent.locks.AbstractQueuedSynchronizer$ConditionObject::await@20
                      ; - java.awt.EventQueue::getNextEvent@52
                      ; - java.awt.EventDispatchThread::pumpOneEventForFilters@20
  0x0000020851c4a8ac: 50d4 90ff 

  0x0000020851c4a8b0: ;   {other}
  0x0000020851c4a8b0: 0f1f 8400 | 0000 0000 | 488b e8e9 | 350a 0000 | 488b e8e9 | 0604 0000 | 448b 4008 | 49ba 0000 
  0x0000020851c4a8d0: 0000 0802 | 0000 4d03 | d0e9 2b0a | 0000 488b | d8e9 5106 | 0000 488b | e8e9 9107 | 0000 488b 
  0x0000020851c4a8f0: d8e9 8a02 | 0000 e9b9 | 0900 0048 | 8bd8 eb30 | e9f2 0300 | 0048 8bd8 | e92a 0600 | 00e9 9d07 
  0x0000020851c4a910: 0000 448b | 4008 49ba | 0000 0000 | 0802 0000 | 4d03 d0e9 | e109 0000 | 488b d8eb | 0348 8bd8 
  0x0000020851c4a930: 4c8b 5c24 | 7048 8d84 | 24e8 0000 | 0048 8338 | 000f 8479 | 0000 004d | 8b13 41f6 | c202 0f84 
  0x0000020851c4a950: 6200 0000 | 4983 ba86 | 0000 0000 | 7409 49ff | 8a86 0000 | 00eb 4b49 | 8b82 9600 | 0000 490b 
  0x0000020851c4a970: 828e 0000 | 0075 0a49 | c742 3e00 | 0000 00eb | 3d49 83ba | 9e00 0000 | 0074 2248 | 33c0 49c7 
  0x0000020851c4a990: 423e 0000 | 0000 f083 | 0424 0049 | 83ba 9e00 | 0000 0075 | 0df0 4d0f | b17a 3e75 

  0x0000020851c4a9ac: ;   {no_reloc}
  0x0000020851c4a9ac: 0583 c801 | eb0c a800 | eb08 4c8b | 10f0 4d0f | b113 750a | 49ff 8f48 | 0500 0045 | 33d2 0f85 
  0x0000020851c4a9cc: 950b 0000 | 4c8b 5c24 | 6848 8d84 | 24e0 0000 | 0048 8338 | 000f 8479 | 0000 004d | 8b13 41f6 
  0x0000020851c4a9ec: c202 0f84 | 6200 0000 | 4983 ba86 | 0000 0000 | 7409 49ff | 8a86 0000 | 00eb 4b49 | 8b82 9600 
  0x0000020851c4aa0c: 0000 490b | 828e 0000 | 0075 0a49 | c742 3e00 | 0000 00eb | 3d49 83ba | 9e00 0000 | 0074 2248 
  0x0000020851c4aa2c: 33c0 49c7 | 423e 0000 | 0000 f083 | 0424 0049 | 83ba 9e00 | 0000 0075 | 0df0 4d0f | b17a 3e75 
  0x0000020851c4aa4c: 0583 c801 | eb0c a800 | eb08 4c8b | 10f0 4d0f | b113 750a | 49ff 8f48 | 0500 0045 | 33d2 0f85 
  0x0000020851c4aa6c: 1d0b 0000 | 488b ebe9 | 3f08 0000 | 488b d8e9 | 0001 0000 | e972 0200 | 0048 8bd8 | e9aa 0400 
  0x0000020851c4aa8c: 00e9 1d06 | 0000 e934 | 0200 00e9 | 1808 0000 | e913 0800 | 0048 8be8 | e925 0200 | 0044 8b58 
  0x0000020851c4aaac: ;   {no_reloc}
  0x0000020851c4aaac: 0849 ba00 | 0000 0008 | 0200 004d | 03d3 e94a | 0800 00e9 | b805 0000 | 488b d848 | 8d84 24e0 
  0x0000020851c4aacc: 0000 0048 | 8338 000f | 847b 0000 | 004c 8b55 | 0041 f6c2 | 020f 8462 | 0000 0049 | 83ba 8600 
  0x0000020851c4aaec: 0000 0074 | 0949 ff8a | 8600 0000 | eb4b 498b | 8296 0000 | 0049 0b82 | 8e00 0000 | 750a 49c7 
  0x0000020851c4ab0c: 423e 0000 | 0000 eb3e | 4983 ba9e | 0000 0000 | 7422 4833 | c049 c742 | 3e00 0000 | 00f0 8304 
  0x0000020851c4ab2c: 2400 4983 | ba9e 0000 | 0000 750d | f04d 0fb1 | 7a3e 7505 | 83c8 01eb | 0da8 00eb | 094c 8b10 
  0x0000020851c4ab4c: f04c 0fb1 | 5500 750a | 49ff 8f48 | 0500 0045 | 33d2 0f85 | 8909 0000 | 448b 5b08 

  0x0000020851c4ab68: ;   {metadata('java/lang/InterruptedException')}
  0x0000020851c4ab68: 4181 fbd0 | 8304 010f | 84d0 0200 | 0048 8beb | e93a 0500 | 0048 8bd8 | 4c8b 9c24 | 9800 0000 
  0x0000020851c4ab88: 488d 8424 | e800 0000 | 4883 3800 | 0f84 7900 | 0000 4d8b | 1341 f6c2 | 020f 8462 | 0000 0049 
  0x0000020851c4aba8: 83ba 8600 | 0000 0074 | 0949 ff8a | 8600 0000 | eb4b 498b | 8296 0000 | 0049 0b82 | 8e00 0000 
  0x0000020851c4abc8: 750a 49c7 | 423e 0000 | 0000 eb3d | 4983 ba9e | 0000 0000 | 7422 4833 | c049 c742 | 3e00 0000 
  0x0000020851c4abe8: 00f0 8304 | 2400 4983 | ba9e 0000 | 0000 750d | f04d 0fb1 | 7a3e 7505 | 83c8 01eb | 0ca8 00eb 
  0x0000020851c4ac08: 084c 8b10 | f04d 0fb1 | 1375 0a49 | ff8f 4805 | 0000 4533 | d20f 85f2 | 0800 004c | 8b9c 2488 
  0x0000020851c4ac28: 0000 0048 | 8d84 24e0 | 0000 0048 | 8338 000f | 8479 0000 | 004d 8b13 | 41f6 c202 | 0f84 6200 
  0x0000020851c4ac48: 0000 4983 | ba86 0000 | 0000 7409 | 49ff 8a86 | 0000 00eb | 4b49 8b82 | 9600 0000 

  0x0000020851c4ac64: ;   {no_reloc}
  0x0000020851c4ac64: 490b 828e | 0000 0075 | 0a49 c742 | 3e00 0000 | 00eb 3d49 | 83ba 9e00 | 0000 0074 | 2248 33c0 
  0x0000020851c4ac84: 49c7 423e | 0000 0000 | f083 0424 | 0049 83ba | 9e00 0000 | 0075 0df0 | 4d0f b17a | 3e75 0583 
  0x0000020851c4aca4: c801 eb0c | a800 eb08 | 4c8b 10f0 | 4d0f b113 | 750a 49ff | 8f48 0500 | 0045 33d2 | 0f85 7708 
  0x0000020851c4acc4: 0000 488b | ebeb 0348 | 8be8 448b | 5424 7045 | 8b5a 2c49 | 8bd3 6666 | 9048 b8ff | ffff ffff 
  0x0000020851c4ace4: ;   {virtual_call}
  0x0000020851c4ace4: ffff ffe8 

  0x0000020851c4ace8: ; ImmutableOopMap {rbp=Oop [32]=Oop [40]=Oop [48]=NarrowOop [52]=NarrowOop [56]=Oop [64]=Oop [72]=Oop [80]=Oop [88]=NarrowOop [92]=NarrowOop [96]=Oop [104]=Oop }
                      ;*invokeinterface unlock {reexecute=0 rethrow=0 return_oop=0}
                      ; - java.awt.EventQueue::postEventPrivate@96
                      ; - java.awt.EventQueue::postEvent@9
                      ; - sun.awt.PostEventQueue::flush@87
                      ; - sun.awt.SunToolkit::flushPendingEvents@15
                      ; - java.awt.EventQueue::postEvent@4
                      ; - sun.awt.PostEventQueue::flush@87
                      ; - sun.awt.SunToolkit::flushPendingEvents@15
                      ; - java.awt.EventQueue::getNextEvent@4
                      ; - java.awt.EventDispatchThread::pumpOneEventForFilters@20
  0x0000020851c4ace8: 9446 90ff 

  0x0000020851c4acec: ;   {other}
  0x0000020851c4acec: 0f1f 8400 | 0000 0000 | 488b c548 | 8be8 eb03 | 488b e84c | 8b5c 2460 | 488d 9c24 | e000 0000 
  0x0000020851c4ad0c: 498b 03a8 | 020f 8523 | 0000 0048 | 83c8 0148 | 8903 f049 | 0fb1 1b0f | 8437 0000 | 0048 2bc4 
  0x0000020851c4ad2c: 4825 07f0 | ffff 4889 | 03e9 2400 | 0000 4c8b | d048 33c0 | f04d 0fb1 | 7a3e 48c7 | 0303 0000 
  0x0000020851c4ad4c: 0074 114c | 3bf8 7515 | 49ff 8286 | 0000 0048 | 33c0 7509 | 49ff 8748 | 0500 0033 | c00f 85bf 
  0x0000020851c4ad6c: 0600 0041 | 807f 4000 | 0f85 0c06 | 0000 4c8b | 5424 6045 | 8962 1849 

  0x0000020851c4ad84: ;   {optimized virtual_call}
  0x0000020851c4ad84: 8bd2 90e8 

  0x0000020851c4ad88: ; ImmutableOopMap {rbp=Oop [32]=Oop [40]=Oop [48]=NarrowOop [52]=NarrowOop [56]=Oop [64]=Oop [72]=Oop [80]=Oop [88]=NarrowOop [92]=NarrowOop [96]=Oop }
                      ;*invokevirtual notifyAll {reexecute=0 rethrow=0 return_oop=0}
                      ; - sun.awt.PostEventQueue::flush@139
                      ; - sun.awt.SunToolkit::flushPendingEvents@15
                      ; - java.awt.EventQueue::postEvent@4
                      ; - sun.awt.PostEventQueue::flush@87
                      ; - sun.awt.SunToolkit::flushPendingEvents@15
                      ; - java.awt.EventQueue::getNextEvent@4
                      ; - java.awt.EventDispatchThread::pumpOneEventForFilters@20
  0x0000020851c4ad88: f440 90ff 

  0x0000020851c4ad8c: ;   {other}
  0x0000020851c4ad8c: 0f1f 8400 | 0000 0000 | 4c8b 5c24 | 6048 8d84 | 24e0 0000 | 0048 8338 | 000f 8479 | 0000 004d 
  0x0000020851c4adac: 8b13 41f6 | c202 0f84 | 6200 0000 | 4983 ba86 | 0000 0000 | 7409 49ff | 8a86 0000 | 00eb 4b49 
  0x0000020851c4adcc: 8b82 9600 | 0000 490b | 828e 0000 | 0075 0a49 | c742 3e00 | 0000 00eb | 3d49 83ba | 9e00 0000 
  0x0000020851c4adec: 0074 2248 | 33c0 49c7 | 423e 0000 | 0000 f083 | 0424 0049 | 83ba 9e00 | 0000 0075 | 0df0 4d0f 
  0x0000020851c4ae0c: b17a 3e75 | 0583 c801 | eb0c a800 | eb08 4c8b | 10f0 4d0f | b113 750a | 49ff 8f48 | 0500 0045 
  0x0000020851c4ae2c: 33d2 0f85 | 1906 0000 | 448b 5508 

  0x0000020851c4ae38: ;   {metadata('java/lang/InterruptedException')}
  0x0000020851c4ae38: 4181 fad0 | 8304 010f | 8572 0200 | 0048 8b54 | 2450 488b | 6c24 2866 | 9048 b8ff | ffff ffff 
  0x0000020851c4ae58: ;   {virtual_call}
  0x0000020851c4ae58: ffff ffe8 

  0x0000020851c4ae5c: ; ImmutableOopMap {rbp=Oop [32]=Oop [40]=Oop [48]=NarrowOop [52]=NarrowOop [56]=Oop [64]=Oop [72]=Oop [80]=Oop [88]=NarrowOop [92]=NarrowOop }
                      ;*invokevirtual interrupt {reexecute=0 rethrow=0 return_oop=0}
                      ; - sun.awt.PostEventQueue::flush@164
                      ; - sun.awt.SunToolkit::flushPendingEvents@15
                      ; - java.awt.EventQueue::postEvent@4
                      ; - sun.awt.PostEventQueue::flush@87
                      ; - sun.awt.SunToolkit::flushPendingEvents@15
                      ; - java.awt.EventQueue::getNextEvent@4
                      ; - java.awt.EventDispatchThread::pumpOneEventForFilters@20
  0x0000020851c4ae5c: 2045 90ff 

  0x0000020851c4ae60: ;   {other}
  0x0000020851c4ae60: 0f1f 8400 | 0000 0000 | e915 80ff | ff48 8be8 | e90a 0200 | 0048 8bd8 | 4c8b 5c24 | 2048 8d84 
  0x0000020851c4ae80: 24e0 0000 | 0048 8338 | 000f 8479 | 0000 004d | 8b13 41f6 | c202 0f84 | 6200 0000 | 4983 ba86 
  0x0000020851c4aea0: 0000 0000 | 7409 49ff | 8a86 0000 | 00eb 4b49 | 8b82 9600 | 0000 490b | 828e 0000 | 0075 0a49 
  0x0000020851c4aec0: c742 3e00 | 0000 00eb | 3d49 83ba | 9e00 0000 | 0074 2248 | 33c0 49c7 | 423e 0000 | 0000 f083 
  0x0000020851c4aee0: 0424 0049 | 83ba 9e00 | 0000 0075 | 0df0 4d0f | b17a 3e75 | 0583 c801 | eb0c a800 | eb08 4c8b 
  0x0000020851c4af00: 10f0 4d0f | b113 750a | 49ff 8f48 | 0500 0045 | 33d2 0f85 | 5d05 0000 | 4c8b d345 

  0x0000020851c4af1c: ;   {metadata('java/lang/InterruptedException')}
  0x0000020851c4af1c: 8b5a 0841 | 81fb d083 | 0401 0f84 | d102 0000 | 498b eae9 | c103 0000 | 488b d84c | 8b5c 2478 
  0x0000020851c4af3c: 488d 8424 | e800 0000 | 4883 3800 | 0f84 7900 | 0000 4d8b | 1341 f6c2 | 020f 8462 | 0000 0049 
  0x0000020851c4af5c: 83ba 8600 | 0000 0074 | 0949 ff8a | 8600 0000 | eb4b 498b | 8296 0000 | 0049 0b82 | 8e00 0000 
  0x0000020851c4af7c: 750a 49c7 | 423e 0000 | 0000 eb3d | 4983 ba9e | 0000 0000 | 7422 4833 | c049 c742 | 3e00 0000 
  0x0000020851c4af9c: 00f0 8304 | 2400 4983 | ba9e 0000 | 0000 750d | f04d 0fb1 | 7a3e 7505 | 83c8 01eb | 0ca8 00eb 
  0x0000020851c4afbc: 084c 8b10 | f04d 0fb1 | 1375 0a49 | ff8f 4805 | 0000 4533 | d20f 85c6 | 0400 004c | 8b5c 2468 
  0x0000020851c4afdc: 488d 8424 | e000 0000 | 4883 3800 | 0f84 7900 | 0000 4d8b | 1341 f6c2 | 020f 8462 | 0000 0049 
  0x0000020851c4affc: 83ba 8600 | 0000 0074 | 0949 ff8a | 8600 0000 | eb4b 498b | 8296 0000 | 0049 0b82 | 8e00 0000 
  0x0000020851c4b01c: ;   {no_reloc}
  0x0000020851c4b01c: 750a 49c7 | 423e 0000 | 0000 eb3d | 4983 ba9e | 0000 0000 | 7422 4833 | c049 c742 | 3e00 0000 
  0x0000020851c4b03c: 00f0 8304 | 2400 4983 | ba9e 0000 | 0000 750d | f04d 0fb1 | 7a3e 7505 | 83c8 01eb | 0ca8 00eb 
  0x0000020851c4b05c: 084c 8b10 | f04d 0fb1 | 1375 0a49 | ff8f 4805 | 0000 4533 | d20f 854e | 0400 0048 | 8beb eb03 
  0x0000020851c4b07c: 488b e844 | 8b5c 2458 | 458b 532c | 498b d24c | 8b54 2448 | 4c89 5424 | 2048 b8ff | ffff ffff 
  0x0000020851c4b09c: ;   {virtual_call}
  0x0000020851c4b09c: ffff ffe8 

  0x0000020851c4b0a0: ; ImmutableOopMap {rbp=Oop [32]=Oop [40]=Oop [48]=NarrowOop [52]=NarrowOop [56]=Oop [64]=Oop [80]=Oop }
                      ;*invokeinterface unlock {reexecute=0 rethrow=0 return_oop=0}
                      ; - java.awt.EventQueue::postEventPrivate@96
                      ; - java.awt.EventQueue::postEvent@9
                      ; - sun.awt.PostEventQueue::flush@87
                      ; - sun.awt.SunToolkit::flushPendingEvents@15
                      ; - java.awt.EventQueue::getNextEvent@4
                      ; - java.awt.EventDispatchThread::pumpOneEventForFilters@20
  0x0000020851c4b0a0: dc42 90ff 

  0x0000020851c4b0a4: ;   {other}
  0x0000020851c4b0a4: 0f1f 8400 | 0000 0000 | 488b c548 | 8be8 eb03 | 488b e84c | 8b44 2440 | 488d 9c24 | e000 0000 
  0x0000020851c4b0c4: 498b 00a8 | 020f 8523 | 0000 0048 | 83c8 0148 | 8903 f049 | 0fb1 180f | 8437 0000 | 0048 2bc4 
  0x0000020851c4b0e4: 4825 07f0 | ffff 4889 | 03e9 2400 | 0000 4c8b | d048 33c0 | f04d 0fb1 | 7a3e 48c7 | 0303 0000 
  0x0000020851c4b104: 0074 114c | 3bf8 7515 | 49ff 8286 | 0000 0048 | 33c0 7509 | 49ff 8748 | 0500 0033 | c00f 8597 
  0x0000020851c4b124: 0200 0041 | 807f 4000 | 0f85 1b02 | 0000 4589 | 6018 4c89 | 4424 2049 

  0x0000020851c4b13c: ;   {optimized virtual_call}
  0x0000020851c4b13c: 8bd0 90e8 

  0x0000020851c4b140: ; ImmutableOopMap {rbp=Oop [32]=Oop [40]=Oop [48]=NarrowOop [52]=NarrowOop [56]=Oop [80]=Oop }
                      ;*invokevirtual notifyAll {reexecute=0 rethrow=0 return_oop=0}
                      ; - sun.awt.PostEventQueue::flush@139
                      ; - sun.awt.SunToolkit::flushPendingEvents@15
                      ; - java.awt.EventQueue::getNextEvent@4
                      ; - java.awt.EventDispatchThread::pumpOneEventForFilters@20
  0x0000020851c4b140: 3c3d 90ff 

  0x0000020851c4b144: ;   {other}
  0x0000020851c4b144: 0f1f 8400 | 0000 0000 | 4c8b 5c24 | 2048 8d84 | 24e0 0000 | 0048 8338 | 000f 8479 | 0000 004d 
  0x0000020851c4b164: 8b13 41f6 | c202 0f84 | 6200 0000 | 4983 ba86 | 0000 0000 | 7409 49ff | 8a86 0000 | 00eb 4b49 
  0x0000020851c4b184: 8b82 9600 | 0000 490b | 828e 0000 | 0075 0a49 | c742 3e00 | 0000 00eb | 3d49 83ba | 9e00 0000 
  0x0000020851c4b1a4: 0074 2248 | 33c0 49c7 | 423e 0000 | 0000 f083 | 0424 0049 | 83ba 9e00 | 0000 0075 | 0df0 4d0f 
  0x0000020851c4b1c4: b17a 3e75 | 0583 c801 | eb0c a800 | eb08 4c8b | 10f0 4d0f | b113 750a | 49ff 8f48 | 0500 0045 
  0x0000020851c4b1e4: 33d2 0f85 | fa01 0000 | 448b 5d08 

  0x0000020851c4b1f0: ;   {metadata('java/lang/InterruptedException')}
  0x0000020851c4b1f0: 4181 fbd0 | 8304 010f | 85f8 0000 | 0048 8b54 | 2450 488b | 6c24 2866 | 9048 b8ff | ffff ffff 
  0x0000020851c4b210: ;   {virtual_call}
  0x0000020851c4b210: ffff ffe8 

  0x0000020851c4b214: ; ImmutableOopMap {rbp=Oop [40]=Oop [48]=NarrowOop [52]=NarrowOop [56]=Oop [80]=Oop }
                      ;*invokevirtual interrupt {reexecute=0 rethrow=0 return_oop=0}
                      ; - sun.awt.PostEventQueue::flush@164
                      ; - sun.awt.SunToolkit::flushPendingEvents@15
                      ; - java.awt.EventQueue::getNextEvent@4
                      ; - java.awt.EventDispatchThread::pumpOneEventForFilters@20
  0x0000020851c4b214: 6841 90ff 

  0x0000020851c4b218: ;   {other}
  0x0000020851c4b218: 0f1f 8400 | 0000 0000 | e94f 6cff | ff44 8b58 | 0849 ba00 | 0000 0008 | 0200 004d | 03d3 e9ce 
  0x0000020851c4b238: 0000 0044 | 8b40 0849 | ba00 0000 | 0008 0200 | 004d 03d0 | e9b8 0000 | 0044 8b40 | 0849 ba00 
  0x0000020851c4b258: 0000 0008 | 0200 004d | 03d0 e9a2 | 0000 0044 

  0x0000020851c4b268: ;   {metadata('java/lang/InterruptedException')}
  0x0000020851c4b268: 8b50 0841 | 81fa d083 | 0401 0f84 | a400 0000 | 4c8b c0e9 | b300 0000 | 448b 5008 

  0x0000020851c4b284: ;   {metadata('java/lang/InterruptedException')}
  0x0000020851c4b284: 4181 fad0 | 8304 010f | 848b 0000 | 004c 8bc0 | e99a 0000 | 0044 8b50 

  0x0000020851c4b29c: ;   {metadata('java/lang/InterruptedException')}
  0x0000020851c4b29c: 0841 81fa | d083 0401 | 7476 4c8b | c0e9 8500 | 0000 eb04 | eb02 eb00 | 488b e844 | 8b5c 244c 
  0x0000020851c4b2bc: 458b 5b2c | 498b d366 | 9048 b8ff | ffff ffff 

  0x0000020851c4b2cc: ;   {virtual_call}
  0x0000020851c4b2cc: ffff ffe8 

  0x0000020851c4b2d0: ; ImmutableOopMap {rbp=Oop [40]=Oop [56]=Oop }
                      ;*invokeinterface unlock {reexecute=0 rethrow=0 return_oop=0}
                      ; - java.awt.EventQueue::getNextEvent@74
                      ; - java.awt.EventDispatchThread::pumpOneEventForFilters@20
  0x0000020851c4b2d0: ac40 90ff 

  0x0000020851c4b2d4: ;   {other}
  0x0000020851c4b2d4: 0f1f 8400 | 0000 0000 | 448b 4508 | 49ba 0000 | 0000 0802 | 0000 4d03 | d048 8bc5 | eb17 488b 
  0x0000020851c4b2f4: e844 8b45 | 0849 ba00 | 0000 0008 | 0200 004d | 03d0 488b | c54d 8b52 

  0x0000020851c4b30c: ;   {metadata('java/lang/InterruptedException')}
  0x0000020851c4b30c: 4849 bbd0 | 8304 0108 | 0200 004d | 3bd3 7514 | 4c8b 5424 | 2845 8862 | 74f0 8344 | 24c0 00e9 
  0x0000020851c4b32c: f46f ffff | 4c8b c048 | 8b54 2428 

  0x0000020851c4b338: ;   {optimized virtual_call}
  0x0000020851c4b338: 6666 90e8 

  0x0000020851c4b33c: ; ImmutableOopMap {}
                      ;*invokevirtual processException {reexecute=0 rethrow=0 return_oop=0}
                      ; - java.awt.EventDispatchThread::pumpOneEventForFilters@102
  0x0000020851c4b33c: 403b 90ff 

  0x0000020851c4b340: ;   {other}
  0x0000020851c4b340: 0f1f 8400 | 0000 0000 | e9d7 6fff | ff45 8b58 | 1845 85db | 0f84 d8fd | ffff 4d8b | 5728 498b 
  0x0000020851c4b360: cb4d 85d2 | 0f84 a400 | 0000 498b | d84d 8b5f | 384b 894c | 13f8 4983 | c2f8 4d89 | 5728 4c8b 
  0x0000020851c4b380: c3e9 acfd | ffff 4c8b | 5424 6045 | 8b52 1845 | 85d2 0f84 | e2f9 ffff | 4d8b 5f28 | 498b ca4d 
  0x0000020851c4b3a0: 85db 0f84 | 80f2 ffff | 4d8b 5738 | 4b89 4c1a | f849 83c3 | f84d 895f | 28e9 bcf9 | ffff 4c89 
  0x0000020851c4b3c0: 4424 2049 | 8bd0 4c8d | 8424 e000 

  0x0000020851c4b3cc: ;   {runtime_call _complete_monitor_locking_Java}
  0x0000020851c4b3cc: 0000 90e8 

  0x0000020851c4b3d0: ; ImmutableOopMap {rbp=Oop [32]=Oop [40]=Oop [48]=NarrowOop [52]=NarrowOop [56]=Oop [80]=Oop }
                      ;*monitorenter {reexecute=0 rethrow=0 return_oop=0}
                      ; - sun.awt.PostEventQueue::flush@132
                      ; - sun.awt.SunToolkit::flushPendingEvents@15
                      ; - java.awt.EventQueue::getNextEvent@4
                      ; - java.awt.EventDispatchThread::pumpOneEventForFilters@20
  0x0000020851c4b3d0: acad 9eff 

  0x0000020851c4b3d4: ;   {other}
  0x0000020851c4b3d4: 0f1f 8400 | 0000 0000 | 4c8b 4424 | 20e9 41fd | ffff 498b | cb48 8d94 | 24e0 0000 | 004d 8bc7 
  0x0000020851c4b3f4: 49ba 702f | b855 fd7f | 0000 41ff 

  0x0000020851c4b400: ;   {other}
  0x0000020851c4b400: d20f 1f84 | 0000 0000 | 00e9 defd | ffff 498b | d849 8bd7 | 49ba 6012 | 7755 fd7f | 0000 41ff 
  0x0000020851c4b420: ;   {other}
  0x0000020851c4b420: d20f 1f84 | 0000 0000 | 00e9 50ff | ffff 498b | d34c 8d84 | 24e0 0000 

  0x0000020851c4b438: ;   {runtime_call _complete_monitor_locking_Java}
  0x0000020851c4b438: 0066 90e8 

  0x0000020851c4b43c: ; ImmutableOopMap {rbp=Oop [32]=Oop [40]=Oop [48]=NarrowOop [52]=NarrowOop [56]=Oop [64]=Oop [72]=Oop [80]=Oop [88]=NarrowOop [92]=NarrowOop [96]=Oop }
                      ;*monitorenter {reexecute=0 rethrow=0 return_oop=0}
                      ; - sun.awt.PostEventQueue::flush@132
                      ; - sun.awt.SunToolkit::flushPendingEvents@15
                      ; - java.awt.EventQueue::postEvent@4
                      ; - sun.awt.PostEventQueue::flush@87
                      ; - sun.awt.SunToolkit::flushPendingEvents@15
                      ; - java.awt.EventQueue::getNextEvent@4
                      ; - java.awt.EventDispatchThread::pumpOneEventForFilters@20
  0x0000020851c4b43c: 40ad 9eff 

  0x0000020851c4b440: ;   {other}
  0x0000020851c4b440: 0f1f 8400 | 0000 0000 | e922 f9ff | ff49 8bcb | 488d 9424 | e000 0000 | 4d8b c749 | ba70 2fb8 
  0x0000020851c4b460: 55fd 7f00 | 0041 ffd2 

  0x0000020851c4b468: ;   {other}
  0x0000020851c4b468: 0f1f 8400 | 0000 0000 | e9bf f9ff | ff49 8bcb | 488d 9424 | e000 0000 | 4d8b c749 | ba70 2fb8 
  0x0000020851c4b488: 55fd 7f00 | 0041 ffd2 

  0x0000020851c4b490: ;   {other}
  0x0000020851c4b490: 0f1f 8400 | 0000 0000 | e97b faff | ff49 8bcb | 488d 9424 | e800 0000 | 4d8b c749 | ba70 2fb8 
  0x0000020851c4b4b0: 55fd 7f00 | 0041 ffd2 

  0x0000020851c4b4b8: ;   {other}
  0x0000020851c4b4b8: 0f1f 8400 | 0000 0000 | e912 fbff | ff49 8bcb | 488d 9424 | e000 0000 | 4d8b c749 | ba70 2fb8 
  0x0000020851c4b4d8: 55fd 7f00 | 0041 ffd2 

  0x0000020851c4b4e0: ;   {other}
  0x0000020851c4b4e0: 0f1f 8400 | 0000 0000 | e98a fbff | ff48 8bcd | 488d 9424 | e000 0000 | 4d8b c749 | ba70 2fb8 
  0x0000020851c4b500: 55fd 7f00 | 0041 ffd2 

  0x0000020851c4b508: ;   {other}
  0x0000020851c4b508: 0f1f 8400 | 0000 0000 | e94f f6ff | ff49 8bcb | 488d 9424 | e800 0000 | 4d8b c749 | ba70 2fb8 
  0x0000020851c4b528: 55fd 7f00 | 0041 ffd2 

  0x0000020851c4b530: ;   {other}
  0x0000020851c4b530: 0f1f 8400 | 0000 0000 | e9e6 f6ff | ff49 8bcb | 488d 9424 | e000 0000 | 4d8b c749 | ba70 2fb8 
  0x0000020851c4b550: 55fd 7f00 | 0041 ffd2 

  0x0000020851c4b558: ;   {other}
  0x0000020851c4b558: 0f1f 8400 | 0000 0000 | e961 f7ff | ff49 8bcb | 488d 9424 | e800 0000 | 4d8b c749 | ba70 2fb8 
  0x0000020851c4b578: 55fd 7f00 | 0041 ffd2 

  0x0000020851c4b580: ;   {other}
  0x0000020851c4b580: 0f1f 8400 | 0000 0000 | e943 f4ff | ff49 8bcb | 488d 9424 | e000 0000 | 4d8b c749 | ba70 2fb8 
  0x0000020851c4b5a0: 55fd 7f00 | 0041 ffd2 

  0x0000020851c4b5a8: ;   {other}
  0x0000020851c4b5a8: 0f1f 8400 | 0000 0000 | e9bb f4ff | ffba 2700 

  0x0000020851c4b5b8: ;   {runtime_call UncommonTrapBlob}
  0x0000020851c4b5b8: 0000 90e8 

  0x0000020851c4b5bc: ; ImmutableOopMap {rbp=Oop [76]=NarrowOop [80]=Oop }
                      ;*new {reexecute=0 rethrow=0 return_oop=0}
                      ; - java.util.concurrent.locks.AbstractQueuedSynchronizer$ConditionObject::newConditionNode@48
                      ; - java.util.concurrent.locks.AbstractQueuedSynchronizer$ConditionObject::await@15
                      ; - java.awt.EventQueue::getNextEvent@52
                      ; - java.awt.EventDispatchThread::pumpOneEventForFilters@20
  0x0000020851c4b5bc: 40c7 90ff 

  0x0000020851c4b5c0: ;   {other}
  0x0000020851c4b5c0: 0f1f 8400 | 0000 0000 | baf6 ffff 

  0x0000020851c4b5cc: ;   {runtime_call UncommonTrapBlob}
  0x0000020851c4b5cc: ff66 90e8 

  0x0000020851c4b5d0: ; ImmutableOopMap {rbp=Oop [76]=NarrowOop [80]=Oop }
                      ;*invokevirtual acquireOnOOME {reexecute=0 rethrow=0 return_oop=0}
                      ; - java.util.concurrent.locks.AbstractQueuedSynchronizer$ConditionObject::newConditionNode@72
                      ; - java.util.concurrent.locks.AbstractQueuedSynchronizer$ConditionObject::await@15
                      ; - java.awt.EventQueue::getNextEvent@52
                      ; - java.awt.EventDispatchThread::pumpOneEventForFilters@20
  0x0000020851c4b5d0: 2cc7 90ff 

  0x0000020851c4b5d4: ;   {other}
  0x0000020851c4b5d4: 0f1f 8400 | 0000 0000 | 498b cb48 | 8d94 24e0 | 0000 004d | 8bc7 49ba | 702f b855 | fd7f 0000 
  0x0000020851c4b5f4: ;   {other}
  0x0000020851c4b5f4: 41ff d20f | 1f84 0000 | 0000 00e9 | bff1 ffff | 498b cb48 | 8d94 24e0 | 0000 004d | 8bc7 49ba 
  0x0000020851c4b614: 702f b855 | fd7f 0000 

  0x0000020851c4b61c: ;   {other}
  0x0000020851c4b61c: 41ff d20f | 1f84 0000 | 0000 00e9 | c1f0 ffff | baf6 ffff | ff4c 895c 

  0x0000020851c4b634: ;   {runtime_call UncommonTrapBlob}
  0x0000020851c4b634: 2430 90e8 

  0x0000020851c4b638: ; ImmutableOopMap {rbp=Oop [48]=Oop [76]=NarrowOop [80]=Oop }
                      ;*invokevirtual getState {reexecute=0 rethrow=0 return_oop=0}
                      ; - java.util.concurrent.locks.AbstractQueuedSynchronizer$ConditionObject::newConditionNode@37
                      ; - java.util.concurrent.locks.AbstractQueuedSynchronizer$ConditionObject::await@15
                      ; - java.awt.EventQueue::getNextEvent@52
                      ; - java.awt.EventDispatchThread::pumpOneEventForFilters@20
  0x0000020851c4b638: c4c6 90ff 

  0x0000020851c4b63c: ;   {other}
  0x0000020851c4b63c: 0f1f 8400 | 0000 0000 

  0x0000020851c4b644: ;   {internal_word}
  0x0000020851c4b644: 49ba 2c23 | c451 0802 | 0000 4d89 | 9760 0400 

  0x0000020851c4b654: ;   {runtime_call SafepointBlob}
  0x0000020851c4b654: 00e9 26b5 

  0x0000020851c4b658: ;   {runtime_call StubRoutines (final stubs)}
  0x0000020851c4b658: 90ff e861 | a68e ffe9 | da63 ffff | f4f4 f4f4 
[Stub Code]
  0x0000020851c4b668: ;   {no_reloc}
  0x0000020851c4b668: 48bb 0000 | 0000 0000 

  0x0000020851c4b670: ;   {runtime_call nmethod}
  0x0000020851c4b670: 0000 e9fb 

  0x0000020851c4b674: ;   {static_stub}
  0x0000020851c4b674: ffff ff48 | bb00 0000 | 0000 0000 

  0x0000020851c4b680: ;   {runtime_call nmethod}
  0x0000020851c4b680: 00e9 fbff 

  0x0000020851c4b684: ;   {static_stub}
  0x0000020851c4b684: ffff 48bb | f882 8b5e | 0802 0000 

  0x0000020851c4b690: ;   {runtime_call I2C/C2I adapters}
  0x0000020851c4b690: e972 9890 

  0x0000020851c4b694: ;   {static_stub}
  0x0000020851c4b694: ff48 bb00 | 0000 0000 

  0x0000020851c4b69c: ;   {runtime_call nmethod}
  0x0000020851c4b69c: 0000 00e9 | fbff ffff 

  0x0000020851c4b6a4: ;   {static_stub}
  0x0000020851c4b6a4: 48bb 0000 | 0000 0000 

  0x0000020851c4b6ac: ;   {runtime_call nmethod}
  0x0000020851c4b6ac: 0000 e9fb 

  0x0000020851c4b6b0: ;   {static_stub}
  0x0000020851c4b6b0: ffff ff48 | bb00 0000 | 0000 0000 

  0x0000020851c4b6bc: ;   {runtime_call nmethod}
  0x0000020851c4b6bc: 00e9 fbff 

  0x0000020851c4b6c0: ;   {static_stub}
  0x0000020851c4b6c0: ffff 48bb | 0000 0000 | 0000 0000 

  0x0000020851c4b6cc: ;   {runtime_call nmethod}
  0x0000020851c4b6cc: e9fb ffff 

  0x0000020851c4b6d0: ;   {static_stub}
  0x0000020851c4b6d0: ff48 bb00 | 0000 0000 

  0x0000020851c4b6d8: ;   {runtime_call nmethod}
  0x0000020851c4b6d8: 0000 00e9 | fbff ffff 

  0x0000020851c4b6e0: ;   {static_stub}
  0x0000020851c4b6e0: 48bb 0000 | 0000 0000 

  0x0000020851c4b6e8: ;   {runtime_call nmethod}
  0x0000020851c4b6e8: 0000 e9fb 

  0x0000020851c4b6ec: ;   {static_stub}
  0x0000020851c4b6ec: ffff ff48 | bb00 0000 | 0000 0000 

  0x0000020851c4b6f8: ;   {runtime_call nmethod}
  0x0000020851c4b6f8: 00e9 fbff 

  0x0000020851c4b6fc: ;   {static_stub}
  0x0000020851c4b6fc: ffff 48bb | 0000 0000 | 0000 0000 

  0x0000020851c4b708: ;   {runtime_call nmethod}
  0x0000020851c4b708: e9fb ffff 

  0x0000020851c4b70c: ;   {static_stub}
  0x0000020851c4b70c: ff48 bb00 | 0000 0000 

  0x0000020851c4b714: ;   {runtime_call nmethod}
  0x0000020851c4b714: 0000 00e9 | fbff ffff 

  0x0000020851c4b71c: ;   {static_stub}
  0x0000020851c4b71c: 48bb 788a | 145e 0802 

  0x0000020851c4b724: ;   {runtime_call I2C/C2I adapters}
  0x0000020851c4b724: 0000 e958 

  0x0000020851c4b728: ;   {static_stub}
  0x0000020851c4b728: 8790 ff48 | bb00 0000 | 0000 0000 

  0x0000020851c4b734: ;   {runtime_call nmethod}
  0x0000020851c4b734: 00e9 fbff 

  0x0000020851c4b738: ;   {static_stub}
  0x0000020851c4b738: ffff 48bb | 0000 0000 | 0000 0000 

  0x0000020851c4b744: ;   {runtime_call nmethod}
  0x0000020851c4b744: e9fb ffff 

  0x0000020851c4b748: ;   {static_stub}
  0x0000020851c4b748: ff48 bb00 | 0000 0000 

  0x0000020851c4b750: ;   {runtime_call nmethod}
  0x0000020851c4b750: 0000 00e9 | fbff ffff 

  0x0000020851c4b758: ;   {static_stub}
  0x0000020851c4b758: 48bb 0000 | 0000 0000 

  0x0000020851c4b760: ;   {runtime_call nmethod}
  0x0000020851c4b760: 0000 e9fb 

  0x0000020851c4b764: ;   {static_stub}
  0x0000020851c4b764: ffff ff48 | bb00 0000 | 0000 0000 

  0x0000020851c4b770: ;   {runtime_call nmethod}
  0x0000020851c4b770: 00e9 fbff 

  0x0000020851c4b774: ;   {static_stub}
  0x0000020851c4b774: ffff 48bb | 0000 0000 | 0000 0000 

  0x0000020851c4b780: ;   {runtime_call nmethod}
  0x0000020851c4b780: e9fb ffff 

  0x0000020851c4b784: ;   {static_stub}
  0x0000020851c4b784: ff48 bb00 | ca12 0008 

  0x0000020851c4b78c: ;   {runtime_call I2C/C2I adapters}
  0x0000020851c4b78c: 0200 00e9 | ef86 90ff 

  0x0000020851c4b794: ;   {static_stub}
  0x0000020851c4b794: 48bb 0000 | 0000 0000 

  0x0000020851c4b79c: ;   {runtime_call nmethod}
  0x0000020851c4b79c: 0000 e9fb 

  0x0000020851c4b7a0: ;   {static_stub}
  0x0000020851c4b7a0: ffff ff48 | bb00 0000 | 0000 0000 

  0x0000020851c4b7ac: ;   {runtime_call nmethod}
  0x0000020851c4b7ac: 00e9 fbff 

  0x0000020851c4b7b0: ;   {static_stub}
  0x0000020851c4b7b0: ffff 48bb | 0000 0000 | 0000 0000 

  0x0000020851c4b7bc: ;   {runtime_call nmethod}
  0x0000020851c4b7bc: e9fb ffff 

  0x0000020851c4b7c0: ;   {static_stub}
  0x0000020851c4b7c0: ff48 bb00 | 0000 0000 

  0x0000020851c4b7c8: ;   {runtime_call nmethod}
  0x0000020851c4b7c8: 0000 00e9 | fbff ffff 

  0x0000020851c4b7d0: ;   {static_stub}
  0x0000020851c4b7d0: 48bb 0000 | 0000 0000 

  0x0000020851c4b7d8: ;   {runtime_call nmethod}
  0x0000020851c4b7d8: 0000 e9fb 

  0x0000020851c4b7dc: ;   {static_stub}
  0x0000020851c4b7dc: ffff ff48 | bb00 0000 | 0000 0000 

  0x0000020851c4b7e8: ;   {runtime_call nmethod}
  0x0000020851c4b7e8: 00e9 fbff 

  0x0000020851c4b7ec: ;   {static_stub}
  0x0000020851c4b7ec: ffff 48bb | 0000 0000 | 0000 0000 

  0x0000020851c4b7f8: ;   {runtime_call nmethod}
  0x0000020851c4b7f8: e9fb ffff 

  0x0000020851c4b7fc: ;   {static_stub}
  0x0000020851c4b7fc: ff48 bb00 | 0000 0000 

  0x0000020851c4b804: ;   {runtime_call nmethod}
  0x0000020851c4b804: 0000 00e9 | fbff ffff 

  0x0000020851c4b80c: ;   {static_stub}
  0x0000020851c4b80c: 48bb 0000 | 0000 0000 

  0x0000020851c4b814: ;   {runtime_call nmethod}
  0x0000020851c4b814: 0000 e9fb 

  0x0000020851c4b818: ;   {static_stub}
  0x0000020851c4b818: ffff ff48 | bb00 0000 | 0000 0000 

  0x0000020851c4b824: ;   {runtime_call nmethod}
  0x0000020851c4b824: 00e9 fbff 

  0x0000020851c4b828: ;   {static_stub}
  0x0000020851c4b828: ffff 48bb | 0000 0000 | 0000 0000 

  0x0000020851c4b834: ;   {runtime_call nmethod}
  0x0000020851c4b834: e9fb ffff 

  0x0000020851c4b838: ;   {runtime_call ExceptionBlob}
  0x0000020851c4b838: ffe9 c242 | 9eff e800 | 0000 0048 | 832c 2405 

  0x0000020851c4b848: ;   {runtime_call DeoptimizationBlob}
  0x0000020851c4b848: e9d3 c790 | fff4 f4f4 
[/MachCode]


---------------  P R O C E S S  ---------------

Threads class SMR info:
_java_thread_list=0x00000208632925f0, length=19, elements={
0x000002085d0b54f0, 0x000002085d0b8ac0, 0x000002085d0bcc30, 0x000002085d0bd770,
0x000002085d0c6e30, 0x000002085d0ca660, 0x000002085d0ccdc0, 0x000002085d0db740,
0x000002085d30bcd0, 0x000002085d314800, 0x000002085d567980, 0x000002085d5692b0,
0x000002085d56b920, 0x000002085d5deb30, 0x000002085d5dde10, 0x000002085d5db6b0,
0x000002085d5dc3d0, 0x000002085d5dca60, 0x00000208635e5870
}

Java Threads: ( => current thread )
  0x000002085d0b54f0 JavaThread "Reference Handler"          daemon [_thread_blocked, id=10272, stack(0x00000035a4500000,0x00000035a4600000) (1024K)]
  0x000002085d0b8ac0 JavaThread "Finalizer"                  daemon [_thread_blocked, id=22168, stack(0x00000035a4600000,0x00000035a4700000) (1024K)]
  0x000002085d0bcc30 JavaThread "Signal Dispatcher"          daemon [_thread_blocked, id=7968, stack(0x00000035a4700000,0x00000035a4800000) (1024K)]
  0x000002085d0bd770 JavaThread "Attach Listener"            daemon [_thread_blocked, id=4144, stack(0x00000035a4800000,0x00000035a4900000) (1024K)]
  0x000002085d0c6e30 JavaThread "Service Thread"             daemon [_thread_blocked, id=18540, stack(0x00000035a4900000,0x00000035a4a00000) (1024K)]
  0x000002085d0ca660 JavaThread "Monitor Deflation Thread"   daemon [_thread_blocked, id=3616, stack(0x00000035a4a00000,0x00000035a4b00000) (1024K)]
  0x000002085d0ccdc0 JavaThread "C2 CompilerThread0"         daemon [_thread_blocked, id=19208, stack(0x00000035a4b00000,0x00000035a4c00000) (1024K)]
  0x000002085d0db740 JavaThread "C1 CompilerThread0"         daemon [_thread_blocked, id=7624, stack(0x00000035a4c00000,0x00000035a4d00000) (1024K)]
  0x000002085d30bcd0 JavaThread "Notification Thread"        daemon [_thread_blocked, id=19868, stack(0x00000035a4d00000,0x00000035a4e00000) (1024K)]
  0x000002085d314800 JavaThread "Common-Cleaner"             daemon [_thread_blocked, id=23832, stack(0x00000035a4e00000,0x00000035a4f00000) (1024K)]
  0x000002085d567980 JavaThread "Java2D Disposer"            daemon [_thread_blocked, id=29352, stack(0x00000035a4f00000,0x00000035a5000000) (1024K)]
  0x000002085d5692b0 JavaThread "AWT-Shutdown"                      [_thread_blocked, id=27464, stack(0x00000035a5000000,0x00000035a5100000) (1024K)]
  0x000002085d56b920 JavaThread "AWT-Windows"                daemon [_thread_in_native, id=14620, stack(0x00000035a5100000,0x00000035a5200000) (1024K)]
=>0x000002085d5deb30 JavaThread "AWT-EventQueue-0"                  [_thread_in_native, id=19336, stack(0x00000035a5d00000,0x00000035a5e00000) (1024K)]
  0x000002085d5dde10 JavaThread "Swing-Shell"                daemon [_thread_blocked, id=21472, stack(0x00000035a5e00000,0x00000035a5f00000) (1024K)]
  0x000002085d5db6b0 JavaThread "TimerQueue"                 daemon [_thread_blocked, id=10624, stack(0x00000035a5400000,0x00000035a5500000) (1024K)]
  0x000002085d5dc3d0 JavaThread "SwingWorker-pool-2-thread-1" daemon [_thread_blocked, id=20612, stack(0x00000035a5500000,0x00000035a5600000) (1024K)]
  0x000002085d5dca60 JavaThread "DestroyJavaVM"                     [_thread_blocked, id=14656, stack(0x00000035a3d00000,0x00000035a3e00000) (1024K)]
  0x00000208635e5870 JavaThread "C2 CompilerThread1"         daemon [_thread_blocked, id=8236, stack(0x00000035a5300000,0x00000035a5400000) (1024K)]
Total: 19

Other Threads:
  0x00000208440d89c0 VMThread "VM Thread"                           [id=264, stack(0x00000035a4400000,0x00000035a4500000) (1024K)]
  0x00000208440c6ab0 WatcherThread "VM Periodic Task Thread"        [id=3576, stack(0x00000035a4300000,0x00000035a4400000) (1024K)]
  0x0000020844050340 WorkerThread "GC Thread#0"                     [id=27236, stack(0x00000035a3e00000,0x00000035a3f00000) (1024K)]
  0x0000020863224280 WorkerThread "GC Thread#1"                     [id=20888, stack(0x00000035a5600000,0x00000035a5700000) (1024K)]
  0x000002086323d010 WorkerThread "GC Thread#2"                     [id=27576, stack(0x00000035a5700000,0x00000035a5800000) (1024K)]
  0x000002086322b9b0 WorkerThread "GC Thread#3"                     [id=20576, stack(0x00000035a5800000,0x00000035a5900000) (1024K)]
  0x000002086326d250 WorkerThread "GC Thread#4"                     [id=28416, stack(0x00000035a5900000,0x00000035a5a00000) (1024K)]
  0x000002086326d5f0 WorkerThread "GC Thread#5"                     [id=20144, stack(0x00000035a5a00000,0x00000035a5b00000) (1024K)]
  0x0000020863203d30 WorkerThread "GC Thread#6"                     [id=4720, stack(0x00000035a5b00000,0x00000035a5c00000) (1024K)]
  0x00000208632040d0 WorkerThread "GC Thread#7"                     [id=7592, stack(0x00000035a5c00000,0x00000035a5d00000) (1024K)]
  0x0000020844059320 ConcurrentGCThread "G1 Main Marker"            [id=10804, stack(0x00000035a3f00000,0x00000035a4000000) (1024K)]
  0x000002084405aca0 WorkerThread "G1 Conc#0"                       [id=17924, stack(0x00000035a4000000,0x00000035a4100000) (1024K)]
  0x0000020863c304c0 WorkerThread "G1 Conc#1"                       [id=12572, stack(0x00000035a6b00000,0x00000035a6c00000) (1024K)]
  0x00000208440b66e0 ConcurrentGCThread "G1 Refine#0"               [id=29148, stack(0x00000035a4100000,0x00000035a4200000) (1024K)]
  0x00000208440b8100 ConcurrentGCThread "G1 Service"                [id=10144, stack(0x00000035a4200000,0x00000035a4300000) (1024K)]
Total: 15

Threads with active compile tasks:
Total: 0

VM state: not at safepoint (normal execution)

VM Mutex/Monitor currently owned by a thread: None

Heap address: 0x00000000c0000000, size: 1024 MB, Compressed Oops mode: 32-bit

CDS archive(s) mapped at: [0x0000020800000000-0x0000020800ba0000-0x0000020800ba0000), size 12189696, SharedBaseAddress: 0x0000020800000000, ArchiveRelocationMode: 1.
Compressed class space mapped at: 0x0000020801000000-0x0000020841000000, reserved size: 1073741824
Narrow klass base: 0x0000020800000000, Narrow klass shift: 0, Narrow klass range: 0x100000000

GC Precious Log:
 CardTable entry size: 512
 Card Set container configuration: InlinePtr #cards 5 size 8 Array Of Cards #cards 12 size 40 Howl #buckets 4 coarsen threshold 1843 Howl Bitmap #cards 512 size 80 coarsen threshold 460 Card regions per heap region 1 cards per card region 2048
 CPUs: 8 total, 8 available
 Memory: 15781M
 Large Page Support: Disabled
 NUMA Support: Disabled
 Compressed Oops: Enabled (32-bit)
 Heap Region Size: 1M
 Heap Min Capacity: 32M
 Heap Initial Capacity: 32M
 Heap Max Capacity: 1G
 Pre-touch: Disabled
 Parallel Workers: 8
 Concurrent Workers: 2
 Concurrent Refinement Workers: 8
 Periodic GC: Disabled

Heap:
 garbage-first heap   total 92160K, used 27400K [0x00000000c0000000, 0x0000000100000000)
  region size 1024K, 1 young (1024K), 0 survivors (0K)
 Metaspace       used 30858K, committed 31296K, reserved 1114112K
  class space    used 3699K, committed 3904K, reserved 1048576K

Heap Regions: E=young(eden), S=young(survivor), O=old, HS=humongous(starts), HC=humongous(continues), CS=collection set, F=free, TAMS=top-at-mark-start, PB=parsable bottom
|   0|0x00000000c0000000, 0x00000000c00fedd0, 0x00000000c0100000| 99%| O|  |TAMS 0x00000000c0000000| PB 0x00000000c0000000| Untracked 
|   1|0x00000000c0100000, 0x00000000c01fffe8, 0x00000000c0200000| 99%| O|  |TAMS 0x00000000c0100000| PB 0x00000000c0100000| Untracked 
|   2|0x00000000c0200000, 0x00000000c02fffe8, 0x00000000c0300000| 99%| O|  |TAMS 0x00000000c0200000| PB 0x00000000c0200000| Untracked 
|   3|0x00000000c0300000, 0x00000000c03ffff0, 0x00000000c0400000| 99%| O|  |TAMS 0x00000000c0300000| PB 0x00000000c0300000| Untracked 
|   4|0x00000000c0400000, 0x00000000c0500000, 0x00000000c0500000|100%| O|  |TAMS 0x00000000c0400000| PB 0x00000000c0400000| Untracked 
|   5|0x00000000c0500000, 0x00000000c05ffce8, 0x00000000c0600000| 99%| O|  |TAMS 0x00000000c0500000| PB 0x00000000c0500000| Untracked 
|   6|0x00000000c0600000, 0x00000000c06ab680, 0x00000000c0700000| 66%| O|  |TAMS 0x00000000c0600000| PB 0x00000000c0600000| Untracked 
|   7|0x00000000c0700000, 0x00000000c0800000, 0x00000000c0800000|100%| O|  |TAMS 0x00000000c0700000| PB 0x00000000c0700000| Untracked 
|   8|0x00000000c0800000, 0x00000000c0900000, 0x00000000c0900000|100%| O|  |TAMS 0x00000000c0800000| PB 0x00000000c0800000| Untracked 
|   9|0x00000000c0900000, 0x00000000c0a00000, 0x00000000c0a00000|100%|HS|  |TAMS 0x00000000c0900000| PB 0x00000000c0900000| Untracked 
|  10|0x00000000c0a00000, 0x00000000c0b00000, 0x00000000c0b00000|100%|HC|  |TAMS 0x00000000c0a00000| PB 0x00000000c0a00000| Untracked 
|  11|0x00000000c0b00000, 0x00000000c0c00000, 0x00000000c0c00000|100%|HC|  |TAMS 0x00000000c0b00000| PB 0x00000000c0b00000| Untracked 
|  12|0x00000000c0c00000, 0x00000000c0d00000, 0x00000000c0d00000|100%|HC|  |TAMS 0x00000000c0c00000| PB 0x00000000c0c00000| Untracked 
|  13|0x00000000c0d00000, 0x00000000c0e00000, 0x00000000c0e00000|100%|HC|  |TAMS 0x00000000c0d00000| PB 0x00000000c0d00000| Untracked 
|  14|0x00000000c0e00000, 0x00000000c0effff0, 0x00000000c0f00000| 99%| O|  |TAMS 0x00000000c0e00000| PB 0x00000000c0e00000| Untracked 
|  15|0x00000000c0f00000, 0x00000000c1000000, 0x00000000c1000000|100%|HS|  |TAMS 0x00000000c0f00000| PB 0x00000000c0f00000| Untracked 
|  16|0x00000000c1000000, 0x00000000c10ffdb8, 0x00000000c1100000| 99%| O|  |TAMS 0x00000000c1000000| PB 0x00000000c1000000| Untracked 
|  17|0x00000000c1100000, 0x00000000c1200000, 0x00000000c1200000|100%|HS|  |TAMS 0x00000000c1100000| PB 0x00000000c1100000| Untracked 
|  18|0x00000000c1200000, 0x00000000c1300000, 0x00000000c1300000|100%|HC|  |TAMS 0x00000000c1200000| PB 0x00000000c1200000| Untracked 
|  19|0x00000000c1300000, 0x00000000c1318298, 0x00000000c1400000|  9%| O|  |TAMS 0x00000000c1300000| PB 0x00000000c1300000| Untracked 
|  20|0x00000000c1400000, 0x00000000c1400000, 0x00000000c1500000|  0%| F|  |TAMS 0x00000000c1400000| PB 0x00000000c1400000| Untracked 
|  21|0x00000000c1500000, 0x00000000c1600000, 0x00000000c1600000|100%|HS|  |TAMS 0x00000000c1500000| PB 0x00000000c1500000| Untracked 
|  22|0x00000000c1600000, 0x00000000c1700000, 0x00000000c1700000|100%|HC|  |TAMS 0x00000000c1600000| PB 0x00000000c1600000| Untracked 
|  23|0x00000000c1700000, 0x00000000c1800000, 0x00000000c1800000|100%|HC|  |TAMS 0x00000000c1700000| PB 0x00000000c1700000| Untracked 
|  24|0x00000000c1800000, 0x00000000c1900000, 0x00000000c1900000|100%|HS|  |TAMS 0x00000000c1800000| PB 0x00000000c1800000| Untracked 
|  25|0x00000000c1900000, 0x00000000c1a00000, 0x00000000c1a00000|100%|HC|  |TAMS 0x00000000c1900000| PB 0x00000000c1900000| Untracked 
|  26|0x00000000c1a00000, 0x00000000c1b00000, 0x00000000c1b00000|100%|HC|  |TAMS 0x00000000c1a00000| PB 0x00000000c1a00000| Untracked 
|  27|0x00000000c1b00000, 0x00000000c1c00000, 0x00000000c1c00000|100%|HS|  |TAMS 0x00000000c1b00000| PB 0x00000000c1b00000| Untracked 
|  28|0x00000000c1c00000, 0x00000000c1d00000, 0x00000000c1d00000|100%|HC|  |TAMS 0x00000000c1c00000| PB 0x00000000c1c00000| Untracked 
|  29|0x00000000c1d00000, 0x00000000c1d00000, 0x00000000c1e00000|  0%| F|  |TAMS 0x00000000c1d00000| PB 0x00000000c1d00000| Untracked 
|  30|0x00000000c1e00000, 0x00000000c1e00000, 0x00000000c1f00000|  0%| F|  |TAMS 0x00000000c1e00000| PB 0x00000000c1e00000| Untracked 
|  31|0x00000000c1f00000, 0x00000000c1f00000, 0x00000000c2000000|  0%| F|  |TAMS 0x00000000c1f00000| PB 0x00000000c1f00000| Untracked 
|  32|0x00000000c2000000, 0x00000000c2000000, 0x00000000c2100000|  0%| F|  |TAMS 0x00000000c2000000| PB 0x00000000c2000000| Untracked 
|  33|0x00000000c2100000, 0x00000000c2100000, 0x00000000c2200000|  0%| F|  |TAMS 0x00000000c2100000| PB 0x00000000c2100000| Untracked 
|  34|0x00000000c2200000, 0x00000000c2200000, 0x00000000c2300000|  0%| F|  |TAMS 0x00000000c2200000| PB 0x00000000c2200000| Untracked 
|  35|0x00000000c2300000, 0x00000000c2300000, 0x00000000c2400000|  0%| F|  |TAMS 0x00000000c2300000| PB 0x00000000c2300000| Untracked 
|  36|0x00000000c2400000, 0x00000000c2400000, 0x00000000c2500000|  0%| F|  |TAMS 0x00000000c2400000| PB 0x00000000c2400000| Untracked 
|  37|0x00000000c2500000, 0x00000000c2500000, 0x00000000c2600000|  0%| F|  |TAMS 0x00000000c2500000| PB 0x00000000c2500000| Untracked 
|  38|0x00000000c2600000, 0x00000000c2600000, 0x00000000c2700000|  0%| F|  |TAMS 0x00000000c2600000| PB 0x00000000c2600000| Untracked 
|  39|0x00000000c2700000, 0x00000000c2700000, 0x00000000c2800000|  0%| F|  |TAMS 0x00000000c2700000| PB 0x00000000c2700000| Untracked 
|  40|0x00000000c2800000, 0x00000000c2800000, 0x00000000c2900000|  0%| F|  |TAMS 0x00000000c2800000| PB 0x00000000c2800000| Untracked 
|  41|0x00000000c2900000, 0x00000000c2900000, 0x00000000c2a00000|  0%| F|  |TAMS 0x00000000c2900000| PB 0x00000000c2900000| Untracked 
|  42|0x00000000c2a00000, 0x00000000c2a00000, 0x00000000c2b00000|  0%| F|  |TAMS 0x00000000c2a00000| PB 0x00000000c2a00000| Untracked 
|  43|0x00000000c2b00000, 0x00000000c2b00000, 0x00000000c2c00000|  0%| F|  |TAMS 0x00000000c2b00000| PB 0x00000000c2b00000| Untracked 
|  44|0x00000000c2c00000, 0x00000000c2c00000, 0x00000000c2d00000|  0%| F|  |TAMS 0x00000000c2c00000| PB 0x00000000c2c00000| Untracked 
|  45|0x00000000c2d00000, 0x00000000c2d00000, 0x00000000c2e00000|  0%| F|  |TAMS 0x00000000c2d00000| PB 0x00000000c2d00000| Untracked 
|  46|0x00000000c2e00000, 0x00000000c2e00000, 0x00000000c2f00000|  0%| F|  |TAMS 0x00000000c2e00000| PB 0x00000000c2e00000| Untracked 
|  47|0x00000000c2f00000, 0x00000000c2f00000, 0x00000000c3000000|  0%| F|  |TAMS 0x00000000c2f00000| PB 0x00000000c2f00000| Untracked 
|  48|0x00000000c3000000, 0x00000000c3000000, 0x00000000c3100000|  0%| F|  |TAMS 0x00000000c3000000| PB 0x00000000c3000000| Untracked 
|  49|0x00000000c3100000, 0x00000000c3100000, 0x00000000c3200000|  0%| F|  |TAMS 0x00000000c3100000| PB 0x00000000c3100000| Untracked 
|  50|0x00000000c3200000, 0x00000000c3200000, 0x00000000c3300000|  0%| F|  |TAMS 0x00000000c3200000| PB 0x00000000c3200000| Untracked 
|  51|0x00000000c3300000, 0x00000000c3300000, 0x00000000c3400000|  0%| F|  |TAMS 0x00000000c3300000| PB 0x00000000c3300000| Untracked 
|  52|0x00000000c3400000, 0x00000000c3400000, 0x00000000c3500000|  0%| F|  |TAMS 0x00000000c3400000| PB 0x00000000c3400000| Untracked 
|  53|0x00000000c3500000, 0x00000000c3500000, 0x00000000c3600000|  0%| F|  |TAMS 0x00000000c3500000| PB 0x00000000c3500000| Untracked 
|  54|0x00000000c3600000, 0x00000000c3600000, 0x00000000c3700000|  0%| F|  |TAMS 0x00000000c3600000| PB 0x00000000c3600000| Untracked 
|  55|0x00000000c3700000, 0x00000000c3700000, 0x00000000c3800000|  0%| F|  |TAMS 0x00000000c3700000| PB 0x00000000c3700000| Untracked 
|  56|0x00000000c3800000, 0x00000000c3800000, 0x00000000c3900000|  0%| F|  |TAMS 0x00000000c3800000| PB 0x00000000c3800000| Untracked 
|  57|0x00000000c3900000, 0x00000000c3900000, 0x00000000c3a00000|  0%| F|  |TAMS 0x00000000c3900000| PB 0x00000000c3900000| Untracked 
|  58|0x00000000c3a00000, 0x00000000c3a00000, 0x00000000c3b00000|  0%| F|  |TAMS 0x00000000c3a00000| PB 0x00000000c3a00000| Untracked 
|  59|0x00000000c3b00000, 0x00000000c3b00000, 0x00000000c3c00000|  0%| F|  |TAMS 0x00000000c3b00000| PB 0x00000000c3b00000| Untracked 
|  60|0x00000000c3c00000, 0x00000000c3c00000, 0x00000000c3d00000|  0%| F|  |TAMS 0x00000000c3c00000| PB 0x00000000c3c00000| Untracked 
|  61|0x00000000c3d00000, 0x00000000c3d00000, 0x00000000c3e00000|  0%| F|  |TAMS 0x00000000c3d00000| PB 0x00000000c3d00000| Untracked 
|  62|0x00000000c3e00000, 0x00000000c3e00000, 0x00000000c3f00000|  0%| F|  |TAMS 0x00000000c3e00000| PB 0x00000000c3e00000| Untracked 
|  63|0x00000000c3f00000, 0x00000000c3f00000, 0x00000000c4000000|  0%| F|  |TAMS 0x00000000c3f00000| PB 0x00000000c3f00000| Untracked 
|  64|0x00000000c4000000, 0x00000000c4000000, 0x00000000c4100000|  0%| F|  |TAMS 0x00000000c4000000| PB 0x00000000c4000000| Untracked 
|  65|0x00000000c4100000, 0x00000000c4100000, 0x00000000c4200000|  0%| F|  |TAMS 0x00000000c4100000| PB 0x00000000c4100000| Untracked 
|  66|0x00000000c4200000, 0x00000000c4200000, 0x00000000c4300000|  0%| F|  |TAMS 0x00000000c4200000| PB 0x00000000c4200000| Untracked 
|  67|0x00000000c4300000, 0x00000000c4300000, 0x00000000c4400000|  0%| F|  |TAMS 0x00000000c4300000| PB 0x00000000c4300000| Untracked 
|  68|0x00000000c4400000, 0x00000000c4400000, 0x00000000c4500000|  0%| F|  |TAMS 0x00000000c4400000| PB 0x00000000c4400000| Untracked 
|  69|0x00000000c4500000, 0x00000000c4500000, 0x00000000c4600000|  0%| F|  |TAMS 0x00000000c4500000| PB 0x00000000c4500000| Untracked 
|  70|0x00000000c4600000, 0x00000000c4600000, 0x00000000c4700000|  0%| F|  |TAMS 0x00000000c4600000| PB 0x00000000c4600000| Untracked 
|  71|0x00000000c4700000, 0x00000000c4700000, 0x00000000c4800000|  0%| F|  |TAMS 0x00000000c4700000| PB 0x00000000c4700000| Untracked 
|  72|0x00000000c4800000, 0x00000000c4800000, 0x00000000c4900000|  0%| F|  |TAMS 0x00000000c4800000| PB 0x00000000c4800000| Untracked 
|  73|0x00000000c4900000, 0x00000000c4900000, 0x00000000c4a00000|  0%| F|  |TAMS 0x00000000c4900000| PB 0x00000000c4900000| Untracked 
|  74|0x00000000c4a00000, 0x00000000c4a00000, 0x00000000c4b00000|  0%| F|  |TAMS 0x00000000c4a00000| PB 0x00000000c4a00000| Untracked 
|  75|0x00000000c4b00000, 0x00000000c4b00000, 0x00000000c4c00000|  0%| F|  |TAMS 0x00000000c4b00000| PB 0x00000000c4b00000| Untracked 
|  76|0x00000000c4c00000, 0x00000000c4c00000, 0x00000000c4d00000|  0%| F|  |TAMS 0x00000000c4c00000| PB 0x00000000c4c00000| Untracked 
|  77|0x00000000c4d00000, 0x00000000c4d00000, 0x00000000c4e00000|  0%| F|  |TAMS 0x00000000c4d00000| PB 0x00000000c4d00000| Untracked 
|  78|0x00000000c4e00000, 0x00000000c4e00000, 0x00000000c4f00000|  0%| F|  |TAMS 0x00000000c4e00000| PB 0x00000000c4e00000| Untracked 
|  79|0x00000000c4f00000, 0x00000000c4f00000, 0x00000000c5000000|  0%| F|  |TAMS 0x00000000c4f00000| PB 0x00000000c4f00000| Untracked 
|  80|0x00000000c5000000, 0x00000000c5000000, 0x00000000c5100000|  0%| F|  |TAMS 0x00000000c5000000| PB 0x00000000c5000000| Untracked 
|  81|0x00000000c5100000, 0x00000000c5100000, 0x00000000c5200000|  0%| F|  |TAMS 0x00000000c5100000| PB 0x00000000c5100000| Untracked 
|  82|0x00000000c5200000, 0x00000000c5200000, 0x00000000c5300000|  0%| F|  |TAMS 0x00000000c5200000| PB 0x00000000c5200000| Untracked 
|  83|0x00000000c5300000, 0x00000000c5300000, 0x00000000c5400000|  0%| F|  |TAMS 0x00000000c5300000| PB 0x00000000c5300000| Untracked 
|  84|0x00000000c5400000, 0x00000000c5400000, 0x00000000c5500000|  0%| F|  |TAMS 0x00000000c5400000| PB 0x00000000c5400000| Untracked 
|  85|0x00000000c5500000, 0x00000000c5500000, 0x00000000c5600000|  0%| F|  |TAMS 0x00000000c5500000| PB 0x00000000c5500000| Untracked 
|  86|0x00000000c5600000, 0x00000000c5600000, 0x00000000c5700000|  0%| F|  |TAMS 0x00000000c5600000| PB 0x00000000c5600000| Untracked 
|  87|0x00000000c5700000, 0x00000000c5700000, 0x00000000c5800000|  0%| F|  |TAMS 0x00000000c5700000| PB 0x00000000c5700000| Untracked 
|  88|0x00000000c5800000, 0x00000000c5800000, 0x00000000c5900000|  0%| F|  |TAMS 0x00000000c5800000| PB 0x00000000c5800000| Untracked 
|  89|0x00000000c5900000, 0x00000000c5977640, 0x00000000c5a00000| 46%| E|  |TAMS 0x00000000c5900000| PB 0x00000000c5900000| Complete 

Card table byte_map: [0x0000020859500000,0x0000020859700000] _byte_map_base: 0x0000020858f00000

Marking Bits: (CMBitMap*) 0x0000020844050a40
 Bits: [0x0000020859700000, 0x000002085a700000)

Polling page: 0x0000020841f00000

Metaspace:

Usage:
  Non-class:     26.52 MB used.
      Class:      3.61 MB used.
       Both:     30.14 MB used.

Virtual space:
  Non-class space:       64.00 MB reserved,      26.75 MB ( 42%) committed,  1 nodes.
      Class space:        1.00 GB reserved,       3.81 MB ( <1%) committed,  1 nodes.
             Both:        1.06 GB reserved,      30.56 MB (  3%) committed. 

Chunk freelists:
   Non-Class:  4.92 MB
       Class:  12.22 MB
        Both:  17.14 MB

MaxMetaspaceSize: unlimited
CompressedClassSpaceSize: 1.00 GB
Initial GC threshold: 21.00 MB
Current GC threshold: 50.88 MB
CDS: on
 - commit_granule_bytes: 65536.
 - commit_granule_words: 8192.
 - virtual_space_node_default_size: 8388608.
 - enlarge_chunks_in_place: 1.
 - use_allocation_guard: 0.


Internal statistics:

num_allocs_failed_limit: 3.
num_arena_births: 296.
num_arena_deaths: 118.
num_vsnodes_births: 2.
num_vsnodes_deaths: 0.
num_space_committed: 489.
num_space_uncommitted: 0.
num_chunks_returned_to_freelist: 135.
num_chunks_taken_from_freelist: 708.
num_chunk_merges: 34.
num_chunk_splits: 457.
num_chunks_enlarged: 304.
num_inconsistent_stats: 0.

CodeHeap 'non-profiled nmethods': size=120000Kb used=627Kb max_used=1631Kb free=119372Kb
 bounds [0x0000020851aa0000, 0x0000020851d10000, 0x0000020858fd0000]
CodeHeap 'profiled nmethods': size=120000Kb used=352Kb max_used=7692Kb free=119647Kb
 bounds [0x0000020849fd0000, 0x000002084a760000, 0x0000020851500000]
CodeHeap 'non-nmethods': size=5760Kb used=2093Kb max_used=2146Kb free=3666Kb
 bounds [0x0000020851500000, 0x0000020851770000, 0x0000020851aa0000]
 total_blobs=1401 nmethods=548 adapters=754
 compilation: enabled
              stopped_count=0, restarted_count=0
 full_count=0

Compilation events (20 events):
Event: 55247.130 Thread 0x000002085d0db740 nmethod 6986 0x000002084a0a1410 code [0x000002084a0a15c0, 0x000002084a0a1710]
Event: 55247.130 Thread 0x000002085d0db740 6987       2       java.util.concurrent.ConcurrentHashMap::tabAt (22 bytes)
Event: 55247.130 Thread 0x000002085d0db740 nmethod 6987 0x0000020849fdbc10 code [0x0000020849fdbda0, 0x0000020849fdbef8]
Event: 55247.130 Thread 0x000002085d0db740 6991       2       jdk.internal.util.Preconditions::checkIndex (18 bytes)
Event: 55247.130 Thread 0x000002085d0db740 nmethod 6991 0x0000020849fdb810 code [0x0000020849fdb9c0, 0x0000020849fdbaf0]
Event: 55247.132 Thread 0x000002085d0ccdc0 nmethod 6984 0x0000020851b13610 code [0x0000020851b137c0, 0x0000020851b13a00]
Event: 55247.133 Thread 0x000002085d0ccdc0 6993       4       java.lang.String::isLatin1 (19 bytes)
Event: 55247.133 Thread 0x000002085d0ccdc0 nmethod 6993 0x0000020851abb010 code [0x0000020851abb1a0, 0x0000020851abb230]
Event: 55247.133 Thread 0x000002085d0ccdc0 6994       4       java.lang.String::checkIndex (10 bytes)
Event: 55247.134 Thread 0x000002085d0ccdc0 nmethod 6994 0x0000020851abbc10 code [0x0000020851abbda0, 0x0000020851abbe40]
Event: 55247.134 Thread 0x000002085d0ccdc0 6989       4       java.lang.String::charAt (25 bytes)
Event: 55247.135 Thread 0x000002085d0ccdc0 nmethod 6989 0x0000020851be0490 code [0x0000020851be0620, 0x0000020851be0748]
Event: 55247.135 Thread 0x000002085d0ccdc0 6985       4       java.util.concurrent.ConcurrentHashMap::setTabAt (20 bytes)
Event: 55247.136 Thread 0x00000208635e5870 6992       4       jdk.internal.org.objectweb.asm.SymbolTable::get (13 bytes)
Event: 55247.137 Thread 0x000002085d0ccdc0 nmethod 6985 0x0000020851ada610 code [0x0000020851ada7a0, 0x0000020851ada8d8]
Event: 55247.137 Thread 0x000002085d0ccdc0 6988       4       jdk.internal.misc.Unsafe::getReferenceAcquire (7 bytes)
Event: 55247.138 Thread 0x00000208635e5870 nmethod 6992 0x0000020851b3d910 code [0x0000020851b3daa0, 0x0000020851b3dba0]
Event: 55247.138 Thread 0x000002085d0ccdc0 nmethod 6988 0x0000020851abc510 code [0x0000020851abc6a0, 0x0000020851abc760]
Event: 55247.138 Thread 0x00000208635e5870 6990       4       java.lang.StringLatin1::charAt (15 bytes)
Event: 55247.139 Thread 0x00000208635e5870 nmethod 6990 0x0000020851b12e10 code [0x0000020851b12fa0, 0x0000020851b13068]

GC Heap History (20 events):
Event: 27396.113 GC heap before
{Heap before GC invocations=3487 (full 3480):
 garbage-first heap   total 92160K, used 27400K [0x00000000c0000000, 0x0000000100000000)
  region size 1024K, 1 young (1024K), 0 survivors (0K)
 Metaspace       used 30855K, committed 31296K, reserved 1114112K
  class space    used 3698K, committed 3904K, reserved 1048576K
}
Event: 27396.137 GC heap after
{Heap after GC invocations=3488 (full 3481):
 garbage-first heap   total 92160K, used 27400K [0x00000000c0000000, 0x0000000100000000)
  region size 1024K, 0 young (0K), 0 survivors (0K)
 Metaspace       used 30855K, committed 31296K, reserved 1114112K
  class space    used 3698K, committed 3904K, reserved 1048576K
}
Event: 27411.059 GC heap before
{Heap before GC invocations=3488 (full 3481):
 garbage-first heap   total 92160K, used 27400K [0x00000000c0000000, 0x0000000100000000)
  region size 1024K, 1 young (1024K), 0 survivors (0K)
 Metaspace       used 30855K, committed 31296K, reserved 1114112K
  class space    used 3698K, committed 3904K, reserved 1048576K
}
Event: 27411.087 GC heap after
{Heap after GC invocations=3489 (full 3482):
 garbage-first heap   total 92160K, used 27400K [0x00000000c0000000, 0x0000000100000000)
  region size 1024K, 0 young (0K), 0 survivors (0K)
 Metaspace       used 30855K, committed 31296K, reserved 1114112K
  class space    used 3698K, committed 3904K, reserved 1048576K
}
Event: 27411.087 GC heap before
{Heap before GC invocations=3489 (full 3482):
 garbage-first heap   total 92160K, used 27400K [0x00000000c0000000, 0x0000000100000000)
  region size 1024K, 0 young (0K), 0 survivors (0K)
 Metaspace       used 30855K, committed 31296K, reserved 1114112K
  class space    used 3698K, committed 3904K, reserved 1048576K
}
Event: 27411.115 GC heap after
{Heap after GC invocations=3490 (full 3483):
 garbage-first heap   total 92160K, used 27400K [0x00000000c0000000, 0x0000000100000000)
  region size 1024K, 0 young (0K), 0 survivors (0K)
 Metaspace       used 30855K, committed 31296K, reserved 1114112K
  class space    used 3698K, committed 3904K, reserved 1048576K
}
Event: 27411.115 GC heap before
{Heap before GC invocations=3490 (full 3483):
 garbage-first heap   total 92160K, used 27400K [0x00000000c0000000, 0x0000000100000000)
  region size 1024K, 1 young (1024K), 0 survivors (0K)
 Metaspace       used 30855K, committed 31296K, reserved 1114112K
  class space    used 3698K, committed 3904K, reserved 1048576K
}
Event: 27411.138 GC heap after
{Heap after GC invocations=3491 (full 3484):
 garbage-first heap   total 92160K, used 27400K [0x00000000c0000000, 0x0000000100000000)
  region size 1024K, 0 young (0K), 0 survivors (0K)
 Metaspace       used 30855K, committed 31296K, reserved 1114112K
  class space    used 3698K, committed 3904K, reserved 1048576K
}
Event: 27426.073 GC heap before
{Heap before GC invocations=3491 (full 3484):
 garbage-first heap   total 92160K, used 27400K [0x00000000c0000000, 0x0000000100000000)
  region size 1024K, 1 young (1024K), 0 survivors (0K)
 Metaspace       used 30855K, committed 31296K, reserved 1114112K
  class space    used 3698K, committed 3904K, reserved 1048576K
}
Event: 27426.094 GC heap after
{Heap after GC invocations=3492 (full 3485):
 garbage-first heap   total 92160K, used 27400K [0x00000000c0000000, 0x0000000100000000)
  region size 1024K, 0 young (0K), 0 survivors (0K)
 Metaspace       used 30855K, committed 31296K, reserved 1114112K
  class space    used 3698K, committed 3904K, reserved 1048576K
}
Event: 27426.094 GC heap before
{Heap before GC invocations=3492 (full 3485):
 garbage-first heap   total 92160K, used 27400K [0x00000000c0000000, 0x0000000100000000)
  region size 1024K, 0 young (0K), 0 survivors (0K)
 Metaspace       used 30855K, committed 31296K, reserved 1114112K
  class space    used 3698K, committed 3904K, reserved 1048576K
}
Event: 27426.123 GC heap after
{Heap after GC invocations=3493 (full 3486):
 garbage-first heap   total 92160K, used 27400K [0x00000000c0000000, 0x0000000100000000)
  region size 1024K, 0 young (0K), 0 survivors (0K)
 Metaspace       used 30855K, committed 31296K, reserved 1114112K
  class space    used 3698K, committed 3904K, reserved 1048576K
}
Event: 27426.124 GC heap before
{Heap before GC invocations=3493 (full 3486):
 garbage-first heap   total 92160K, used 27400K [0x00000000c0000000, 0x0000000100000000)
  region size 1024K, 1 young (1024K), 0 survivors (0K)
 Metaspace       used 30855K, committed 31296K, reserved 1114112K
  class space    used 3698K, committed 3904K, reserved 1048576K
}
Event: 27426.149 GC heap after
{Heap after GC invocations=3494 (full 3487):
 garbage-first heap   total 92160K, used 27400K [0x00000000c0000000, 0x0000000100000000)
  region size 1024K, 0 young (0K), 0 survivors (0K)
 Metaspace       used 30855K, committed 31296K, reserved 1114112K
  class space    used 3698K, committed 3904K, reserved 1048576K
}
Event: 45424.494 GC heap before
{Heap before GC invocations=3494 (full 3487):
 garbage-first heap   total 92160K, used 27400K [0x00000000c0000000, 0x0000000100000000)
  region size 1024K, 1 young (1024K), 0 survivors (0K)
 Metaspace       used 30855K, committed 31296K, reserved 1114112K
  class space    used 3698K, committed 3904K, reserved 1048576K
}
Event: 45424.512 GC heap after
{Heap after GC invocations=3495 (full 3488):
 garbage-first heap   total 92160K, used 27400K [0x00000000c0000000, 0x0000000100000000)
  region size 1024K, 0 young (0K), 0 survivors (0K)
 Metaspace       used 30855K, committed 31296K, reserved 1114112K
  class space    used 3698K, committed 3904K, reserved 1048576K
}
Event: 45424.513 GC heap before
{Heap before GC invocations=3495 (full 3488):
 garbage-first heap   total 92160K, used 27400K [0x00000000c0000000, 0x0000000100000000)
  region size 1024K, 0 young (0K), 0 survivors (0K)
 Metaspace       used 30855K, committed 31296K, reserved 1114112K
  class space    used 3698K, committed 3904K, reserved 1048576K
}
Event: 45424.533 GC heap after
{Heap after GC invocations=3496 (full 3489):
 garbage-first heap   total 92160K, used 27400K [0x00000000c0000000, 0x0000000100000000)
  region size 1024K, 0 young (0K), 0 survivors (0K)
 Metaspace       used 30855K, committed 31296K, reserved 1114112K
  class space    used 3698K, committed 3904K, reserved 1048576K
}
Event: 45424.533 GC heap before
{Heap before GC invocations=3496 (full 3489):
 garbage-first heap   total 92160K, used 27400K [0x00000000c0000000, 0x0000000100000000)
  region size 1024K, 1 young (1024K), 0 survivors (0K)
 Metaspace       used 30855K, committed 31296K, reserved 1114112K
  class space    used 3698K, committed 3904K, reserved 1048576K
}
Event: 45424.550 GC heap after
{Heap after GC invocations=3497 (full 3490):
 garbage-first heap   total 92160K, used 27400K [0x00000000c0000000, 0x0000000100000000)
  region size 1024K, 0 young (0K), 0 survivors (0K)
 Metaspace       used 30855K, committed 31296K, reserved 1114112K
  class space    used 3698K, committed 3904K, reserved 1048576K
}

Dll operation events (15 events):
Event: 0.006 Loaded shared library C:\Program Files\Tracker\OpenJDK-21.0.5.jre\bin\java.dll
Event: 0.040 Loaded shared library C:\Program Files\Tracker\OpenJDK-21.0.5.jre\bin\jsvml.dll
Event: 0.054 Loaded shared library C:\Program Files\Tracker\OpenJDK-21.0.5.jre\bin\net.dll
Event: 0.055 Loaded shared library C:\Program Files\Tracker\OpenJDK-21.0.5.jre\bin\nio.dll
Event: 0.064 Loaded shared library C:\Program Files\Tracker\OpenJDK-21.0.5.jre\bin\zip.dll
Event: 0.107 Loaded shared library C:\Program Files\Tracker\OpenJDK-21.0.5.jre\bin\jimage.dll
Event: 0.152 Loaded shared library C:\Program Files\Tracker\OpenJDK-21.0.5.jre\bin\awt.dll
Event: 0.392 Loaded shared library C:\Program Files\Tracker\OpenJDK-21.0.5.jre\bin\sunmscapi.dll
Event: 0.620 Loaded shared library C:\Program Files\Tracker\OpenJDK-21.0.5.jre\bin\freetype.dll
Event: 0.621 Loaded shared library C:\Program Files\Tracker\OpenJDK-21.0.5.jre\bin\fontmanager.dll
Event: 0.670 Loaded shared library C:\Program Files\Tracker\OpenJDK-21.0.5.jre\bin\extnet.dll
Event: 0.947 Loaded shared library C:\Program Files\Tracker\OpenJDK-21.0.5.jre\bin\verify.dll
Event: 1.191 Loaded shared library C:\Users\Diego\AppData\Local\Temp\xuggle\xuggle456892457061460625.dll
Event: 1.233 Loaded shared library C:\Program Files\Tracker\OpenJDK-21.0.5.jre\bin\management.dll
Event: 1.234 Loaded shared library C:\Program Files\Tracker\OpenJDK-21.0.5.jre\bin\management_ext.dll

Deoptimization events (20 events):
Event: 56.652 Thread 0x000002085d5deb30 DEOPT PACKING pc=0x0000020851b9dd48 sp=0x00000035a5dfe280
Event: 56.652 Thread 0x000002085d5deb30 DEOPT UNPACKING pc=0x0000020851557da2 sp=0x00000035a5dfe1a8 mode 2
Event: 60.697 Thread 0x000002085d5deb30 DEOPT PACKING pc=0x000002084a6ec710 sp=0x00000035a5dfecf0
Event: 60.697 Thread 0x000002085d5deb30 DEOPT UNPACKING pc=0x00000208515588e2 sp=0x00000035a5dfe188 mode 0
Event: 64.090 Thread 0x000002085d5deb30 Uncommon trap: trap_request=0xffffff45 fr.pc=0x0000020851c3bcd8 relative=0x00000000000037b8
Event: 64.090 Thread 0x000002085d5deb30 Uncommon trap: reason=unstable_if action=reinterpret pc=0x0000020851c3bcd8 method=java.awt.EventQueue.cacheEQItem(Lsun/awt/EventQueueItem;)V @ 23 c2
Event: 64.090 Thread 0x000002085d5deb30 DEOPT PACKING pc=0x0000020851c3bcd8 sp=0x00000035a5dff140
Event: 64.090 Thread 0x000002085d5deb30 DEOPT UNPACKING pc=0x0000020851557da2 sp=0x00000035a5dfef80 mode 2
Event: 340.885 Thread 0x000002085d5deb30 Uncommon trap: trap_request=0xffffff6e fr.pc=0x0000020851ba74b0 relative=0x0000000000000470
Event: 340.885 Thread 0x000002085d5deb30 Uncommon trap: reason=loop_limit_check action=maybe_recompile pc=0x0000020851ba74b0 method=java.awt.GradientPaintContext.cycleFillRaster([IIIIIDDD)V @ 55 c2
Event: 340.885 Thread 0x000002085d5deb30 DEOPT PACKING pc=0x0000020851ba74b0 sp=0x00000035a5dfd320
Event: 340.885 Thread 0x000002085d5deb30 DEOPT UNPACKING pc=0x0000020851557da2 sp=0x00000035a5dfd2f0 mode 2
Event: 340.945 Thread 0x000002085d5deb30 DEOPT PACKING pc=0x000002084a5bd390 sp=0x00000035a5dfecf0
Event: 340.945 Thread 0x000002085d5deb30 DEOPT UNPACKING pc=0x00000208515588e2 sp=0x00000035a5dfe188 mode 0
Event: 462.583 Thread 0x000002085d5deb30 DEOPT PACKING pc=0x000002084a10d1c1 sp=0x00000035a5dfd2c0
Event: 462.583 Thread 0x000002085d5deb30 DEOPT UNPACKING pc=0x00000208515588e2 sp=0x00000035a5dfc798 mode 0
Event: 575.045 Thread 0x000002085d5deb30 Uncommon trap: trap_request=0xffffff6e fr.pc=0x0000020851bfefc4 relative=0x0000000000000304
Event: 575.045 Thread 0x000002085d5deb30 Uncommon trap: reason=loop_limit_check action=maybe_recompile pc=0x0000020851bfefc4 method=java.awt.EventDispatchThread.filterAndCheckEvent(Ljava/awt/AWTEvent;)Z @ 22 c2
Event: 575.045 Thread 0x000002085d5deb30 DEOPT PACKING pc=0x0000020851bfefc4 sp=0x00000035a5dff1a0
Event: 575.045 Thread 0x000002085d5deb30 DEOPT UNPACKING pc=0x0000020851557da2 sp=0x00000035a5dff130 mode 2

Classes loaded (20 events):
Event: 59.094 Loading class javax/swing/text/ParagraphView$Row
Event: 59.094 Loading class javax/swing/text/ParagraphView$Row done
Event: 59.094 Loading class javax/swing/text/WhitespaceBasedBreakIterator
Event: 59.094 Loading class java/text/BreakIterator
Event: 59.095 Loading class java/text/BreakIterator done
Event: 59.095 Loading class javax/swing/text/WhitespaceBasedBreakIterator done
Event: 59.097 Loading class javax/swing/text/ComponentView
Event: 59.098 Loading class javax/swing/text/ComponentView done
Event: 60.690 Loading class javax/swing/PopupFactory$LightWeightPopup
Event: 60.690 Loading class javax/swing/PopupFactory$LightWeightPopup done
Event: 61.557 Loading class java/util/WeakHashMap$KeyIterator
Event: 61.563 Loading class java/util/WeakHashMap$HashIterator
Event: 61.564 Loading class java/util/WeakHashMap$HashIterator done
Event: 61.564 Loading class java/util/WeakHashMap$KeyIterator done
Event: 62.536 Loading class java/security/DomainCombiner
Event: 62.536 Loading class java/security/DomainCombiner done
Event: 64.077 Loading class java/awt/KeyboardFocusManager$2
Event: 64.077 Loading class java/awt/KeyboardFocusManager$2 done
Event: 64.079 Loading class sun/awt/SunToolkit$1
Event: 64.079 Loading class sun/awt/SunToolkit$1 done

Classes unloaded (20 events):
Event: 1007.163 Thread 0x00000208440d89c0 Unloading class 0x000002080100ac00 'java/lang/invoke/LambdaForm$MH+0x000002080100ac00'
Event: 1007.163 Thread 0x00000208440d89c0 Unloading class 0x000002080100a400 'java/lang/invoke/LambdaForm$MH+0x000002080100a400'
Event: 1007.163 Thread 0x00000208440d89c0 Unloading class 0x0000020801009400 'java/lang/invoke/LambdaForm$MH+0x0000020801009400'
Event: 1052.230 Thread 0x00000208440d89c0 Unloading class 0x0000020801396400 'java/lang/invoke/LambdaForm$MH+0x0000020801396400'
Event: 1052.230 Thread 0x00000208440d89c0 Unloading class 0x0000020801395c00 'java/lang/invoke/LambdaForm$MH+0x0000020801395c00'
Event: 1052.230 Thread 0x00000208440d89c0 Unloading class 0x0000020801395800 'java/lang/invoke/LambdaForm$MH+0x0000020801395800'
Event: 1052.230 Thread 0x00000208440d89c0 Unloading class 0x0000020801395400 'java/lang/invoke/LambdaForm$MH+0x0000020801395400'
Event: 1052.230 Thread 0x00000208440d89c0 Unloading class 0x0000020801395000 'java/lang/invoke/LambdaForm$MH+0x0000020801395000'
Event: 1052.230 Thread 0x00000208440d89c0 Unloading class 0x0000020801394800 'java/lang/invoke/LambdaForm$MH+0x0000020801394800'
Event: 1052.230 Thread 0x00000208440d89c0 Unloading class 0x0000020801394400 'java/lang/invoke/LambdaForm$MH+0x0000020801394400'
Event: 1052.230 Thread 0x00000208440d89c0 Unloading class 0x0000020801394000 'java/lang/invoke/LambdaForm$MH+0x0000020801394000'
Event: 1052.230 Thread 0x00000208440d89c0 Unloading class 0x0000020801011400 'java/lang/invoke/LambdaForm$MH+0x0000020801011400'
Event: 1052.230 Thread 0x00000208440d89c0 Unloading class 0x0000020801011000 'java/lang/invoke/LambdaForm$MH+0x0000020801011000'
Event: 1052.230 Thread 0x00000208440d89c0 Unloading class 0x0000020801010800 'java/lang/invoke/LambdaForm$MH+0x0000020801010800'
Event: 1052.230 Thread 0x00000208440d89c0 Unloading class 0x0000020801010000 'java/lang/invoke/LambdaForm$MH+0x0000020801010000'
Event: 1052.230 Thread 0x00000208440d89c0 Unloading class 0x000002080100fc00 'java/lang/invoke/LambdaForm$MH+0x000002080100fc00'
Event: 1052.230 Thread 0x00000208440d89c0 Unloading class 0x000002080100f800 'java/lang/invoke/LambdaForm$MH+0x000002080100f800'
Event: 1052.230 Thread 0x00000208440d89c0 Unloading class 0x000002080100d000 'java/lang/invoke/LambdaForm$MH+0x000002080100d000'
Event: 1052.230 Thread 0x00000208440d89c0 Unloading class 0x000002080100c400 'java/lang/invoke/LambdaForm$MH+0x000002080100c400'
Event: 1052.230 Thread 0x00000208440d89c0 Unloading class 0x0000020801009000 'java/lang/invoke/LambdaForm$MH+0x0000020801009000'

Classes redefined (0 events):
No events

Internal exceptions (20 events):
Event: 1.391 Thread 0x0000020844019610 Exception <a 'java/lang/NoSuchMethodError'{0x00000000c13d2c00}: 'void java.lang.invoke.DirectMethodHandle$Holder.invokeStatic(java.lang.Object, java.lang.Object, java.lang.Object, java.lang.Object)'> (0x00000000c13d2c00) 
thrown [s\src\hotspot\share\interpreter\linkResolver.cpp, line 773]
Event: 1.562 Thread 0x000002085d5dc3d0 Exception <a 'java/lang/NoSuchMethodError'{0x00000000c1b28798}: 'void java.lang.invoke.DirectMethodHandle$Holder.invokeSpecial(java.lang.Object, java.lang.Object, int)'> (0x00000000c1b28798) 
thrown [s\src\hotspot\share\interpreter\linkResolver.cpp, line 773]
Event: 1.563 Thread 0x000002085d5dc3d0 Exception <a 'java/lang/NoSuchMethodError'{0x00000000c1b2e340}: 'java.lang.Object java.lang.invoke.DirectMethodHandle$Holder.newInvokeSpecial(java.lang.Object, java.lang.Object, int)'> (0x00000000c1b2e340) 
thrown [s\src\hotspot\share\interpreter\linkResolver.cpp, line 773]
Event: 1.577 Thread 0x000002085d5dc3d0 Implicit null exception at 0x0000020851ae0a44 to 0x0000020851ae125c
Event: 2.147 Thread 0x000002085d5deb30 Exception <a 'java/lang/NoSuchMethodError'{0x00000000c1d0f458}: 'java.lang.Object java.lang.invoke.DirectMethodHandle$Holder.newInvokeSpecial(java.lang.Object, java.lang.Object, int, int, int, int)'> (0x00000000c1d0f458) 
thrown [s\src\hotspot\share\interpreter\linkResolver.cpp, line 773]
Event: 2.147 Thread 0x000002085d5deb30 Exception <a 'java/lang/NoSuchMethodError'{0x00000000c1d13970}: 'int java.lang.invoke.DirectMethodHandle$Holder.invokeSpecial(java.lang.Object, java.lang.Object, java.lang.Object, int)'> (0x00000000c1d13970) 
thrown [s\src\hotspot\share\interpreter\linkResolver.cpp, line 773]
Event: 2.148 Thread 0x000002085d5deb30 Exception <a 'java/lang/NoSuchMethodError'{0x00000000c1d26898}: 'java.lang.Object java.lang.invoke.DirectMethodHandle$Holder.invokeStatic(java.lang.Object, java.lang.Object, java.lang.Object, java.lang.Object, int)'> (0x00000000c1d26898) 
thrown [s\src\hotspot\share\interpreter\linkResolver.cpp, line 773]
Event: 2.149 Thread 0x000002085d5deb30 Exception <a 'java/lang/NoSuchMethodError'{0x00000000c1d320b0}: 'java.lang.Object java.lang.invoke.DelegatingMethodHandle$Holder.reinvoke_L(java.lang.Object, java.lang.Object, int, int, int, int)'> (0x00000000c1d320b0) 
thrown [s\src\hotspot\share\interpreter\linkResolver.cpp, line 773]
Event: 2.151 Thread 0x000002085d5deb30 Exception <a 'java/lang/NoSuchMethodError'{0x00000000c1d4a0c8}: 'void java.lang.invoke.DirectMethodHandle$Holder.invokeSpecial(java.lang.Object, java.lang.Object, int, int)'> (0x00000000c1d4a0c8) 
thrown [s\src\hotspot\share\interpreter\linkResolver.cpp, line 773]
Event: 2.152 Thread 0x000002085d5deb30 Exception <a 'java/lang/NoSuchMethodError'{0x00000000c1d502a8}: 'java.lang.Object java.lang.invoke.DirectMethodHandle$Holder.newInvokeSpecial(java.lang.Object, java.lang.Object, int, int)'> (0x00000000c1d502a8) 
thrown [s\src\hotspot\share\interpreter\linkResolver.cpp, line 773]
Event: 2.152 Thread 0x000002085d5deb30 Exception <a 'java/lang/NoSuchMethodError'{0x00000000c1d54430}: 'java.lang.Object java.lang.invoke.DirectMethodHandle$Holder.invokeSpecial(java.lang.Object, java.lang.Object, java.lang.Object, int, int)'> (0x00000000c1d54430) 
thrown [s\src\hotspot\share\interpreter\linkResolver.cpp, line 773]
Event: 2.153 Thread 0x000002085d5deb30 Exception <a 'java/lang/NoSuchMethodError'{0x00000000c1d61d08}: 'java.lang.Object java.lang.invoke.DirectMethodHandle$Holder.newInvokeSpecial(java.lang.Object, java.lang.Object, java.lang.Object, int)'> (0x00000000c1d61d08) 
thrown [s\src\hotspot\share\interpreter\linkResolver.cpp, line 773]
Event: 2.153 Thread 0x000002085d5deb30 Exception <a 'java/lang/NoSuchMethodError'{0x00000000c1d660a8}: 'java.lang.Object java.lang.invoke.DirectMethodHandle$Holder.invokeSpecial(java.lang.Object, java.lang.Object, java.lang.Object, java.lang.Object, int)'> (0x00000000c1d660a8) 
thrown [s\src\hotspot\share\interpreter\linkResolver.cpp, line 773]
Event: 2.153 Thread 0x000002085d5deb30 Exception <a 'java/lang/NoSuchMethodError'{0x00000000c1d69a40}: 'java.lang.Object java.lang.invoke.Invokers$Holder.linkToTargetMethod(java.lang.Object, java.lang.Object, int, java.lang.Object)'> (0x00000000c1d69a40) 
thrown [s\src\hotspot\share\interpreter\linkResolver.cpp, line 773]
Event: 2.269 Thread 0x000002085d5deb30 Implicit null exception at 0x0000020851adfbc0 to 0x0000020851ae03d0
Event: 12.422 Thread 0x0000020864278390 Exception <a 'java/lang/ClassNotFoundException'{0x00000000c5336cf8}: sun/net/www/content/text/javascript> (0x00000000c5336cf8) 
thrown [s\src\hotspot\share\classfile\systemDictionary.cpp, line 312]
Event: 13.612 Thread 0x0000020864278390 Exception <a 'java/io/IOException'{0x00000000c59001d8}> (0x00000000c59001d8) 
thrown [s\src\hotspot\share\prims\jni.cpp, line 520]
Event: 13.612 Thread 0x0000020864278390 Exception <a 'java/io/IOException'{0x00000000c5900578}> (0x00000000c5900578) 
thrown [s\src\hotspot\share\prims\jni.cpp, line 520]
Event: 52.131 Thread 0x000002085d5deb30 Exception <a 'java/io/IOException'{0x00000000c5637b50}> (0x00000000c5637b50) 
thrown [s\src\hotspot\share\prims\jni.cpp, line 520]
Event: 52.131 Thread 0x000002085d5deb30 Exception <a 'java/io/IOException'{0x00000000c5638118}> (0x00000000c5638118) 
thrown [s\src\hotspot\share\prims\jni.cpp, line 520]

ZGC Phase Switch (0 events):
No events

VM Operations (20 events):
Event: 27396.113 Executing VM operation: G1CollectFull (System.gc())
Event: 27396.137 Executing VM operation: G1CollectFull (System.gc()) done
Event: 27411.059 Executing VM operation: G1CollectFull (System.gc())
Event: 27411.087 Executing VM operation: G1CollectFull (System.gc()) done
Event: 27411.087 Executing VM operation: G1CollectFull (System.gc())
Event: 27411.115 Executing VM operation: G1CollectFull (System.gc()) done
Event: 27411.115 Executing VM operation: G1CollectFull (System.gc())
Event: 27411.138 Executing VM operation: G1CollectFull (System.gc()) done
Event: 27426.073 Executing VM operation: G1CollectFull (System.gc())
Event: 27426.094 Executing VM operation: G1CollectFull (System.gc()) done
Event: 27426.094 Executing VM operation: G1CollectFull (System.gc())
Event: 27426.123 Executing VM operation: G1CollectFull (System.gc()) done
Event: 27426.124 Executing VM operation: G1CollectFull (System.gc())
Event: 27426.149 Executing VM operation: G1CollectFull (System.gc()) done
Event: 45424.494 Executing VM operation: G1CollectFull (System.gc())
Event: 45424.513 Executing VM operation: G1CollectFull (System.gc()) done
Event: 45424.513 Executing VM operation: G1CollectFull (System.gc())
Event: 45424.533 Executing VM operation: G1CollectFull (System.gc()) done
Event: 45424.533 Executing VM operation: G1CollectFull (System.gc())
Event: 45424.550 Executing VM operation: G1CollectFull (System.gc()) done

Memory protections (0 events):
No events

Nmethod flushes (20 events):
Event: 17219.458 Thread 0x00000208440d89c0 flushing  nmethod 0x000002084a0a2310
Event: 17549.644 Thread 0x00000208440d89c0 flushing  nmethod 0x000002084a254090
Event: 17834.777 Thread 0x00000208440d89c0 flushing  nmethod 0x000002084a302910
Event: 18780.350 Thread 0x00000208440d89c0 flushing  nmethod 0x000002084a4c5810
Event: 18795.351 Thread 0x00000208440d89c0 flushing  nmethod 0x000002084a56d810
Event: 18840.384 Thread 0x00000208440d89c0 flushing  nmethod 0x000002084a1e9a90
Event: 20056.150 Thread 0x00000208440d89c0 flushing  nmethod 0x000002084a232210
Event: 22112.407 Thread 0x00000208440d89c0 flushing  nmethod 0x000002084a0cba90
Event: 22457.625 Thread 0x00000208440d89c0 flushing  nmethod 0x000002084a2fef90
Event: 22892.880 Thread 0x00000208440d89c0 flushing  nmethod 0x000002084a264310
Event: 23643.254 Thread 0x00000208440d89c0 flushing  nmethod 0x000002084a4fda90
Event: 24003.506 Thread 0x00000208440d89c0 flushing  nmethod 0x000002084a6e5790
Event: 24033.547 Thread 0x00000208440d89c0 flushing  nmethod 0x000002084a3a9710
Event: 24348.692 Thread 0x00000208440d89c0 flushing  nmethod 0x000002084a6b6b10
Event: 24633.867 Thread 0x00000208440d89c0 flushing  nmethod 0x000002084a34d910
Event: 25234.177 Thread 0x00000208440d89c0 flushing  nmethod 0x000002084a0a1410
Event: 25774.462 Thread 0x00000208440d89c0 flushing  nmethod 0x000002084a6fc310
Event: 26104.602 Thread 0x00000208440d89c0 flushing  nmethod 0x000002084a6fbe10
Event: 26104.602 Thread 0x00000208440d89c0 flushing  nmethod 0x000002084a718790
Event: 27050.174 Thread 0x00000208440d89c0 flushing  nmethod 0x0000020849fedf90

Events (20 events):
Event: 288.380 Thread 0x000002085d0db740 Thread added: 0x00000208632e68a0
Event: 288.822 Thread 0x00000208632e68a0 Thread exited: 0x00000208632e68a0
Event: 289.846 Thread 0x000002085d0ccdc0 Thread added: 0x00000208632e68a0
Event: 289.848 Thread 0x00000208632e68a0 Thread added: 0x0000020863dfcfe0
Event: 290.478 Thread 0x0000020863dfcfe0 Thread exited: 0x0000020863dfcfe0
Event: 290.478 Thread 0x00000208632e68a0 Thread exited: 0x00000208632e68a0
Event: 340.869 Thread 0x000002085d0ccdc0 Thread added: 0x00000208632e68a0
Event: 340.872 Thread 0x000002085d0db740 Thread added: 0x0000020863dfcfe0
Event: 341.136 Thread 0x0000020863dfcfe0 Thread exited: 0x0000020863dfcfe0
Event: 341.136 Thread 0x00000208632e68a0 Thread exited: 0x00000208632e68a0
Event: 341.145 Thread 0x000002085d0ccdc0 Thread added: 0x00000208632e68a0
Event: 341.145 Thread 0x000002085d0ccdc0 Thread added: 0x0000020863dfcfe0
Event: 341.825 Thread 0x0000020863dfcfe0 Thread exited: 0x0000020863dfcfe0
Event: 341.826 Thread 0x00000208632e68a0 Thread exited: 0x00000208632e68a0
Event: 574.804 Thread 0x000002085d0db740 Thread added: 0x00000208631c7900
Event: 574.853 Thread 0x000002085d5deb30 Thread added: 0x000002085d5de4a0
Event: 575.166 Thread 0x00000208631c7900 Thread exited: 0x00000208631c7900
Event: 579.865 Thread 0x000002085d5de4a0 Thread exited: 0x000002085d5de4a0
Event: 55247.130 Thread 0x000002085d0db740 Thread added: 0x00000208635e5870
Event: 55247.133 Thread 0x000002085d0ccdc0 Thread added: 0x00000208631c7900


Dynamic libraries:
0x00007ff7203b0000 - 0x00007ff7203be000 	C:\Program Files\Tracker\OpenJDK-21.0.5.jre\bin\java.exe
0x00007ffef4640000 - 0x00007ffef48a7000 	C:\WINDOWS\SYSTEM32\ntdll.dll
0x00007ffef3730000 - 0x00007ffef37f9000 	C:\WINDOWS\System32\KERNEL32.DLL
0x00007ffef1970000 - 0x00007ffef1d64000 	C:\WINDOWS\System32\KERNELBASE.dll
0x00007ffef1d70000 - 0x00007ffef1ebb000 	C:\WINDOWS\System32\ucrtbase.dll
0x00007ffebdc80000 - 0x00007ffebdc9e000 	C:\Program Files\Tracker\OpenJDK-21.0.5.jre\bin\VCRUNTIME140.dll
0x00007ffec75d0000 - 0x00007ffec75e8000 	C:\Program Files\Tracker\OpenJDK-21.0.5.jre\bin\jli.dll
0x00007ffef3cf0000 - 0x00007ffef3eb5000 	C:\WINDOWS\System32\USER32.dll
0x00007ffedab30000 - 0x00007ffedadc3000 	C:\WINDOWS\WinSxS\amd64_microsoft.windows.common-controls_6595b64144ccf1df_6.0.26100.8115_none_3e075c82e3354f9c\COMCTL32.dll
0x00007ffef23a0000 - 0x00007ffef23c7000 	C:\WINDOWS\System32\win32u.dll
0x00007ffef3060000 - 0x00007ffef3109000 	C:\WINDOWS\System32\msvcrt.dll
0x00007ffef3c30000 - 0x00007ffef3c5b000 	C:\WINDOWS\System32\GDI32.dll
0x00007ffef20f0000 - 0x00007ffef221b000 	C:\WINDOWS\System32\gdi32full.dll
0x00007ffef1050000 - 0x00007ffef10f3000 	C:\WINDOWS\System32\msvcp_win.dll
0x00007ffef3bf0000 - 0x00007ffef3c22000 	C:\WINDOWS\System32\IMM32.DLL
0x00007ffedae80000 - 0x00007ffedae8c000 	C:\Program Files\Tracker\OpenJDK-21.0.5.jre\bin\vcruntime140_1.dll
0x00007ffeb9160000 - 0x00007ffeb91ed000 	C:\Program Files\Tracker\OpenJDK-21.0.5.jre\bin\msvcp140.dll
0x00007ffd55450000 - 0x00007ffd561df000 	C:\Program Files\Tracker\OpenJDK-21.0.5.jre\bin\server\jvm.dll
0x00007ffef3b20000 - 0x00007ffef3bd6000 	C:\WINDOWS\System32\ADVAPI32.dll
0x00007ffef2e20000 - 0x00007ffef2ec7000 	C:\WINDOWS\System32\sechost.dll
0x00007ffef2b60000 - 0x00007ffef2c78000 	C:\WINDOWS\System32\RPCRT4.dll
0x00007ffef3c60000 - 0x00007ffef3ce0000 	C:\WINDOWS\System32\WS2_32.dll
0x00007ffef0d90000 - 0x00007ffef0dee000 	C:\WINDOWS\SYSTEM32\POWRPROF.dll
0x00007ffee5c80000 - 0x00007ffee5cb6000 	C:\WINDOWS\SYSTEM32\WINMM.dll
0x00007ffee8500000 - 0x00007ffee850b000 	C:\WINDOWS\SYSTEM32\VERSION.dll
0x00007ffef0d70000 - 0x00007ffef0d84000 	C:\WINDOWS\SYSTEM32\UMPDC.dll
0x00007ffeefbc0000 - 0x00007ffeefbdb000 	C:\WINDOWS\SYSTEM32\kernel.appcore.dll
0x00007ffec75c0000 - 0x00007ffec75ca000 	C:\Program Files\Tracker\OpenJDK-21.0.5.jre\bin\jimage.dll
0x00007ffeeefe0000 - 0x00007ffeef222000 	C:\WINDOWS\SYSTEM32\DBGHELP.DLL
0x00007ffef4270000 - 0x00007ffef45f2000 	C:\WINDOWS\System32\combase.dll
0x00007ffef3860000 - 0x00007ffef3938000 	C:\WINDOWS\System32\OLEAUT32.dll
0x00007ffec4020000 - 0x00007ffec405b000 	C:\WINDOWS\SYSTEM32\dbgcore.DLL
0x00007ffef0f10000 - 0x00007ffef0fb5000 	C:\WINDOWS\System32\bcryptPrimitives.dll
0x00007ffeb9140000 - 0x00007ffeb915f000 	C:\Program Files\Tracker\OpenJDK-21.0.5.jre\bin\java.dll
0x00007ffef23f0000 - 0x00007ffef2b57000 	C:\WINDOWS\System32\SHELL32.dll
0x00007ffef1f80000 - 0x00007ffef20ea000 	C:\WINDOWS\System32\wintypes.dll
0x00007ffef1100000 - 0x00007ffef1968000 	C:\WINDOWS\System32\windows.storage.dll
0x00007ffef3630000 - 0x00007ffef3728000 	C:\WINDOWS\System32\SHCORE.dll
0x00007ffef3f60000 - 0x00007ffef3fc6000 	C:\WINDOWS\System32\shlwapi.dll
0x00007ffef0e30000 - 0x00007ffef0e59000 	C:\WINDOWS\SYSTEM32\profapi.dll
0x00007ffe6f210000 - 0x00007ffe6f2e7000 	C:\Program Files\Tracker\OpenJDK-21.0.5.jre\bin\jsvml.dll
0x00007ffeb9470000 - 0x00007ffeb9480000 	C:\Program Files\Tracker\OpenJDK-21.0.5.jre\bin\net.dll
0x00007ffee8d00000 - 0x00007ffee8e2d000 	C:\WINDOWS\SYSTEM32\WINHTTP.dll
0x00007ffef01b0000 - 0x00007ffef021c000 	C:\WINDOWS\system32\mswsock.dll
0x00007ffea8730000 - 0x00007ffea8746000 	C:\Program Files\Tracker\OpenJDK-21.0.5.jre\bin\nio.dll
0x00007ffea8710000 - 0x00007ffea8728000 	C:\Program Files\Tracker\OpenJDK-21.0.5.jre\bin\zip.dll
0x00007ffe0bbf0000 - 0x00007ffe0bd7e000 	C:\Program Files\Tracker\OpenJDK-21.0.5.jre\bin\awt.dll
0x00007ffeee150000 - 0x00007ffeee1ef000 	C:\WINDOWS\SYSTEM32\apphelp.dll
0x00007ffeee360000 - 0x00007ffeee409000 	C:\WINDOWS\system32\uxtheme.dll
0x00007ffef2ed0000 - 0x00007ffef302c000 	C:\WINDOWS\System32\MSCTF.dll
0x00007ffef2c80000 - 0x00007ffef2e17000 	C:\WINDOWS\System32\ole32.dll
0x00007ffeee5e0000 - 0x00007ffeee60f000 	C:\WINDOWS\system32\DWMAPI.DLL
0x00007ffea86a0000 - 0x00007ffea86ae000 	C:\Program Files\Tracker\OpenJDK-21.0.5.jre\bin\sunmscapi.dll
0x00007ffef2220000 - 0x00007ffef2397000 	C:\WINDOWS\System32\CRYPT32.dll
0x00007ffef0710000 - 0x00007ffef0740000 	C:\WINDOWS\SYSTEM32\ncrypt.dll
0x00007ffef06c0000 - 0x00007ffef06ff000 	C:\WINDOWS\SYSTEM32\NTASN1.dll
0x00007ffeb0710000 - 0x00007ffeb081f000 	C:\WINDOWS\system32\opengl32.dll
0x00007ffeb2770000 - 0x00007ffeb279d000 	C:\WINDOWS\SYSTEM32\GLU32.dll
0x00007ffeee620000 - 0x00007ffeee663000 	C:\WINDOWS\SYSTEM32\dxcore.dll
0x00007ffeb49e0000 - 0x00007ffeb4a95000 	C:\WINDOWS\WinSxS\amd64_microsoft.windows.common-controls_6595b64144ccf1df_5.82.26100.8115_none_87ecef177a2e8a19\comctl32.dll
0x00007ffef05b0000 - 0x00007ffef05cb000 	C:\WINDOWS\SYSTEM32\CRYPTSP.dll
0x00007ffeefbe0000 - 0x00007ffeefc19000 	C:\WINDOWS\system32\rsaenh.dll
0x00007ffef0260000 - 0x00007ffef0293000 	C:\WINDOWS\SYSTEM32\USERENV.dll
0x00007ffef0e00000 - 0x00007ffef0e2a000 	C:\WINDOWS\SYSTEM32\bcrypt.dll
0x00007ffef0410000 - 0x00007ffef041c000 	C:\WINDOWS\SYSTEM32\CRYPTBASE.dll
0x00007ffeef640000 - 0x00007ffeef672000 	C:\WINDOWS\SYSTEM32\IPHLPAPI.DLL
0x00007ffef35a0000 - 0x00007ffef35aa000 	C:\WINDOWS\System32\NSI.dll
0x00007ffe68f60000 - 0x00007ffe68fe7000 	C:\Program Files\Tracker\OpenJDK-21.0.5.jre\bin\freetype.dll
0x00007ffe0bb10000 - 0x00007ffe0bbeb000 	C:\Program Files\Tracker\OpenJDK-21.0.5.jre\bin\fontmanager.dll
0x00007ffef41b0000 - 0x00007ffef425e000 	C:\WINDOWS\System32\clbcatq.dll
0x00007ffee9740000 - 0x00007ffee9843000 	C:\WINDOWS\SYSTEM32\PROPSYS.dll
0x00007ffebcc00000 - 0x00007ffebccc0000 	C:\Windows\System32\Windows.FileExplorer.Common.dll
0x00007ffef0a50000 - 0x00007ffef0aa1000 	C:\WINDOWS\SYSTEM32\CFGMGR32.dll
0x00007ffed7210000 - 0x00007ffed73ef000 	C:\Windows\System32\urlmon.dll
0x00007ffed6f40000 - 0x00007ffed7204000 	C:\Windows\System32\iertutil.dll
0x00007ffed6f00000 - 0x00007ffed6f29000 	C:\Windows\System32\srvcli.dll
0x00007ffeef600000 - 0x00007ffeef60d000 	C:\Windows\System32\netutils.dll
0x00007ffeef6d0000 - 0x00007ffeef802000 	C:\WINDOWS\SYSTEM32\DNSAPI.dll
0x00007ffee8650000 - 0x00007ffee865b000 	C:\Windows\System32\rasadhlp.dll
0x00007ffee9e50000 - 0x00007ffee9ed6000 	C:\WINDOWS\System32\fwpuclnt.dll
0x00007ffea5050000 - 0x00007ffea5059000 	C:\Program Files\Tracker\OpenJDK-21.0.5.jre\bin\extnet.dll
0x00007ffebc8c0000 - 0x00007ffebc9f7000 	C:\WINDOWS\system32\Windows.Storage.Search.dll
0x00007ffebd400000 - 0x00007ffebd578000 	C:\Windows\System32\Windows.System.Launcher.dll
0x00007ffee54b0000 - 0x00007ffee54cd000 	C:\WINDOWS\SYSTEM32\windows.staterepositorycore.dll
0x00007ffec9b90000 - 0x00007ffec9c51000 	C:\WINDOWS\System32\StructuredQuery.dll
0x00007ffec9870000 - 0x00007ffec9b0e000 	C:\WINDOWS\System32\icu.dll
0x00007ffe9a6f0000 - 0x00007ffe9a70b000 	C:\WINDOWS\system32\NetworkExplorer.dll
0x00007ffee9b50000 - 0x00007ffee9c04000 	C:\WINDOWS\SYSTEM32\policymanager.dll
0x00007ffed6cc0000 - 0x00007ffed6de0000 	C:\Windows\System32\SystemSettings.DataModel.dll
0x00007ffeef3e0000 - 0x00007ffeef40d000 	C:\WINDOWS\SYSTEM32\slc.dll
0x00007ffeeff00000 - 0x00007ffeeff49000 	C:\WINDOWS\SYSTEM32\SspiCli.dll
0x00007ffebd720000 - 0x00007ffebd7ea000 	C:\Windows\System32\OneCoreCommonProxyStub.dll
0x00007ffedde00000 - 0x00007ffede453000 	C:\Windows\System32\OneCoreUAPCommonProxyStub.dll
0x00007ffebdf30000 - 0x00007ffebdff4000 	C:\Windows\System32\Windows.StateRepositoryPS.dll
0x00007ffec7ec0000 - 0x00007ffec7f07000 	C:\WINDOWS\SYSTEM32\windows.staterepositoryclient.dll
0x00007ffebc840000 - 0x00007ffebc872000 	C:\Windows\System32\cldapi.dll
0x00007ffebc720000 - 0x00007ffebc749000 	C:\WINDOWS\SYSTEM32\edputil.dll
0x00007ffedc4a0000 - 0x00007ffedc53c000 	C:\Windows\System32\Windows.Web.dll
0x00007ffedcea0000 - 0x00007ffedcec1000 	C:\WINDOWS\SYSTEM32\MPR.dll
0x00007ffee9d30000 - 0x00007ffee9d52000 	C:\WINDOWS\System32\p9np.dll
0x00007ffee77c0000 - 0x00007ffee77cd000 	C:\WINDOWS\System32\drprov.dll
0x00007ffedd090000 - 0x00007ffedd0b4000 	C:\WINDOWS\System32\ntlanman.dll
0x00007ffec68f0000 - 0x00007ffec6911000 	C:\WINDOWS\System32\davclnt.dll
0x00007ffef0c10000 - 0x00007ffef0c72000 	C:\WINDOWS\System32\WINSTA.dll
0x00007ffeaf7f0000 - 0x00007ffeaf83f000 	C:\Windows\System32\vaultcli.dll
0x00007ffee7ba0000 - 0x00007ffee7bbb000 	C:\WINDOWS\System32\wkscli.dll
0x00007ffec43f0000 - 0x00007ffec4403000 	C:\WINDOWS\SYSTEM32\cscapi.dll
0x00007ffea86b0000 - 0x00007ffea8702000 	C:\Windows\System32\dlnashext.dll
0x00007ffe68f00000 - 0x00007ffe68f5d000 	C:\Windows\System32\PlayToDevice.dll
0x00007ffec47b0000 - 0x00007ffec47dd000 	C:\Windows\System32\DevDispItemProvider.dll
0x00007ffedf240000 - 0x00007ffedf2d7000 	C:\WINDOWS\System32\MMDevApi.dll
0x00007ffef0ab0000 - 0x00007ffef0add000 	C:\WINDOWS\System32\DEVOBJ.dll
0x00007ffe0ba60000 - 0x00007ffe0bb06000 	C:\WINDOWS\system32\wpdshext.dll
0x00007ffeaebd0000 - 0x00007ffeaeda8000 	C:\WINDOWS\WinSxS\amd64_microsoft.windows.gdiplus_6595b64144ccf1df_1.1.26100.8246_none_6ef5395a3dc52f61\gdiplus.dll
0x00007ffe75680000 - 0x00007ffe75720000 	C:\Windows\System32\PortableDeviceApi.dll
0x00007ffef3110000 - 0x00007ffef3597000 	C:\WINDOWS\System32\SETUPAPI.dll
0x00007ffef0fc0000 - 0x00007ffef1042000 	C:\WINDOWS\System32\WINTRUST.dll
0x00007ffef0610000 - 0x00007ffef0623000 	C:\WINDOWS\SYSTEM32\MSASN1.dll
0x00007ffe94bf0000 - 0x00007ffe94c31000 	C:\Windows\System32\EhStorShell.dll
0x00007ffe9ddc0000 - 0x00007ffe9dde5000 	C:\Windows\System32\EhStorAPI.dll
0x00007ffeeb3f0000 - 0x00007ffeeb419000 	C:\Windows\System32\WTSAPI32.dll
0x00007ffea2a90000 - 0x00007ffea2a9f000 	C:\WINDOWS\SYSTEM32\LINKINFO.dll
0x00007ffea22a0000 - 0x00007ffea22b0000 	C:\Program Files\Tracker\OpenJDK-21.0.5.jre\bin\verify.dll
0x000000006e740000 - 0x00000000707f7000 	C:\Users\Diego\AppData\Local\Temp\xuggle\xuggle456892457061460625.dll
0x00007ffeea690000 - 0x00007ffeea69d000 	C:\WINDOWS\SYSTEM32\Secur32.dll
0x00007ffe99c60000 - 0x00007ffe99c7b000 	C:\WINDOWS\SYSTEM32\AVICAP32.dll
0x00007ffe68ed0000 - 0x00007ffe68efc000 	C:\WINDOWS\SYSTEM32\MSVFW32.dll
0x00007ffe6f200000 - 0x00007ffe6f20a000 	C:\Program Files\Tracker\OpenJDK-21.0.5.jre\bin\management.dll

dbghelp: loaded successfully - version: 4.0.5 - missing functions: none
symbol engine: initialized successfully - sym options: 0x614 - pdb path: .;C:\Program Files\Tracker\OpenJDK-21.0.5.jre\bin;C:\WINDOWS\SYSTEM32;C:\WINDOWS\WinSxS\amd64_microsoft.windows.common-controls_6595b64144ccf1df_6.0.26100.8115_none_3e075c82e3354f9c;C:\Program Files\Tracker\OpenJDK-21.0.5.jre\bin\server;C:\WINDOWS\WinSxS\amd64_microsoft.windows.common-controls_6595b64144ccf1df_5.82.26100.8115_none_87ecef177a2e8a19;C:\WINDOWS\WinSxS\amd64_microsoft.windows.gdiplus_6595b64144ccf1df_1.1.26100.8246_none_6ef5395a3dc52f61;C:\Users\Diego\AppData\Local\Temp\xuggle

VM Arguments:
jvm_args: -Dsun.awt.fontconfig=C:\Program Files\Tracker\fontconfig.properties -Xms32m -Xmx1024m 
java_command: C:/Program Files/Tracker/tracker.jar C:\Users\Diego\OneDrive - Stellenbosch University\Masters\Robotics\Kalman Filter\Real Video.trk
java_class_path (initial): C:/Program Files/Tracker/tracker.jar
Launcher Type: SUN_STANDARD

[Global flags]
     intx CICompilerCount                          = 4                                         {product} {ergonomic}
     uint ConcGCThreads                            = 2                                         {product} {ergonomic}
     uint G1ConcRefinementThreads                  = 8                                         {product} {ergonomic}
   size_t G1HeapRegionSize                         = 1048576                                   {product} {ergonomic}
    uintx GCDrainStackTargetSize                   = 64                                        {product} {ergonomic}
   size_t InitialHeapSize                          = 33554432                                  {product} {command line}
   size_t MarkStackSize                            = 4194304                                   {product} {ergonomic}
   size_t MaxHeapSize                              = 1073741824                                {product} {command line}
   size_t MaxNewSize                               = 643825664                                 {product} {ergonomic}
   size_t MinHeapDeltaBytes                        = 1048576                                   {product} {ergonomic}
   size_t MinHeapSize                              = 33554432                                  {product} {command line}
    uintx NonNMethodCodeHeapSize                   = 5839372                                {pd product} {ergonomic}
    uintx NonProfiledCodeHeapSize                  = 122909434                              {pd product} {ergonomic}
    uintx ProfiledCodeHeapSize                     = 122909434                              {pd product} {ergonomic}
    uintx ReservedCodeCacheSize                    = 251658240                              {pd product} {ergonomic}
     bool SegmentedCodeCache                       = true                                      {product} {ergonomic}
   size_t SoftMaxHeapSize                          = 1073741824                             {manageable} {ergonomic}
     bool UseCompressedOops                        = true                           {product lp64_product} {ergonomic}
     bool UseG1GC                                  = true                                      {product} {ergonomic}
     bool UseLargePagesIndividualAllocation        = false                                  {pd product} {ergonomic}

Logging:
Log output configuration:
 #0: stdout all=warning uptime,level,tags foldmultilines=false
 #1: stderr all=off uptime,level,tags foldmultilines=false

Environment Variables:
PATH=C:\WINDOWS\system32;C:\WINDOWS;C:\WINDOWS\System32\Wbem;C:\WINDOWS\System32\WindowsPowerShell\v1.0\;C:\WINDOWS\System32\OpenSSH\;C:\Program Files\dotnet\;C:\Program Files\MATLAB\R2026a\runtime\win64;C:\Program Files\MATLAB\R2026a\bin;C:\Program Files\MATLAB\R2024b\runtime\win64;C:\Program Files\MATLAB\R2024b\bin;C:\Program Files\Git\cmd;C:\Users\Diego\AppData\Local\Microsoft\WindowsApps;C:\Users\Diego\AppData\Local\Programs\MiKTeX\miktex\bin\x64\;C:\Users\Diego\AppData\Local\Python\bin;C:\Users\Diego\AppData\Local\Programs\Microsoft VS Code\bin;C:\Users\Diego\AppData\Local\GitHubDesktop\bin;C:\Program Files\Tracker\OpenJDK-21.0.5.jre\bin
USERNAME=Diego
OS=Windows_NT
PROCESSOR_IDENTIFIER=Intel64 Family 6 Model 140 Stepping 1, GenuineIntel
TMP=C:\Users\Diego\AppData\Local\Temp
TEMP=C:\Users\Diego\AppData\Local\Temp




Periodic native trim disabled

---------------  S Y S T E M  ---------------

OS:
 Windows 11 , 64 bit Build 26100 (10.0.26100.8246)
OS uptime: 5 days 2:06 hours
Hyper-V role detected

CPU: total 8 (initial active 8) (4 cores per cpu, 2 threads per core) family 6 model 140 stepping 1 microcode 0xbe, cx8, cmov, fxsr, ht, mmx, 3dnowpref, sse, sse2, sse3, ssse3, sse4.1, sse4.2, popcnt, lzcnt, tsc, tscinvbit, avx, avx2, aes, erms, clmul, bmi1, bmi2, adx, avx512f, avx512dq, avx512cd, avx512bw, avx512vl, sha, fma, vzeroupper, avx512_vpopcntdq, avx512_vpclmulqdq, avx512_vaes, avx512_vnni, clflush, clflushopt, clwb, avx512_vbmi2, avx512_vbmi, hv, rdtscp, rdpid, fsrm, gfni, avx512_bitalg, f16c, cet_ibt, cet_ss, avx512_ifma
Processor Information for all 8 processors :
  Max Mhz: 1382, Current Mhz: 1382, Mhz Limit: 1382

Memory: 4k page, system-wide physical 15781M (5499M free)
TotalPageFile size 20828M (AvailPageFile size 5186M)
current process WorkingSet (physical memory assigned to process): 93M, peak: 232M
current process commit charge ("private bytes"): 248M, peak: 307M

vm_info: OpenJDK 64-Bit Server VM (21.0.5+11-LTS) for windows-amd64 JRE (21.0.5+11-LTS), built on 2024-10-15T00:00:00Z by "admin" with MS VC++ 17.7 (VS2022)

END.
